[2024-02-24 07:58:35] local.ERROR: No application encryption key has been specified. {"exception":"[object] (Illuminate\\Encryption\\MissingAppKeyException(code: 0): No application encryption key has been specified. at /home/aung/Project/Practice/laravel-pusher-chat/vendor/laravel/framework/src/Illuminate/Encryption/EncryptionServiceProvider.php:79)
[stacktrace]
#0 /home/aung/Project/Practice/laravel-pusher-chat/vendor/laravel/framework/src/Illuminate/Support/helpers.php(307): Illuminate\\Encryption\\EncryptionServiceProvider->Illuminate\\Encryption\\{closure}()
#1 /home/aung/Project/Practice/laravel-pusher-chat/vendor/laravel/framework/src/Illuminate/Encryption/EncryptionServiceProvider.php(77): tap()
#2 /home/aung/Project/Practice/laravel-pusher-chat/vendor/laravel/framework/src/Illuminate/Encryption/EncryptionServiceProvider.php(60): Illuminate\\Encryption\\EncryptionServiceProvider->key()
#3 /home/aung/Project/Practice/laravel-pusher-chat/vendor/laravel/framework/src/Illuminate/Encryption/EncryptionServiceProvider.php(32): Illuminate\\Encryption\\EncryptionServiceProvider->parseKey()
#4 /home/aung/Project/Practice/laravel-pusher-chat/vendor/laravel/framework/src/Illuminate/Container/Container.php(908): Illuminate\\Encryption\\EncryptionServiceProvider->Illuminate\\Encryption\\{closure}()
#5 /home/aung/Project/Practice/laravel-pusher-chat/vendor/laravel/framework/src/Illuminate/Container/Container.php(795): Illuminate\\Container\\Container->build()
#6 /home/aung/Project/Practice/laravel-pusher-chat/vendor/laravel/framework/src/Illuminate/Foundation/Application.php(957): Illuminate\\Container\\Container->resolve()
#7 /home/aung/Project/Practice/laravel-pusher-chat/vendor/laravel/framework/src/Illuminate/Container/Container.php(731): Illuminate\\Foundation\\Application->resolve()
#8 /home/aung/Project/Practice/laravel-pusher-chat/vendor/laravel/framework/src/Illuminate/Foundation/Application.php(942): Illuminate\\Container\\Container->make()
#9 /home/aung/Project/Practice/laravel-pusher-chat/vendor/laravel/framework/src/Illuminate/Container/Container.php(1066): Illuminate\\Foundation\\Application->make()
#10 /home/aung/Project/Practice/laravel-pusher-chat/vendor/laravel/framework/src/Illuminate/Container/Container.php(982): Illuminate\\Container\\Container->resolveClass()
#11 /home/aung/Project/Practice/laravel-pusher-chat/vendor/laravel/framework/src/Illuminate/Container/Container.php(943): Illuminate\\Container\\Container->resolveDependencies()
#12 /home/aung/Project/Practice/laravel-pusher-chat/vendor/laravel/framework/src/Illuminate/Container/Container.php(795): Illuminate\\Container\\Container->build()
#13 /home/aung/Project/Practice/laravel-pusher-chat/vendor/laravel/framework/src/Illuminate/Foundation/Application.php(957): Illuminate\\Container\\Container->resolve()
#14 /home/aung/Project/Practice/laravel-pusher-chat/vendor/laravel/framework/src/Illuminate/Container/Container.php(731): Illuminate\\Foundation\\Application->resolve()
#15 /home/aung/Project/Practice/laravel-pusher-chat/vendor/laravel/framework/src/Illuminate/Foundation/Application.php(942): Illuminate\\Container\\Container->make()
#16 /home/aung/Project/Practice/laravel-pusher-chat/vendor/laravel/framework/src/Illuminate/Pipeline/Pipeline.php(172): Illuminate\\Foundation\\Application->make()
#17 /home/aung/Project/Practice/laravel-pusher-chat/vendor/laravel/framework/src/Illuminate/Pipeline/Pipeline.php(119): Illuminate\\Pipeline\\Pipeline->Illuminate\\Pipeline\\{closure}()
#18 /home/aung/Project/Practice/laravel-pusher-chat/vendor/laravel/framework/src/Illuminate/Routing/Router.php(805): Illuminate\\Pipeline\\Pipeline->then()
#19 /home/aung/Project/Practice/laravel-pusher-chat/vendor/laravel/framework/src/Illuminate/Routing/Router.php(784): Illuminate\\Routing\\Router->runRouteWithinStack()
#20 /home/aung/Project/Practice/laravel-pusher-chat/vendor/laravel/framework/src/Illuminate/Routing/Router.php(748): Illuminate\\Routing\\Router->runRoute()
#21 /home/aung/Project/Practice/laravel-pusher-chat/vendor/laravel/framework/src/Illuminate/Routing/Router.php(737): Illuminate\\Routing\\Router->dispatchToRoute()
#22 /home/aung/Project/Practice/laravel-pusher-chat/vendor/laravel/framework/src/Illuminate/Foundation/Http/Kernel.php(200): Illuminate\\Routing\\Router->dispatch()
#23 /home/aung/Project/Practice/laravel-pusher-chat/vendor/laravel/framework/src/Illuminate/Pipeline/Pipeline.php(144): Illuminate\\Foundation\\Http\\Kernel->Illuminate\\Foundation\\Http\\{closure}()
#24 /home/aung/Project/Practice/laravel-pusher-chat/vendor/laravel/framework/src/Illuminate/Foundation/Http/Middleware/TransformsRequest.php(21): Illuminate\\Pipeline\\Pipeline->Illuminate\\Pipeline\\{closure}()
#25 /home/aung/Project/Practice/laravel-pusher-chat/vendor/laravel/framework/src/Illuminate/Foundation/Http/Middleware/ConvertEmptyStringsToNull.php(31): Illuminate\\Foundation\\Http\\Middleware\\TransformsRequest->handle()
#26 /home/aung/Project/Practice/laravel-pusher-chat/vendor/laravel/framework/src/Illuminate/Pipeline/Pipeline.php(183): Illuminate\\Foundation\\Http\\Middleware\\ConvertEmptyStringsToNull->handle()
#27 /home/aung/Project/Practice/laravel-pusher-chat/vendor/laravel/framework/src/Illuminate/Foundation/Http/Middleware/TransformsRequest.php(21): Illuminate\\Pipeline\\Pipeline->Illuminate\\Pipeline\\{closure}()
#28 /home/aung/Project/Practice/laravel-pusher-chat/vendor/laravel/framework/src/Illuminate/Foundation/Http/Middleware/TrimStrings.php(40): Illuminate\\Foundation\\Http\\Middleware\\TransformsRequest->handle()
#29 /home/aung/Project/Practice/laravel-pusher-chat/vendor/laravel/framework/src/Illuminate/Pipeline/Pipeline.php(183): Illuminate\\Foundation\\Http\\Middleware\\TrimStrings->handle()
#30 /home/aung/Project/Practice/laravel-pusher-chat/vendor/laravel/framework/src/Illuminate/Foundation/Http/Middleware/ValidatePostSize.php(27): Illuminate\\Pipeline\\Pipeline->Illuminate\\Pipeline\\{closure}()
#31 /home/aung/Project/Practice/laravel-pusher-chat/vendor/laravel/framework/src/Illuminate/Pipeline/Pipeline.php(183): Illuminate\\Foundation\\Http\\Middleware\\ValidatePostSize->handle()
#32 /home/aung/Project/Practice/laravel-pusher-chat/vendor/laravel/framework/src/Illuminate/Foundation/Http/Middleware/PreventRequestsDuringMaintenance.php(99): Illuminate\\Pipeline\\Pipeline->Illuminate\\Pipeline\\{closure}()
#33 /home/aung/Project/Practice/laravel-pusher-chat/vendor/laravel/framework/src/Illuminate/Pipeline/Pipeline.php(183): Illuminate\\Foundation\\Http\\Middleware\\PreventRequestsDuringMaintenance->handle()
#34 /home/aung/Project/Practice/laravel-pusher-chat/vendor/laravel/framework/src/Illuminate/Http/Middleware/HandleCors.php(49): Illuminate\\Pipeline\\Pipeline->Illuminate\\Pipeline\\{closure}()
#35 /home/aung/Project/Practice/laravel-pusher-chat/vendor/laravel/framework/src/Illuminate/Pipeline/Pipeline.php(183): Illuminate\\Http\\Middleware\\HandleCors->handle()
#36 /home/aung/Project/Practice/laravel-pusher-chat/vendor/laravel/framework/src/Illuminate/Http/Middleware/TrustProxies.php(39): Illuminate\\Pipeline\\Pipeline->Illuminate\\Pipeline\\{closure}()
#37 /home/aung/Project/Practice/laravel-pusher-chat/vendor/laravel/framework/src/Illuminate/Pipeline/Pipeline.php(183): Illuminate\\Http\\Middleware\\TrustProxies->handle()
#38 /home/aung/Project/Practice/laravel-pusher-chat/vendor/laravel/framework/src/Illuminate/Pipeline/Pipeline.php(119): Illuminate\\Pipeline\\Pipeline->Illuminate\\Pipeline\\{closure}()
#39 /home/aung/Project/Practice/laravel-pusher-chat/vendor/laravel/framework/src/Illuminate/Foundation/Http/Kernel.php(175): Illuminate\\Pipeline\\Pipeline->then()
#40 /home/aung/Project/Practice/laravel-pusher-chat/vendor/laravel/framework/src/Illuminate/Foundation/Http/Kernel.php(144): Illuminate\\Foundation\\Http\\Kernel->sendRequestThroughRouter()
#41 /home/aung/Project/Practice/laravel-pusher-chat/public/index.php(51): Illuminate\\Foundation\\Http\\Kernel->handle()
#42 /home/aung/Project/Practice/laravel-pusher-chat/vendor/laravel/framework/src/Illuminate/Foundation/resources/server.php(16): require_once('...')
#43 {main}
"} 
[2024-02-24 07:58:35] local.ERROR: No application encryption key has been specified. {"exception":"[object] (Illuminate\\Encryption\\MissingAppKeyException(code: 0): No application encryption key has been specified. at /home/aung/Project/Practice/laravel-pusher-chat/vendor/laravel/framework/src/Illuminate/Encryption/EncryptionServiceProvider.php:79)
[stacktrace]
#0 /home/aung/Project/Practice/laravel-pusher-chat/vendor/laravel/framework/src/Illuminate/Support/helpers.php(307): Illuminate\\Encryption\\EncryptionServiceProvider->Illuminate\\Encryption\\{closure}()
#1 /home/aung/Project/Practice/laravel-pusher-chat/vendor/laravel/framework/src/Illuminate/Encryption/EncryptionServiceProvider.php(77): tap()
#2 /home/aung/Project/Practice/laravel-pusher-chat/vendor/laravel/framework/src/Illuminate/Encryption/EncryptionServiceProvider.php(60): Illuminate\\Encryption\\EncryptionServiceProvider->key()
#3 /home/aung/Project/Practice/laravel-pusher-chat/vendor/laravel/framework/src/Illuminate/Encryption/EncryptionServiceProvider.php(32): Illuminate\\Encryption\\EncryptionServiceProvider->parseKey()
#4 /home/aung/Project/Practice/laravel-pusher-chat/vendor/laravel/framework/src/Illuminate/Container/Container.php(908): Illuminate\\Encryption\\EncryptionServiceProvider->Illuminate\\Encryption\\{closure}()
#5 /home/aung/Project/Practice/laravel-pusher-chat/vendor/laravel/framework/src/Illuminate/Container/Container.php(795): Illuminate\\Container\\Container->build()
#6 /home/aung/Project/Practice/laravel-pusher-chat/vendor/laravel/framework/src/Illuminate/Foundation/Application.php(957): Illuminate\\Container\\Container->resolve()
#7 /home/aung/Project/Practice/laravel-pusher-chat/vendor/laravel/framework/src/Illuminate/Container/Container.php(731): Illuminate\\Foundation\\Application->resolve()
#8 /home/aung/Project/Practice/laravel-pusher-chat/vendor/laravel/framework/src/Illuminate/Foundation/Application.php(942): Illuminate\\Container\\Container->make()
#9 /home/aung/Project/Practice/laravel-pusher-chat/vendor/laravel/framework/src/Illuminate/Container/Container.php(1066): Illuminate\\Foundation\\Application->make()
#10 /home/aung/Project/Practice/laravel-pusher-chat/vendor/laravel/framework/src/Illuminate/Container/Container.php(982): Illuminate\\Container\\Container->resolveClass()
#11 /home/aung/Project/Practice/laravel-pusher-chat/vendor/laravel/framework/src/Illuminate/Container/Container.php(943): Illuminate\\Container\\Container->resolveDependencies()
#12 /home/aung/Project/Practice/laravel-pusher-chat/vendor/laravel/framework/src/Illuminate/Container/Container.php(795): Illuminate\\Container\\Container->build()
#13 /home/aung/Project/Practice/laravel-pusher-chat/vendor/laravel/framework/src/Illuminate/Foundation/Application.php(957): Illuminate\\Container\\Container->resolve()
#14 /home/aung/Project/Practice/laravel-pusher-chat/vendor/laravel/framework/src/Illuminate/Container/Container.php(731): Illuminate\\Foundation\\Application->resolve()
#15 /home/aung/Project/Practice/laravel-pusher-chat/vendor/laravel/framework/src/Illuminate/Foundation/Application.php(942): Illuminate\\Container\\Container->make()
#16 /home/aung/Project/Practice/laravel-pusher-chat/vendor/laravel/framework/src/Illuminate/Foundation/Http/Kernel.php(255): Illuminate\\Foundation\\Application->make()
#17 /home/aung/Project/Practice/laravel-pusher-chat/vendor/laravel/framework/src/Illuminate/Foundation/Http/Kernel.php(213): Illuminate\\Foundation\\Http\\Kernel->terminateMiddleware()
#18 /home/aung/Project/Practice/laravel-pusher-chat/public/index.php(55): Illuminate\\Foundation\\Http\\Kernel->terminate()
#19 /home/aung/Project/Practice/laravel-pusher-chat/vendor/laravel/framework/src/Illuminate/Foundation/resources/server.php(16): require_once('...')
#20 {main}
"} 
[2024-02-24 07:58:49] local.ERROR: Vite manifest not found at: /home/aung/Project/Practice/laravel-pusher-chat/public/build/manifest.json {"view":{"view":"/home/aung/Project/Practice/laravel-pusher-chat/resources/views/layouts/app.blade.php","data":[]},"exception":"[object] (Spatie\\LaravelIgnition\\Exceptions\\ViewException(code: 0): Vite manifest not found at: /home/aung/Project/Practice/laravel-pusher-chat/public/build/manifest.json at /home/aung/Project/Practice/laravel-pusher-chat/vendor/laravel/framework/src/Illuminate/Foundation/Vite.php:728)
[stacktrace]
#0 /home/aung/Project/Practice/laravel-pusher-chat/vendor/laravel/framework/src/Illuminate/Foundation/Vite.php(293): Illuminate\\Foundation\\Vite->manifest()
#1 /home/aung/Project/Practice/laravel-pusher-chat/resources/views/layouts/app.blade.php(46): Illuminate\\Foundation\\Vite->__invoke()
#2 /home/aung/Project/Practice/laravel-pusher-chat/vendor/laravel/framework/src/Illuminate/Filesystem/Filesystem.php(124): require('...')
#3 /home/aung/Project/Practice/laravel-pusher-chat/vendor/laravel/framework/src/Illuminate/Filesystem/Filesystem.php(125): Illuminate\\Filesystem\\Filesystem::Illuminate\\Filesystem\\{closure}()
#4 /home/aung/Project/Practice/laravel-pusher-chat/vendor/laravel/framework/src/Illuminate/View/Engines/PhpEngine.php(58): Illuminate\\Filesystem\\Filesystem->getRequire()
#5 /home/aung/Project/Practice/laravel-pusher-chat/vendor/laravel/framework/src/Illuminate/View/Engines/CompilerEngine.php(72): Illuminate\\View\\Engines\\PhpEngine->evaluatePath()
#6 /home/aung/Project/Practice/laravel-pusher-chat/vendor/laravel/framework/src/Illuminate/View/View.php(207): Illuminate\\View\\Engines\\CompilerEngine->get()
#7 /home/aung/Project/Practice/laravel-pusher-chat/vendor/laravel/framework/src/Illuminate/View/View.php(190): Illuminate\\View\\View->getContents()
#8 /home/aung/Project/Practice/laravel-pusher-chat/vendor/laravel/framework/src/Illuminate/View/View.php(159): Illuminate\\View\\View->renderContents()
#9 /home/aung/Project/Practice/laravel-pusher-chat/resources/views/login.blade.php(19): Illuminate\\View\\View->render()
#10 /home/aung/Project/Practice/laravel-pusher-chat/vendor/laravel/framework/src/Illuminate/Filesystem/Filesystem.php(124): require('...')
#11 /home/aung/Project/Practice/laravel-pusher-chat/vendor/laravel/framework/src/Illuminate/Filesystem/Filesystem.php(125): Illuminate\\Filesystem\\Filesystem::Illuminate\\Filesystem\\{closure}()
#12 /home/aung/Project/Practice/laravel-pusher-chat/vendor/laravel/framework/src/Illuminate/View/Engines/PhpEngine.php(58): Illuminate\\Filesystem\\Filesystem->getRequire()
#13 /home/aung/Project/Practice/laravel-pusher-chat/vendor/laravel/framework/src/Illuminate/View/Engines/CompilerEngine.php(72): Illuminate\\View\\Engines\\PhpEngine->evaluatePath()
#14 /home/aung/Project/Practice/laravel-pusher-chat/vendor/laravel/framework/src/Illuminate/View/View.php(207): Illuminate\\View\\Engines\\CompilerEngine->get()
#15 /home/aung/Project/Practice/laravel-pusher-chat/vendor/laravel/framework/src/Illuminate/View/View.php(190): Illuminate\\View\\View->getContents()
#16 /home/aung/Project/Practice/laravel-pusher-chat/vendor/laravel/framework/src/Illuminate/View/View.php(159): Illuminate\\View\\View->renderContents()
#17 /home/aung/Project/Practice/laravel-pusher-chat/vendor/laravel/framework/src/Illuminate/Http/Response.php(69): Illuminate\\View\\View->render()
#18 /home/aung/Project/Practice/laravel-pusher-chat/vendor/laravel/framework/src/Illuminate/Http/Response.php(35): Illuminate\\Http\\Response->setContent()
#19 /home/aung/Project/Practice/laravel-pusher-chat/vendor/laravel/framework/src/Illuminate/Routing/Router.php(918): Illuminate\\Http\\Response->__construct()
#20 /home/aung/Project/Practice/laravel-pusher-chat/vendor/laravel/framework/src/Illuminate/Routing/Router.php(885): Illuminate\\Routing\\Router::toResponse()
#21 /home/aung/Project/Practice/laravel-pusher-chat/vendor/laravel/framework/src/Illuminate/Routing/Router.php(805): Illuminate\\Routing\\Router->prepareResponse()
#22 /home/aung/Project/Practice/laravel-pusher-chat/vendor/laravel/framework/src/Illuminate/Pipeline/Pipeline.php(144): Illuminate\\Routing\\Router->Illuminate\\Routing\\{closure}()
#23 /home/aung/Project/Practice/laravel-pusher-chat/vendor/laravel/framework/src/Illuminate/Routing/Middleware/SubstituteBindings.php(50): Illuminate\\Pipeline\\Pipeline->Illuminate\\Pipeline\\{closure}()
#24 /home/aung/Project/Practice/laravel-pusher-chat/vendor/laravel/framework/src/Illuminate/Pipeline/Pipeline.php(183): Illuminate\\Routing\\Middleware\\SubstituteBindings->handle()
#25 /home/aung/Project/Practice/laravel-pusher-chat/vendor/laravel/framework/src/Illuminate/Foundation/Http/Middleware/VerifyCsrfToken.php(78): Illuminate\\Pipeline\\Pipeline->Illuminate\\Pipeline\\{closure}()
#26 /home/aung/Project/Practice/laravel-pusher-chat/vendor/laravel/framework/src/Illuminate/Pipeline/Pipeline.php(183): Illuminate\\Foundation\\Http\\Middleware\\VerifyCsrfToken->handle()
#27 /home/aung/Project/Practice/laravel-pusher-chat/vendor/laravel/framework/src/Illuminate/View/Middleware/ShareErrorsFromSession.php(49): Illuminate\\Pipeline\\Pipeline->Illuminate\\Pipeline\\{closure}()
#28 /home/aung/Project/Practice/laravel-pusher-chat/vendor/laravel/framework/src/Illuminate/Pipeline/Pipeline.php(183): Illuminate\\View\\Middleware\\ShareErrorsFromSession->handle()
#29 /home/aung/Project/Practice/laravel-pusher-chat/vendor/laravel/framework/src/Illuminate/Session/Middleware/StartSession.php(121): Illuminate\\Pipeline\\Pipeline->Illuminate\\Pipeline\\{closure}()
#30 /home/aung/Project/Practice/laravel-pusher-chat/vendor/laravel/framework/src/Illuminate/Session/Middleware/StartSession.php(64): Illuminate\\Session\\Middleware\\StartSession->handleStatefulRequest()
#31 /home/aung/Project/Practice/laravel-pusher-chat/vendor/laravel/framework/src/Illuminate/Pipeline/Pipeline.php(183): Illuminate\\Session\\Middleware\\StartSession->handle()
#32 /home/aung/Project/Practice/laravel-pusher-chat/vendor/laravel/framework/src/Illuminate/Cookie/Middleware/AddQueuedCookiesToResponse.php(37): Illuminate\\Pipeline\\Pipeline->Illuminate\\Pipeline\\{closure}()
#33 /home/aung/Project/Practice/laravel-pusher-chat/vendor/laravel/framework/src/Illuminate/Pipeline/Pipeline.php(183): Illuminate\\Cookie\\Middleware\\AddQueuedCookiesToResponse->handle()
#34 /home/aung/Project/Practice/laravel-pusher-chat/vendor/laravel/framework/src/Illuminate/Cookie/Middleware/EncryptCookies.php(67): Illuminate\\Pipeline\\Pipeline->Illuminate\\Pipeline\\{closure}()
#35 /home/aung/Project/Practice/laravel-pusher-chat/vendor/laravel/framework/src/Illuminate/Pipeline/Pipeline.php(183): Illuminate\\Cookie\\Middleware\\EncryptCookies->handle()
#36 /home/aung/Project/Practice/laravel-pusher-chat/vendor/laravel/framework/src/Illuminate/Pipeline/Pipeline.php(119): Illuminate\\Pipeline\\Pipeline->Illuminate\\Pipeline\\{closure}()
#37 /home/aung/Project/Practice/laravel-pusher-chat/vendor/laravel/framework/src/Illuminate/Routing/Router.php(805): Illuminate\\Pipeline\\Pipeline->then()
#38 /home/aung/Project/Practice/laravel-pusher-chat/vendor/laravel/framework/src/Illuminate/Routing/Router.php(784): Illuminate\\Routing\\Router->runRouteWithinStack()
#39 /home/aung/Project/Practice/laravel-pusher-chat/vendor/laravel/framework/src/Illuminate/Routing/Router.php(748): Illuminate\\Routing\\Router->runRoute()
#40 /home/aung/Project/Practice/laravel-pusher-chat/vendor/laravel/framework/src/Illuminate/Routing/Router.php(737): Illuminate\\Routing\\Router->dispatchToRoute()
#41 /home/aung/Project/Practice/laravel-pusher-chat/vendor/laravel/framework/src/Illuminate/Foundation/Http/Kernel.php(200): Illuminate\\Routing\\Router->dispatch()
#42 /home/aung/Project/Practice/laravel-pusher-chat/vendor/laravel/framework/src/Illuminate/Pipeline/Pipeline.php(144): Illuminate\\Foundation\\Http\\Kernel->Illuminate\\Foundation\\Http\\{closure}()
#43 /home/aung/Project/Practice/laravel-pusher-chat/vendor/laravel/framework/src/Illuminate/Foundation/Http/Middleware/TransformsRequest.php(21): Illuminate\\Pipeline\\Pipeline->Illuminate\\Pipeline\\{closure}()
#44 /home/aung/Project/Practice/laravel-pusher-chat/vendor/laravel/framework/src/Illuminate/Foundation/Http/Middleware/ConvertEmptyStringsToNull.php(31): Illuminate\\Foundation\\Http\\Middleware\\TransformsRequest->handle()
#45 /home/aung/Project/Practice/laravel-pusher-chat/vendor/laravel/framework/src/Illuminate/Pipeline/Pipeline.php(183): Illuminate\\Foundation\\Http\\Middleware\\ConvertEmptyStringsToNull->handle()
#46 /home/aung/Project/Practice/laravel-pusher-chat/vendor/laravel/framework/src/Illuminate/Foundation/Http/Middleware/TransformsRequest.php(21): Illuminate\\Pipeline\\Pipeline->Illuminate\\Pipeline\\{closure}()
#47 /home/aung/Project/Practice/laravel-pusher-chat/vendor/laravel/framework/src/Illuminate/Foundation/Http/Middleware/TrimStrings.php(40): Illuminate\\Foundation\\Http\\Middleware\\TransformsRequest->handle()
#48 /home/aung/Project/Practice/laravel-pusher-chat/vendor/laravel/framework/src/Illuminate/Pipeline/Pipeline.php(183): Illuminate\\Foundation\\Http\\Middleware\\TrimStrings->handle()
#49 /home/aung/Project/Practice/laravel-pusher-chat/vendor/laravel/framework/src/Illuminate/Foundation/Http/Middleware/ValidatePostSize.php(27): Illuminate\\Pipeline\\Pipeline->Illuminate\\Pipeline\\{closure}()
#50 /home/aung/Project/Practice/laravel-pusher-chat/vendor/laravel/framework/src/Illuminate/Pipeline/Pipeline.php(183): Illuminate\\Foundation\\Http\\Middleware\\ValidatePostSize->handle()
#51 /home/aung/Project/Practice/laravel-pusher-chat/vendor/laravel/framework/src/Illuminate/Foundation/Http/Middleware/PreventRequestsDuringMaintenance.php(99): Illuminate\\Pipeline\\Pipeline->Illuminate\\Pipeline\\{closure}()
#52 /home/aung/Project/Practice/laravel-pusher-chat/vendor/laravel/framework/src/Illuminate/Pipeline/Pipeline.php(183): Illuminate\\Foundation\\Http\\Middleware\\PreventRequestsDuringMaintenance->handle()
#53 /home/aung/Project/Practice/laravel-pusher-chat/vendor/laravel/framework/src/Illuminate/Http/Middleware/HandleCors.php(49): Illuminate\\Pipeline\\Pipeline->Illuminate\\Pipeline\\{closure}()
#54 /home/aung/Project/Practice/laravel-pusher-chat/vendor/laravel/framework/src/Illuminate/Pipeline/Pipeline.php(183): Illuminate\\Http\\Middleware\\HandleCors->handle()
#55 /home/aung/Project/Practice/laravel-pusher-chat/vendor/laravel/framework/src/Illuminate/Http/Middleware/TrustProxies.php(39): Illuminate\\Pipeline\\Pipeline->Illuminate\\Pipeline\\{closure}()
#56 /home/aung/Project/Practice/laravel-pusher-chat/vendor/laravel/framework/src/Illuminate/Pipeline/Pipeline.php(183): Illuminate\\Http\\Middleware\\TrustProxies->handle()
#57 /home/aung/Project/Practice/laravel-pusher-chat/vendor/laravel/framework/src/Illuminate/Pipeline/Pipeline.php(119): Illuminate\\Pipeline\\Pipeline->Illuminate\\Pipeline\\{closure}()
#58 /home/aung/Project/Practice/laravel-pusher-chat/vendor/laravel/framework/src/Illuminate/Foundation/Http/Kernel.php(175): Illuminate\\Pipeline\\Pipeline->then()
#59 /home/aung/Project/Practice/laravel-pusher-chat/vendor/laravel/framework/src/Illuminate/Foundation/Http/Kernel.php(144): Illuminate\\Foundation\\Http\\Kernel->sendRequestThroughRouter()
#60 /home/aung/Project/Practice/laravel-pusher-chat/public/index.php(51): Illuminate\\Foundation\\Http\\Kernel->handle()
#61 /home/aung/Project/Practice/laravel-pusher-chat/vendor/laravel/framework/src/Illuminate/Foundation/resources/server.php(16): require_once('...')
#62 {main}

[previous exception] [object] (Illuminate\\Foundation\\ViteManifestNotFoundException(code: 0): Vite manifest not found at: /home/aung/Project/Practice/laravel-pusher-chat/public/build/manifest.json at /home/aung/Project/Practice/laravel-pusher-chat/vendor/laravel/framework/src/Illuminate/Foundation/Vite.php:728)
[stacktrace]
#0 /home/aung/Project/Practice/laravel-pusher-chat/vendor/laravel/framework/src/Illuminate/Foundation/Vite.php(293): Illuminate\\Foundation\\Vite->manifest()
#1 /home/aung/Project/Practice/laravel-pusher-chat/storage/framework/views/52c0b377d8487c243f65ff58e264ccb4.php(46): Illuminate\\Foundation\\Vite->__invoke()
#2 /home/aung/Project/Practice/laravel-pusher-chat/vendor/laravel/framework/src/Illuminate/Filesystem/Filesystem.php(124): require('...')
#3 /home/aung/Project/Practice/laravel-pusher-chat/vendor/laravel/framework/src/Illuminate/Filesystem/Filesystem.php(125): Illuminate\\Filesystem\\Filesystem::Illuminate\\Filesystem\\{closure}()
#4 /home/aung/Project/Practice/laravel-pusher-chat/vendor/laravel/framework/src/Illuminate/View/Engines/PhpEngine.php(58): Illuminate\\Filesystem\\Filesystem->getRequire()
#5 /home/aung/Project/Practice/laravel-pusher-chat/vendor/laravel/framework/src/Illuminate/View/Engines/CompilerEngine.php(72): Illuminate\\View\\Engines\\PhpEngine->evaluatePath()
#6 /home/aung/Project/Practice/laravel-pusher-chat/vendor/laravel/framework/src/Illuminate/View/View.php(207): Illuminate\\View\\Engines\\CompilerEngine->get()
#7 /home/aung/Project/Practice/laravel-pusher-chat/vendor/laravel/framework/src/Illuminate/View/View.php(190): Illuminate\\View\\View->getContents()
#8 /home/aung/Project/Practice/laravel-pusher-chat/vendor/laravel/framework/src/Illuminate/View/View.php(159): Illuminate\\View\\View->renderContents()
#9 /home/aung/Project/Practice/laravel-pusher-chat/storage/framework/views/4716a7469be6fd9508770dd342fa90ed.php(19): Illuminate\\View\\View->render()
#10 /home/aung/Project/Practice/laravel-pusher-chat/vendor/laravel/framework/src/Illuminate/Filesystem/Filesystem.php(124): require('...')
#11 /home/aung/Project/Practice/laravel-pusher-chat/vendor/laravel/framework/src/Illuminate/Filesystem/Filesystem.php(125): Illuminate\\Filesystem\\Filesystem::Illuminate\\Filesystem\\{closure}()
#12 /home/aung/Project/Practice/laravel-pusher-chat/vendor/laravel/framework/src/Illuminate/View/Engines/PhpEngine.php(58): Illuminate\\Filesystem\\Filesystem->getRequire()
#13 /home/aung/Project/Practice/laravel-pusher-chat/vendor/laravel/framework/src/Illuminate/View/Engines/CompilerEngine.php(72): Illuminate\\View\\Engines\\PhpEngine->evaluatePath()
#14 /home/aung/Project/Practice/laravel-pusher-chat/vendor/laravel/framework/src/Illuminate/View/View.php(207): Illuminate\\View\\Engines\\CompilerEngine->get()
#15 /home/aung/Project/Practice/laravel-pusher-chat/vendor/laravel/framework/src/Illuminate/View/View.php(190): Illuminate\\View\\View->getContents()
#16 /home/aung/Project/Practice/laravel-pusher-chat/vendor/laravel/framework/src/Illuminate/View/View.php(159): Illuminate\\View\\View->renderContents()
#17 /home/aung/Project/Practice/laravel-pusher-chat/vendor/laravel/framework/src/Illuminate/Http/Response.php(69): Illuminate\\View\\View->render()
#18 /home/aung/Project/Practice/laravel-pusher-chat/vendor/laravel/framework/src/Illuminate/Http/Response.php(35): Illuminate\\Http\\Response->setContent()
#19 /home/aung/Project/Practice/laravel-pusher-chat/vendor/laravel/framework/src/Illuminate/Routing/Router.php(918): Illuminate\\Http\\Response->__construct()
#20 /home/aung/Project/Practice/laravel-pusher-chat/vendor/laravel/framework/src/Illuminate/Routing/Router.php(885): Illuminate\\Routing\\Router::toResponse()
#21 /home/aung/Project/Practice/laravel-pusher-chat/vendor/laravel/framework/src/Illuminate/Routing/Router.php(805): Illuminate\\Routing\\Router->prepareResponse()
#22 /home/aung/Project/Practice/laravel-pusher-chat/vendor/laravel/framework/src/Illuminate/Pipeline/Pipeline.php(144): Illuminate\\Routing\\Router->Illuminate\\Routing\\{closure}()
#23 /home/aung/Project/Practice/laravel-pusher-chat/vendor/laravel/framework/src/Illuminate/Routing/Middleware/SubstituteBindings.php(50): Illuminate\\Pipeline\\Pipeline->Illuminate\\Pipeline\\{closure}()
#24 /home/aung/Project/Practice/laravel-pusher-chat/vendor/laravel/framework/src/Illuminate/Pipeline/Pipeline.php(183): Illuminate\\Routing\\Middleware\\SubstituteBindings->handle()
#25 /home/aung/Project/Practice/laravel-pusher-chat/vendor/laravel/framework/src/Illuminate/Foundation/Http/Middleware/VerifyCsrfToken.php(78): Illuminate\\Pipeline\\Pipeline->Illuminate\\Pipeline\\{closure}()
#26 /home/aung/Project/Practice/laravel-pusher-chat/vendor/laravel/framework/src/Illuminate/Pipeline/Pipeline.php(183): Illuminate\\Foundation\\Http\\Middleware\\VerifyCsrfToken->handle()
#27 /home/aung/Project/Practice/laravel-pusher-chat/vendor/laravel/framework/src/Illuminate/View/Middleware/ShareErrorsFromSession.php(49): Illuminate\\Pipeline\\Pipeline->Illuminate\\Pipeline\\{closure}()
#28 /home/aung/Project/Practice/laravel-pusher-chat/vendor/laravel/framework/src/Illuminate/Pipeline/Pipeline.php(183): Illuminate\\View\\Middleware\\ShareErrorsFromSession->handle()
#29 /home/aung/Project/Practice/laravel-pusher-chat/vendor/laravel/framework/src/Illuminate/Session/Middleware/StartSession.php(121): Illuminate\\Pipeline\\Pipeline->Illuminate\\Pipeline\\{closure}()
#30 /home/aung/Project/Practice/laravel-pusher-chat/vendor/laravel/framework/src/Illuminate/Session/Middleware/StartSession.php(64): Illuminate\\Session\\Middleware\\StartSession->handleStatefulRequest()
#31 /home/aung/Project/Practice/laravel-pusher-chat/vendor/laravel/framework/src/Illuminate/Pipeline/Pipeline.php(183): Illuminate\\Session\\Middleware\\StartSession->handle()
#32 /home/aung/Project/Practice/laravel-pusher-chat/vendor/laravel/framework/src/Illuminate/Cookie/Middleware/AddQueuedCookiesToResponse.php(37): Illuminate\\Pipeline\\Pipeline->Illuminate\\Pipeline\\{closure}()
#33 /home/aung/Project/Practice/laravel-pusher-chat/vendor/laravel/framework/src/Illuminate/Pipeline/Pipeline.php(183): Illuminate\\Cookie\\Middleware\\AddQueuedCookiesToResponse->handle()
#34 /home/aung/Project/Practice/laravel-pusher-chat/vendor/laravel/framework/src/Illuminate/Cookie/Middleware/EncryptCookies.php(67): Illuminate\\Pipeline\\Pipeline->Illuminate\\Pipeline\\{closure}()
#35 /home/aung/Project/Practice/laravel-pusher-chat/vendor/laravel/framework/src/Illuminate/Pipeline/Pipeline.php(183): Illuminate\\Cookie\\Middleware\\EncryptCookies->handle()
#36 /home/aung/Project/Practice/laravel-pusher-chat/vendor/laravel/framework/src/Illuminate/Pipeline/Pipeline.php(119): Illuminate\\Pipeline\\Pipeline->Illuminate\\Pipeline\\{closure}()
#37 /home/aung/Project/Practice/laravel-pusher-chat/vendor/laravel/framework/src/Illuminate/Routing/Router.php(805): Illuminate\\Pipeline\\Pipeline->then()
#38 /home/aung/Project/Practice/laravel-pusher-chat/vendor/laravel/framework/src/Illuminate/Routing/Router.php(784): Illuminate\\Routing\\Router->runRouteWithinStack()
#39 /home/aung/Project/Practice/laravel-pusher-chat/vendor/laravel/framework/src/Illuminate/Routing/Router.php(748): Illuminate\\Routing\\Router->runRoute()
#40 /home/aung/Project/Practice/laravel-pusher-chat/vendor/laravel/framework/src/Illuminate/Routing/Router.php(737): Illuminate\\Routing\\Router->dispatchToRoute()
#41 /home/aung/Project/Practice/laravel-pusher-chat/vendor/laravel/framework/src/Illuminate/Foundation/Http/Kernel.php(200): Illuminate\\Routing\\Router->dispatch()
#42 /home/aung/Project/Practice/laravel-pusher-chat/vendor/laravel/framework/src/Illuminate/Pipeline/Pipeline.php(144): Illuminate\\Foundation\\Http\\Kernel->Illuminate\\Foundation\\Http\\{closure}()
#43 /home/aung/Project/Practice/laravel-pusher-chat/vendor/laravel/framework/src/Illuminate/Foundation/Http/Middleware/TransformsRequest.php(21): Illuminate\\Pipeline\\Pipeline->Illuminate\\Pipeline\\{closure}()
#44 /home/aung/Project/Practice/laravel-pusher-chat/vendor/laravel/framework/src/Illuminate/Foundation/Http/Middleware/ConvertEmptyStringsToNull.php(31): Illuminate\\Foundation\\Http\\Middleware\\TransformsRequest->handle()
#45 /home/aung/Project/Practice/laravel-pusher-chat/vendor/laravel/framework/src/Illuminate/Pipeline/Pipeline.php(183): Illuminate\\Foundation\\Http\\Middleware\\ConvertEmptyStringsToNull->handle()
#46 /home/aung/Project/Practice/laravel-pusher-chat/vendor/laravel/framework/src/Illuminate/Foundation/Http/Middleware/TransformsRequest.php(21): Illuminate\\Pipeline\\Pipeline->Illuminate\\Pipeline\\{closure}()
#47 /home/aung/Project/Practice/laravel-pusher-chat/vendor/laravel/framework/src/Illuminate/Foundation/Http/Middleware/TrimStrings.php(40): Illuminate\\Foundation\\Http\\Middleware\\TransformsRequest->handle()
#48 /home/aung/Project/Practice/laravel-pusher-chat/vendor/laravel/framework/src/Illuminate/Pipeline/Pipeline.php(183): Illuminate\\Foundation\\Http\\Middleware\\TrimStrings->handle()
#49 /home/aung/Project/Practice/laravel-pusher-chat/vendor/laravel/framework/src/Illuminate/Foundation/Http/Middleware/ValidatePostSize.php(27): Illuminate\\Pipeline\\Pipeline->Illuminate\\Pipeline\\{closure}()
#50 /home/aung/Project/Practice/laravel-pusher-chat/vendor/laravel/framework/src/Illuminate/Pipeline/Pipeline.php(183): Illuminate\\Foundation\\Http\\Middleware\\ValidatePostSize->handle()
#51 /home/aung/Project/Practice/laravel-pusher-chat/vendor/laravel/framework/src/Illuminate/Foundation/Http/Middleware/PreventRequestsDuringMaintenance.php(99): Illuminate\\Pipeline\\Pipeline->Illuminate\\Pipeline\\{closure}()
#52 /home/aung/Project/Practice/laravel-pusher-chat/vendor/laravel/framework/src/Illuminate/Pipeline/Pipeline.php(183): Illuminate\\Foundation\\Http\\Middleware\\PreventRequestsDuringMaintenance->handle()
#53 /home/aung/Project/Practice/laravel-pusher-chat/vendor/laravel/framework/src/Illuminate/Http/Middleware/HandleCors.php(49): Illuminate\\Pipeline\\Pipeline->Illuminate\\Pipeline\\{closure}()
#54 /home/aung/Project/Practice/laravel-pusher-chat/vendor/laravel/framework/src/Illuminate/Pipeline/Pipeline.php(183): Illuminate\\Http\\Middleware\\HandleCors->handle()
#55 /home/aung/Project/Practice/laravel-pusher-chat/vendor/laravel/framework/src/Illuminate/Http/Middleware/TrustProxies.php(39): Illuminate\\Pipeline\\Pipeline->Illuminate\\Pipeline\\{closure}()
#56 /home/aung/Project/Practice/laravel-pusher-chat/vendor/laravel/framework/src/Illuminate/Pipeline/Pipeline.php(183): Illuminate\\Http\\Middleware\\TrustProxies->handle()
#57 /home/aung/Project/Practice/laravel-pusher-chat/vendor/laravel/framework/src/Illuminate/Pipeline/Pipeline.php(119): Illuminate\\Pipeline\\Pipeline->Illuminate\\Pipeline\\{closure}()
#58 /home/aung/Project/Practice/laravel-pusher-chat/vendor/laravel/framework/src/Illuminate/Foundation/Http/Kernel.php(175): Illuminate\\Pipeline\\Pipeline->then()
#59 /home/aung/Project/Practice/laravel-pusher-chat/vendor/laravel/framework/src/Illuminate/Foundation/Http/Kernel.php(144): Illuminate\\Foundation\\Http\\Kernel->sendRequestThroughRouter()
#60 /home/aung/Project/Practice/laravel-pusher-chat/public/index.php(51): Illuminate\\Foundation\\Http\\Kernel->handle()
#61 /home/aung/Project/Practice/laravel-pusher-chat/vendor/laravel/framework/src/Illuminate/Foundation/resources/server.php(16): require_once('...')
#62 {main}
"} 
[2024-02-26 00:55:03] local.INFO: Broadcasting [App\Events\NewMessageSent] on channels [private-chat-1] with payload:
{
    "chat_id": 1,
    "message": {
        "chat_id": 1,
        "message": "Hello World",
        "user_id": 1,
        "updated_at": "2024-02-26T00:55:03.000000Z",
        "created_at": "2024-02-26T00:55:03.000000Z",
        "id": 1,
        "user": {
            "id": 1,
            "username": "0",
            "email": "user",
            "created_at": "2024-02-26T00:48:33.000000Z",
            "updated_at": "2024-02-26T00:48:33.000000Z"
        }
    },
    "socket": null
}  
[2024-02-26 02:20:54] local.INFO: Broadcasting [App\Events\NewMessageSent] on channels [private-chat-1] with payload:
{
    "chat_id": 1,
    "message": {
        "chat_id": 1,
        "message": "user 1 testing",
        "user_id": 1,
        "updated_at": "2024-02-26T02:20:54.000000Z",
        "created_at": "2024-02-26T02:20:54.000000Z",
        "id": 1,
        "user": {
            "id": 1,
            "username": "user1",
            "email": "user1@gmail.com",
            "created_at": "2024-02-26T01:48:32.000000Z",
            "updated_at": "2024-02-26T01:48:32.000000Z"
        }
    },
    "socket": null
}  
[2024-02-26 02:24:28] local.INFO: Broadcasting [App\Events\NewMessageSent] on channels [private-chat-1] with payload:
{
    "chat_id": 1,
    "message": {
        "chat_id": 1,
        "message": "hello testing from user1",
        "user_id": 1,
        "updated_at": "2024-02-26T02:24:28.000000Z",
        "created_at": "2024-02-26T02:24:28.000000Z",
        "id": 2,
        "user": {
            "id": 1,
            "username": "user1",
            "email": "user1@gmail.com",
            "created_at": "2024-02-26T01:48:32.000000Z",
            "updated_at": "2024-02-26T01:48:32.000000Z"
        }
    },
    "socket": null
}  
[2024-02-26 02:25:08] local.INFO: Broadcasting [App\Events\NewMessageSent] on channels [private-chat-1] with payload:
{
    "chat_id": 1,
    "message": {
        "chat_id": 1,
        "message": "testing one",
        "user_id": 1,
        "updated_at": "2024-02-26T02:25:08.000000Z",
        "created_at": "2024-02-26T02:25:08.000000Z",
        "id": 3,
        "user": {
            "id": 1,
            "username": "user1",
            "email": "user1@gmail.com",
            "created_at": "2024-02-26T01:48:32.000000Z",
            "updated_at": "2024-02-26T01:48:32.000000Z"
        }
    },
    "socket": null
}  
[2024-02-26 02:25:44] local.INFO: Broadcasting [App\Events\NewMessageSent] on channels [private-chat-1] with payload:
{
    "chat_id": 1,
    "message": {
        "chat_id": 1,
        "message": "testing two",
        "user_id": 1,
        "updated_at": "2024-02-26T02:25:44.000000Z",
        "created_at": "2024-02-26T02:25:44.000000Z",
        "id": 4,
        "user": {
            "id": 1,
            "username": "user1",
            "email": "user1@gmail.com",
            "created_at": "2024-02-26T01:48:32.000000Z",
            "updated_at": "2024-02-26T01:48:32.000000Z"
        }
    },
    "socket": null
}  
[2024-02-26 02:26:41] local.INFO: Broadcasting [App\Events\NewMessageSent] on channels [private-chat-1] with payload:
{
    "chat_id": 1,
    "message": {
        "chat_id": 1,
        "message": "hello",
        "user_id": 1,
        "updated_at": "2024-02-26T02:26:41.000000Z",
        "created_at": "2024-02-26T02:26:41.000000Z",
        "id": 5,
        "user": {
            "id": 1,
            "username": "user1",
            "email": "user1@gmail.com",
            "created_at": "2024-02-26T01:48:32.000000Z",
            "updated_at": "2024-02-26T01:48:32.000000Z"
        }
    },
    "socket": null
}  
[2024-02-26 02:27:46] local.INFO: Broadcasting [App\Events\NewMessageSent] on channels [private-chat-2] with payload:
{
    "chat_id": 2,
    "message": {
        "chat_id": 2,
        "message": "Yoh bro!",
        "user_id": 1,
        "updated_at": "2024-02-26T02:27:46.000000Z",
        "created_at": "2024-02-26T02:27:46.000000Z",
        "id": 6,
        "user": {
            "id": 1,
            "username": "user1",
            "email": "user1@gmail.com",
            "created_at": "2024-02-26T01:48:32.000000Z",
            "updated_at": "2024-02-26T01:48:32.000000Z"
        }
    },
    "socket": null
}  
[2024-02-26 02:28:05] local.INFO: Broadcasting [App\Events\NewMessageSent] on channels [private-chat-1] with payload:
{
    "chat_id": 1,
    "message": {
        "chat_id": 1,
        "message": "one",
        "user_id": 1,
        "updated_at": "2024-02-26T02:28:05.000000Z",
        "created_at": "2024-02-26T02:28:05.000000Z",
        "id": 7,
        "user": {
            "id": 1,
            "username": "user1",
            "email": "user1@gmail.com",
            "created_at": "2024-02-26T01:48:32.000000Z",
            "updated_at": "2024-02-26T01:48:32.000000Z"
        }
    },
    "socket": null
}  
[2024-02-26 02:41:12] local.INFO: Broadcasting [App\Events\NewMessageSent] on channels [private-chat-1] with payload:
{
    "chat_id": 1,
    "message": {
        "chat_id": 1,
        "message": "two",
        "user_id": 1,
        "updated_at": "2024-02-26T02:41:12.000000Z",
        "created_at": "2024-02-26T02:41:12.000000Z",
        "id": 8,
        "user": {
            "id": 1,
            "username": "user1",
            "email": "user1@gmail.com",
            "created_at": "2024-02-26T01:48:32.000000Z",
            "updated_at": "2024-02-26T01:48:32.000000Z"
        }
    },
    "socket": "26667.283018"
}  
[2024-02-26 02:41:49] local.INFO: Broadcasting [App\Events\NewMessageSent] on channels [private-chat-1] with payload:
{
    "chat_id": 1,
    "message": {
        "chat_id": 1,
        "message": "Yoh bro!",
        "user_id": 1,
        "updated_at": "2024-02-26T02:41:49.000000Z",
        "created_at": "2024-02-26T02:41:49.000000Z",
        "id": 9,
        "user": {
            "id": 1,
            "username": "user1",
            "email": "user1@gmail.com",
            "created_at": "2024-02-26T01:48:32.000000Z",
            "updated_at": "2024-02-26T01:48:32.000000Z"
        }
    },
    "socket": "26667.283018"
}  
[2024-02-26 02:42:58] local.INFO: Broadcasting [App\Events\NewMessageSent] on channels [private-chat-1] with payload:
{
    "chat_id": 1,
    "message": {
        "chat_id": 1,
        "message": "testing",
        "user_id": 1,
        "updated_at": "2024-02-26T02:42:58.000000Z",
        "created_at": "2024-02-26T02:42:58.000000Z",
        "id": 10,
        "user": {
            "id": 1,
            "username": "user1",
            "email": "user1@gmail.com",
            "created_at": "2024-02-26T01:48:32.000000Z",
            "updated_at": "2024-02-26T01:48:32.000000Z"
        }
    },
    "socket": "26667.283018"
}  
[2024-02-26 02:44:34] local.INFO: Broadcasting [App\Events\NewMessageSent] on channels [private-chat-1] with payload:
{
    "chat_id": 1,
    "message": {
        "chat_id": 1,
        "message": "test",
        "user_id": 1,
        "updated_at": "2024-02-26T02:44:34.000000Z",
        "created_at": "2024-02-26T02:44:34.000000Z",
        "id": 11,
        "user": {
            "id": 1,
            "username": "user1",
            "email": "user1@gmail.com",
            "created_at": "2024-02-26T01:48:32.000000Z",
            "updated_at": "2024-02-26T01:48:32.000000Z"
        }
    },
    "socket": "26667.283018"
}  
[2024-02-26 02:45:14] local.INFO: Broadcasting [App\Events\NewMessageSent] on channels [private-chat-2] with payload:
{
    "chat_id": 2,
    "message": {
        "chat_id": 2,
        "message": "sdfsadf",
        "user_id": 1,
        "updated_at": "2024-02-26T02:45:14.000000Z",
        "created_at": "2024-02-26T02:45:14.000000Z",
        "id": 12,
        "user": {
            "id": 1,
            "username": "user1",
            "email": "user1@gmail.com",
            "created_at": "2024-02-26T01:48:32.000000Z",
            "updated_at": "2024-02-26T01:48:32.000000Z"
        }
    },
    "socket": "26667.283018"
}  
[2024-02-26 02:47:29] local.INFO: Broadcasting [App\Events\NewMessageSent] on channels [private-chat-2] with payload:
{
    "chat_id": 2,
    "message": {
        "chat_id": 2,
        "message": "asdfsdaf",
        "user_id": 1,
        "updated_at": "2024-02-26T02:47:29.000000Z",
        "created_at": "2024-02-26T02:47:29.000000Z",
        "id": 13,
        "user": {
            "id": 1,
            "username": "user1",
            "email": "user1@gmail.com",
            "created_at": "2024-02-26T01:48:32.000000Z",
            "updated_at": "2024-02-26T01:48:32.000000Z"
        }
    },
    "socket": "26667.283018"
}  
[2024-02-26 02:47:35] local.INFO: Broadcasting [App\Events\NewMessageSent] on channels [private-chat-2] with payload:
{
    "chat_id": 2,
    "message": {
        "chat_id": 2,
        "message": "3254ewrqwer",
        "user_id": 1,
        "updated_at": "2024-02-26T02:47:35.000000Z",
        "created_at": "2024-02-26T02:47:35.000000Z",
        "id": 14,
        "user": {
            "id": 1,
            "username": "user1",
            "email": "user1@gmail.com",
            "created_at": "2024-02-26T01:48:32.000000Z",
            "updated_at": "2024-02-26T01:48:32.000000Z"
        }
    },
    "socket": "26667.283018"
}  
[2024-02-26 02:51:12] local.INFO: Broadcasting [App\Events\NewMessageSent] on channels [private-chat-1] with payload:
{
    "chat_id": 1,
    "message": {
        "chat_id": 1,
        "message": "test",
        "user_id": 1,
        "updated_at": "2024-02-26T02:51:12.000000Z",
        "created_at": "2024-02-26T02:51:12.000000Z",
        "id": 16,
        "user": {
            "id": 1,
            "username": "user1",
            "email": "user1@gmail.com",
            "created_at": "2024-02-26T01:48:32.000000Z",
            "updated_at": "2024-02-26T01:48:32.000000Z"
        }
    },
    "socket": "26625.234503"
}  
[2024-02-26 02:51:19] local.INFO: Broadcasting [App\Events\NewMessageSent] on channels [private-chat-1] with payload:
{
    "chat_id": 1,
    "message": {
        "chat_id": 1,
        "message": "test one",
        "user_id": 1,
        "updated_at": "2024-02-26T02:51:19.000000Z",
        "created_at": "2024-02-26T02:51:19.000000Z",
        "id": 17,
        "user": {
            "id": 1,
            "username": "user1",
            "email": "user1@gmail.com",
            "created_at": "2024-02-26T01:48:32.000000Z",
            "updated_at": "2024-02-26T01:48:32.000000Z"
        }
    },
    "socket": "26625.234503"
}  
[2024-02-26 02:53:05] local.INFO: Broadcasting [App\Events\NewMessageSent] on channels [private-chat-1] with payload:
{
    "chat_id": 1,
    "message": {
        "chat_id": 1,
        "message": "test two",
        "user_id": 1,
        "updated_at": "2024-02-26T02:53:05.000000Z",
        "created_at": "2024-02-26T02:53:05.000000Z",
        "id": 18,
        "user": {
            "id": 1,
            "username": "user1",
            "email": "user1@gmail.com",
            "created_at": "2024-02-26T01:48:32.000000Z",
            "updated_at": "2024-02-26T01:48:32.000000Z"
        }
    },
    "socket": "26625.234503"
}  
[2024-02-26 02:53:23] local.INFO: Broadcasting [App\Events\NewMessageSent] on channels [private-chat-1] with payload:
{
    "chat_id": 1,
    "message": {
        "chat_id": 1,
        "message": "test three",
        "user_id": 1,
        "updated_at": "2024-02-26T02:53:23.000000Z",
        "created_at": "2024-02-26T02:53:23.000000Z",
        "id": 19,
        "user": {
            "id": 1,
            "username": "user1",
            "email": "user1@gmail.com",
            "created_at": "2024-02-26T01:48:32.000000Z",
            "updated_at": "2024-02-26T01:48:32.000000Z"
        }
    },
    "socket": "26625.234503"
}  
[2024-02-26 02:55:04] local.INFO: Broadcasting [App\Events\NewMessageSent] on channels [private-chat-1] with payload:
{
    "chat_id": 1,
    "message": {
        "chat_id": 1,
        "message": "test four",
        "user_id": 1,
        "updated_at": "2024-02-26T02:55:04.000000Z",
        "created_at": "2024-02-26T02:55:04.000000Z",
        "id": 20,
        "user": {
            "id": 1,
            "username": "user1",
            "email": "user1@gmail.com",
            "created_at": "2024-02-26T01:48:32.000000Z",
            "updated_at": "2024-02-26T01:48:32.000000Z"
        }
    },
    "socket": "26653.350167"
}  
[2024-02-26 02:55:31] local.INFO: Broadcasting [App\Events\NewMessageSent] on channels [private-chat-1] with payload:
{
    "chat_id": 1,
    "message": {
        "chat_id": 1,
        "message": "dfgsdfg",
        "user_id": 1,
        "updated_at": "2024-02-26T02:55:31.000000Z",
        "created_at": "2024-02-26T02:55:31.000000Z",
        "id": 21,
        "user": {
            "id": 1,
            "username": "user1",
            "email": "user1@gmail.com",
            "created_at": "2024-02-26T01:48:32.000000Z",
            "updated_at": "2024-02-26T01:48:32.000000Z"
        }
    },
    "socket": "26653.350167"
}  
[2024-02-26 02:55:47] local.INFO: Broadcasting [App\Events\NewMessageSent] on channels [private-chat-1] with payload:
{
    "chat_id": 1,
    "message": {
        "chat_id": 1,
        "message": "fgsgdsg",
        "user_id": 1,
        "updated_at": "2024-02-26T02:55:47.000000Z",
        "created_at": "2024-02-26T02:55:47.000000Z",
        "id": 22,
        "user": {
            "id": 1,
            "username": "user1",
            "email": "user1@gmail.com",
            "created_at": "2024-02-26T01:48:32.000000Z",
            "updated_at": "2024-02-26T01:48:32.000000Z"
        }
    },
    "socket": "26653.350167"
}  
[2024-02-26 02:56:48] local.INFO: Broadcasting [App\Events\NewMessageSent] on channels [private-chat-1] with payload:
{
    "chat_id": 1,
    "message": {
        "chat_id": 1,
        "message": "sdfasd",
        "user_id": 1,
        "updated_at": "2024-02-26T02:56:48.000000Z",
        "created_at": "2024-02-26T02:56:48.000000Z",
        "id": 23,
        "user": {
            "id": 1,
            "username": "user1",
            "email": "user1@gmail.com",
            "created_at": "2024-02-26T01:48:32.000000Z",
            "updated_at": "2024-02-26T01:48:32.000000Z"
        }
    },
    "socket": "26578.220815"
}  
[2024-02-26 02:58:12] local.INFO: Broadcasting [App\Events\NewMessageSent] on channels [private-chat-1] with payload:
{
    "chat_id": 1,
    "message": {
        "chat_id": 1,
        "message": "sdfasdfsadf",
        "user_id": 1,
        "updated_at": "2024-02-26T02:58:12.000000Z",
        "created_at": "2024-02-26T02:58:12.000000Z",
        "id": 24,
        "user": {
            "id": 1,
            "username": "user1",
            "email": "user1@gmail.com",
            "created_at": "2024-02-26T01:48:32.000000Z",
            "updated_at": "2024-02-26T01:48:32.000000Z"
        }
    },
    "socket": "26686.251485"
}  
[2024-02-26 02:58:17] local.INFO: Broadcasting [App\Events\NewMessageSent] on channels [private-chat-1] with payload:
{
    "chat_id": 1,
    "message": {
        "chat_id": 1,
        "message": "werwerewr",
        "user_id": 1,
        "updated_at": "2024-02-26T02:58:17.000000Z",
        "created_at": "2024-02-26T02:58:17.000000Z",
        "id": 25,
        "user": {
            "id": 1,
            "username": "user1",
            "email": "user1@gmail.com",
            "created_at": "2024-02-26T01:48:32.000000Z",
            "updated_at": "2024-02-26T01:48:32.000000Z"
        }
    },
    "socket": "26686.251485"
}  
[2024-02-26 03:01:08] local.INFO: Broadcasting [App\Events\NewMessageSent] on channels [private-chat-1] with payload:
{
    "chat_id": 1,
    "message": {
        "chat_id": 1,
        "message": "21423423wqerqwerrr",
        "user_id": 1,
        "updated_at": "2024-02-26T03:01:08.000000Z",
        "created_at": "2024-02-26T03:01:08.000000Z",
        "id": 26,
        "user": {
            "id": 1,
            "username": "user1",
            "email": "user1@gmail.com",
            "created_at": "2024-02-26T01:48:32.000000Z",
            "updated_at": "2024-02-26T01:48:32.000000Z"
        }
    },
    "socket": "26686.251485"
}  
[2024-02-26 03:01:47] local.INFO: Broadcasting [App\Events\NewMessageSent] on channels [private-chat-1] with payload:
{
    "chat_id": 1,
    "message": {
        "chat_id": 1,
        "message": "asdf",
        "user_id": 1,
        "updated_at": "2024-02-26T03:01:47.000000Z",
        "created_at": "2024-02-26T03:01:47.000000Z",
        "id": 27,
        "user": {
            "id": 1,
            "username": "user1",
            "email": "user1@gmail.com",
            "created_at": "2024-02-26T01:48:32.000000Z",
            "updated_at": "2024-02-26T01:48:32.000000Z"
        }
    },
    "socket": "26686.251485"
}  
[2024-02-26 03:04:54] local.INFO: Broadcasting [App\Events\NewMessageSent] on channels [private-chat-1] with payload:
{
    "chat_id": 1,
    "message": {
        "chat_id": 1,
        "message": "test one from user 1",
        "user_id": 1,
        "updated_at": "2024-02-26T03:04:54.000000Z",
        "created_at": "2024-02-26T03:04:54.000000Z",
        "id": 28,
        "user": {
            "id": 1,
            "username": "user1",
            "email": "user1@gmail.com",
            "created_at": "2024-02-26T01:48:32.000000Z",
            "updated_at": "2024-02-26T01:48:32.000000Z"
        }
    },
    "socket": "26627.230313"
}  
[2024-02-26 03:14:12] local.INFO: Broadcasting [App\Events\NewMessageSent] on channels [private-chat-1] with payload:
{
    "chat_id": 1,
    "message": {
        "chat_id": 1,
        "message": "hello",
        "user_id": 1,
        "updated_at": "2024-02-26T03:14:12.000000Z",
        "created_at": "2024-02-26T03:14:12.000000Z",
        "id": 29,
        "user": {
            "id": 1,
            "username": "user1",
            "email": "user1@gmail.com",
            "created_at": "2024-02-26T01:48:32.000000Z",
            "updated_at": "2024-02-26T01:48:32.000000Z"
        }
    },
    "socket": "26627.230313"
}  
[2024-02-26 03:15:46] local.INFO: Broadcasting [App\Events\NewMessageSent] on channels [private-chat-1] with payload:
{
    "chat_id": 1,
    "message": {
        "chat_id": 1,
        "message": "asdfaseee",
        "user_id": 1,
        "updated_at": "2024-02-26T03:15:46.000000Z",
        "created_at": "2024-02-26T03:15:46.000000Z",
        "id": 30,
        "user": {
            "id": 1,
            "username": "user1",
            "email": "user1@gmail.com",
            "created_at": "2024-02-26T01:48:32.000000Z",
            "updated_at": "2024-02-26T01:48:32.000000Z"
        }
    },
    "socket": "26618.236765"
}  
[2024-02-26 03:41:07] local.INFO: Broadcasting [App\Events\NewMessageSent] on channels [private-chat-1] with payload:
{
    "chat_id": 1,
    "message": {
        "chat_id": 1,
        "message": "hello",
        "user_id": 2,
        "updated_at": "2024-02-26T03:41:07.000000Z",
        "created_at": "2024-02-26T03:41:07.000000Z",
        "id": 31,
        "user": {
            "id": 2,
            "username": "user2",
            "email": "user2@gmail.com",
            "created_at": "2024-02-26T01:49:20.000000Z",
            "updated_at": "2024-02-26T01:49:20.000000Z"
        }
    },
    "socket": "26560.239996"
}  
[2024-02-26 03:42:24] local.INFO: Broadcasting [App\Events\NewMessageSent] on channels [private-chat-1] with payload:
{
    "chat_id": 1,
    "message": {
        "chat_id": 1,
        "message": "hello testing",
        "user_id": 2,
        "updated_at": "2024-02-26T03:42:24.000000Z",
        "created_at": "2024-02-26T03:42:24.000000Z",
        "id": 32,
        "user": {
            "id": 2,
            "username": "user2",
            "email": "user2@gmail.com",
            "created_at": "2024-02-26T01:49:20.000000Z",
            "updated_at": "2024-02-26T01:49:20.000000Z"
        }
    },
    "socket": "26560.239996"
}  
[2024-02-26 04:53:49] local.ERROR: Method App\Http\Controllers\ChatMessageController::getRecentChatMessages does not exist. {"userId":5,"exception":"[object] (BadMethodCallException(code: 0): Method App\\Http\\Controllers\\ChatMessageController::getRecentChatMessages does not exist. at /home/aung/Project/Practice/laravel-pusher-chat/vendor/laravel/framework/src/Illuminate/Routing/Controller.php:68)
[stacktrace]
#0 /home/aung/Project/Practice/laravel-pusher-chat/vendor/laravel/framework/src/Illuminate/Routing/Controller.php(54): Illuminate\\Routing\\Controller->__call()
#1 /home/aung/Project/Practice/laravel-pusher-chat/vendor/laravel/framework/src/Illuminate/Routing/ControllerDispatcher.php(43): Illuminate\\Routing\\Controller->callAction()
#2 /home/aung/Project/Practice/laravel-pusher-chat/vendor/laravel/framework/src/Illuminate/Routing/Route.php(259): Illuminate\\Routing\\ControllerDispatcher->dispatch()
#3 /home/aung/Project/Practice/laravel-pusher-chat/vendor/laravel/framework/src/Illuminate/Routing/Route.php(205): Illuminate\\Routing\\Route->runController()
#4 /home/aung/Project/Practice/laravel-pusher-chat/vendor/laravel/framework/src/Illuminate/Routing/Router.php(806): Illuminate\\Routing\\Route->run()
#5 /home/aung/Project/Practice/laravel-pusher-chat/vendor/laravel/framework/src/Illuminate/Pipeline/Pipeline.php(144): Illuminate\\Routing\\Router->Illuminate\\Routing\\{closure}()
#6 /home/aung/Project/Practice/laravel-pusher-chat/vendor/laravel/framework/src/Illuminate/Routing/Middleware/SubstituteBindings.php(50): Illuminate\\Pipeline\\Pipeline->Illuminate\\Pipeline\\{closure}()
#7 /home/aung/Project/Practice/laravel-pusher-chat/vendor/laravel/framework/src/Illuminate/Pipeline/Pipeline.php(183): Illuminate\\Routing\\Middleware\\SubstituteBindings->handle()
#8 /home/aung/Project/Practice/laravel-pusher-chat/vendor/laravel/framework/src/Illuminate/Routing/Middleware/ThrottleRequests.php(159): Illuminate\\Pipeline\\Pipeline->Illuminate\\Pipeline\\{closure}()
#9 /home/aung/Project/Practice/laravel-pusher-chat/vendor/laravel/framework/src/Illuminate/Routing/Middleware/ThrottleRequests.php(125): Illuminate\\Routing\\Middleware\\ThrottleRequests->handleRequest()
#10 /home/aung/Project/Practice/laravel-pusher-chat/vendor/laravel/framework/src/Illuminate/Routing/Middleware/ThrottleRequests.php(87): Illuminate\\Routing\\Middleware\\ThrottleRequests->handleRequestUsingNamedLimiter()
#11 /home/aung/Project/Practice/laravel-pusher-chat/vendor/laravel/framework/src/Illuminate/Pipeline/Pipeline.php(183): Illuminate\\Routing\\Middleware\\ThrottleRequests->handle()
#12 /home/aung/Project/Practice/laravel-pusher-chat/vendor/laravel/framework/src/Illuminate/Auth/Middleware/Authenticate.php(57): Illuminate\\Pipeline\\Pipeline->Illuminate\\Pipeline\\{closure}()
#13 /home/aung/Project/Practice/laravel-pusher-chat/vendor/laravel/framework/src/Illuminate/Pipeline/Pipeline.php(183): Illuminate\\Auth\\Middleware\\Authenticate->handle()
#14 /home/aung/Project/Practice/laravel-pusher-chat/vendor/laravel/framework/src/Illuminate/Pipeline/Pipeline.php(119): Illuminate\\Pipeline\\Pipeline->Illuminate\\Pipeline\\{closure}()
#15 /home/aung/Project/Practice/laravel-pusher-chat/vendor/laravel/framework/src/Illuminate/Routing/Router.php(805): Illuminate\\Pipeline\\Pipeline->then()
#16 /home/aung/Project/Practice/laravel-pusher-chat/vendor/laravel/framework/src/Illuminate/Routing/Router.php(784): Illuminate\\Routing\\Router->runRouteWithinStack()
#17 /home/aung/Project/Practice/laravel-pusher-chat/vendor/laravel/framework/src/Illuminate/Routing/Router.php(748): Illuminate\\Routing\\Router->runRoute()
#18 /home/aung/Project/Practice/laravel-pusher-chat/vendor/laravel/framework/src/Illuminate/Routing/Router.php(737): Illuminate\\Routing\\Router->dispatchToRoute()
#19 /home/aung/Project/Practice/laravel-pusher-chat/vendor/laravel/framework/src/Illuminate/Foundation/Http/Kernel.php(200): Illuminate\\Routing\\Router->dispatch()
#20 /home/aung/Project/Practice/laravel-pusher-chat/vendor/laravel/framework/src/Illuminate/Pipeline/Pipeline.php(144): Illuminate\\Foundation\\Http\\Kernel->Illuminate\\Foundation\\Http\\{closure}()
#21 /home/aung/Project/Practice/laravel-pusher-chat/vendor/laravel/framework/src/Illuminate/Foundation/Http/Middleware/TransformsRequest.php(21): Illuminate\\Pipeline\\Pipeline->Illuminate\\Pipeline\\{closure}()
#22 /home/aung/Project/Practice/laravel-pusher-chat/vendor/laravel/framework/src/Illuminate/Foundation/Http/Middleware/ConvertEmptyStringsToNull.php(31): Illuminate\\Foundation\\Http\\Middleware\\TransformsRequest->handle()
#23 /home/aung/Project/Practice/laravel-pusher-chat/vendor/laravel/framework/src/Illuminate/Pipeline/Pipeline.php(183): Illuminate\\Foundation\\Http\\Middleware\\ConvertEmptyStringsToNull->handle()
#24 /home/aung/Project/Practice/laravel-pusher-chat/vendor/laravel/framework/src/Illuminate/Foundation/Http/Middleware/TransformsRequest.php(21): Illuminate\\Pipeline\\Pipeline->Illuminate\\Pipeline\\{closure}()
#25 /home/aung/Project/Practice/laravel-pusher-chat/vendor/laravel/framework/src/Illuminate/Foundation/Http/Middleware/TrimStrings.php(40): Illuminate\\Foundation\\Http\\Middleware\\TransformsRequest->handle()
#26 /home/aung/Project/Practice/laravel-pusher-chat/vendor/laravel/framework/src/Illuminate/Pipeline/Pipeline.php(183): Illuminate\\Foundation\\Http\\Middleware\\TrimStrings->handle()
#27 /home/aung/Project/Practice/laravel-pusher-chat/vendor/laravel/framework/src/Illuminate/Foundation/Http/Middleware/ValidatePostSize.php(27): Illuminate\\Pipeline\\Pipeline->Illuminate\\Pipeline\\{closure}()
#28 /home/aung/Project/Practice/laravel-pusher-chat/vendor/laravel/framework/src/Illuminate/Pipeline/Pipeline.php(183): Illuminate\\Foundation\\Http\\Middleware\\ValidatePostSize->handle()
#29 /home/aung/Project/Practice/laravel-pusher-chat/vendor/laravel/framework/src/Illuminate/Foundation/Http/Middleware/PreventRequestsDuringMaintenance.php(99): Illuminate\\Pipeline\\Pipeline->Illuminate\\Pipeline\\{closure}()
#30 /home/aung/Project/Practice/laravel-pusher-chat/vendor/laravel/framework/src/Illuminate/Pipeline/Pipeline.php(183): Illuminate\\Foundation\\Http\\Middleware\\PreventRequestsDuringMaintenance->handle()
#31 /home/aung/Project/Practice/laravel-pusher-chat/vendor/laravel/framework/src/Illuminate/Http/Middleware/HandleCors.php(62): Illuminate\\Pipeline\\Pipeline->Illuminate\\Pipeline\\{closure}()
#32 /home/aung/Project/Practice/laravel-pusher-chat/vendor/laravel/framework/src/Illuminate/Pipeline/Pipeline.php(183): Illuminate\\Http\\Middleware\\HandleCors->handle()
#33 /home/aung/Project/Practice/laravel-pusher-chat/vendor/laravel/framework/src/Illuminate/Http/Middleware/TrustProxies.php(39): Illuminate\\Pipeline\\Pipeline->Illuminate\\Pipeline\\{closure}()
#34 /home/aung/Project/Practice/laravel-pusher-chat/vendor/laravel/framework/src/Illuminate/Pipeline/Pipeline.php(183): Illuminate\\Http\\Middleware\\TrustProxies->handle()
#35 /home/aung/Project/Practice/laravel-pusher-chat/vendor/laravel/framework/src/Illuminate/Pipeline/Pipeline.php(119): Illuminate\\Pipeline\\Pipeline->Illuminate\\Pipeline\\{closure}()
#36 /home/aung/Project/Practice/laravel-pusher-chat/vendor/laravel/framework/src/Illuminate/Foundation/Http/Kernel.php(175): Illuminate\\Pipeline\\Pipeline->then()
#37 /home/aung/Project/Practice/laravel-pusher-chat/vendor/laravel/framework/src/Illuminate/Foundation/Http/Kernel.php(144): Illuminate\\Foundation\\Http\\Kernel->sendRequestThroughRouter()
#38 /home/aung/Project/Practice/laravel-pusher-chat/public/index.php(51): Illuminate\\Foundation\\Http\\Kernel->handle()
#39 /home/aung/Project/Practice/laravel-pusher-chat/vendor/laravel/framework/src/Illuminate/Foundation/resources/server.php(16): require_once('...')
#40 {main}
"} 
[2024-02-26 07:01:46] local.ERROR: Pusher error: cURL error 6: Could not resolve host: api-us3.pusher.com (see https://curl.haxx.se/libcurl/c/libcurl-errors.html) for https://api-us3.pusher.com/apps/1756763/events?auth_key=dae6ba77b2d27b319f49&auth_timestamp=1708930886&auth_version=1.0&body_md5=562e68f4d24773ca422e075513c1d936&auth_signature=f77dea1f399302184f61309e26c851c85da453fb0dc3e21c4eaeb8e9a420fd30. {"userId":1,"exception":"[object] (Illuminate\\Broadcasting\\BroadcastException(code: 0): Pusher error: cURL error 6: Could not resolve host: api-us3.pusher.com (see https://curl.haxx.se/libcurl/c/libcurl-errors.html) for https://api-us3.pusher.com/apps/1756763/events?auth_key=dae6ba77b2d27b319f49&auth_timestamp=1708930886&auth_version=1.0&body_md5=562e68f4d24773ca422e075513c1d936&auth_signature=f77dea1f399302184f61309e26c851c85da453fb0dc3e21c4eaeb8e9a420fd30. at /home/aung/Project/Practice/laravel-pusher-chat/vendor/laravel/framework/src/Illuminate/Broadcasting/Broadcasters/PusherBroadcaster.php:164)
[stacktrace]
#0 /home/aung/Project/Practice/laravel-pusher-chat/vendor/laravel/framework/src/Illuminate/Broadcasting/BroadcastEvent.php(92): Illuminate\\Broadcasting\\Broadcasters\\PusherBroadcaster->broadcast()
#1 /home/aung/Project/Practice/laravel-pusher-chat/vendor/laravel/framework/src/Illuminate/Container/BoundMethod.php(36): Illuminate\\Broadcasting\\BroadcastEvent->handle()
#2 /home/aung/Project/Practice/laravel-pusher-chat/vendor/laravel/framework/src/Illuminate/Container/Util.php(41): Illuminate\\Container\\BoundMethod::Illuminate\\Container\\{closure}()
#3 /home/aung/Project/Practice/laravel-pusher-chat/vendor/laravel/framework/src/Illuminate/Container/BoundMethod.php(93): Illuminate\\Container\\Util::unwrapIfClosure()
#4 /home/aung/Project/Practice/laravel-pusher-chat/vendor/laravel/framework/src/Illuminate/Container/BoundMethod.php(35): Illuminate\\Container\\BoundMethod::callBoundMethod()
#5 /home/aung/Project/Practice/laravel-pusher-chat/vendor/laravel/framework/src/Illuminate/Container/Container.php(662): Illuminate\\Container\\BoundMethod::call()
#6 /home/aung/Project/Practice/laravel-pusher-chat/vendor/laravel/framework/src/Illuminate/Bus/Dispatcher.php(128): Illuminate\\Container\\Container->call()
#7 /home/aung/Project/Practice/laravel-pusher-chat/vendor/laravel/framework/src/Illuminate/Pipeline/Pipeline.php(144): Illuminate\\Bus\\Dispatcher->Illuminate\\Bus\\{closure}()
#8 /home/aung/Project/Practice/laravel-pusher-chat/vendor/laravel/framework/src/Illuminate/Pipeline/Pipeline.php(119): Illuminate\\Pipeline\\Pipeline->Illuminate\\Pipeline\\{closure}()
#9 /home/aung/Project/Practice/laravel-pusher-chat/vendor/laravel/framework/src/Illuminate/Bus/Dispatcher.php(132): Illuminate\\Pipeline\\Pipeline->then()
#10 /home/aung/Project/Practice/laravel-pusher-chat/vendor/laravel/framework/src/Illuminate/Broadcasting/BroadcastManager.php(158): Illuminate\\Bus\\Dispatcher->dispatchNow()
#11 /home/aung/Project/Practice/laravel-pusher-chat/vendor/laravel/framework/src/Illuminate/Events/Dispatcher.php(357): Illuminate\\Broadcasting\\BroadcastManager->queue()
#12 /home/aung/Project/Practice/laravel-pusher-chat/vendor/laravel/framework/src/Illuminate/Events/Dispatcher.php(280): Illuminate\\Events\\Dispatcher->broadcastEvent()
#13 /home/aung/Project/Practice/laravel-pusher-chat/vendor/laravel/framework/src/Illuminate/Events/Dispatcher.php(266): Illuminate\\Events\\Dispatcher->invokeListeners()
#14 /home/aung/Project/Practice/laravel-pusher-chat/vendor/laravel/framework/src/Illuminate/Broadcasting/PendingBroadcast.php(72): Illuminate\\Events\\Dispatcher->dispatch()
#15 /home/aung/Project/Practice/laravel-pusher-chat/app/Http/Controllers/ChatMessageController.php(67): Illuminate\\Broadcasting\\PendingBroadcast->__destruct()
#16 /home/aung/Project/Practice/laravel-pusher-chat/app/Http/Controllers/ChatMessageController.php(58): App\\Http\\Controllers\\ChatMessageController->sendNotificationToOther()
#17 /home/aung/Project/Practice/laravel-pusher-chat/vendor/laravel/framework/src/Illuminate/Routing/Controller.php(54): App\\Http\\Controllers\\ChatMessageController->store()
#18 /home/aung/Project/Practice/laravel-pusher-chat/vendor/laravel/framework/src/Illuminate/Routing/ControllerDispatcher.php(43): Illuminate\\Routing\\Controller->callAction()
#19 /home/aung/Project/Practice/laravel-pusher-chat/vendor/laravel/framework/src/Illuminate/Routing/Route.php(259): Illuminate\\Routing\\ControllerDispatcher->dispatch()
#20 /home/aung/Project/Practice/laravel-pusher-chat/vendor/laravel/framework/src/Illuminate/Routing/Route.php(205): Illuminate\\Routing\\Route->runController()
#21 /home/aung/Project/Practice/laravel-pusher-chat/vendor/laravel/framework/src/Illuminate/Routing/Router.php(806): Illuminate\\Routing\\Route->run()
#22 /home/aung/Project/Practice/laravel-pusher-chat/vendor/laravel/framework/src/Illuminate/Pipeline/Pipeline.php(144): Illuminate\\Routing\\Router->Illuminate\\Routing\\{closure}()
#23 /home/aung/Project/Practice/laravel-pusher-chat/vendor/laravel/framework/src/Illuminate/Routing/Middleware/SubstituteBindings.php(50): Illuminate\\Pipeline\\Pipeline->Illuminate\\Pipeline\\{closure}()
#24 /home/aung/Project/Practice/laravel-pusher-chat/vendor/laravel/framework/src/Illuminate/Pipeline/Pipeline.php(183): Illuminate\\Routing\\Middleware\\SubstituteBindings->handle()
#25 /home/aung/Project/Practice/laravel-pusher-chat/vendor/laravel/framework/src/Illuminate/Routing/Middleware/ThrottleRequests.php(159): Illuminate\\Pipeline\\Pipeline->Illuminate\\Pipeline\\{closure}()
#26 /home/aung/Project/Practice/laravel-pusher-chat/vendor/laravel/framework/src/Illuminate/Routing/Middleware/ThrottleRequests.php(125): Illuminate\\Routing\\Middleware\\ThrottleRequests->handleRequest()
#27 /home/aung/Project/Practice/laravel-pusher-chat/vendor/laravel/framework/src/Illuminate/Routing/Middleware/ThrottleRequests.php(87): Illuminate\\Routing\\Middleware\\ThrottleRequests->handleRequestUsingNamedLimiter()
#28 /home/aung/Project/Practice/laravel-pusher-chat/vendor/laravel/framework/src/Illuminate/Pipeline/Pipeline.php(183): Illuminate\\Routing\\Middleware\\ThrottleRequests->handle()
#29 /home/aung/Project/Practice/laravel-pusher-chat/vendor/laravel/framework/src/Illuminate/Auth/Middleware/Authenticate.php(57): Illuminate\\Pipeline\\Pipeline->Illuminate\\Pipeline\\{closure}()
#30 /home/aung/Project/Practice/laravel-pusher-chat/vendor/laravel/framework/src/Illuminate/Pipeline/Pipeline.php(183): Illuminate\\Auth\\Middleware\\Authenticate->handle()
#31 /home/aung/Project/Practice/laravel-pusher-chat/vendor/laravel/framework/src/Illuminate/Pipeline/Pipeline.php(119): Illuminate\\Pipeline\\Pipeline->Illuminate\\Pipeline\\{closure}()
#32 /home/aung/Project/Practice/laravel-pusher-chat/vendor/laravel/framework/src/Illuminate/Routing/Router.php(805): Illuminate\\Pipeline\\Pipeline->then()
#33 /home/aung/Project/Practice/laravel-pusher-chat/vendor/laravel/framework/src/Illuminate/Routing/Router.php(784): Illuminate\\Routing\\Router->runRouteWithinStack()
#34 /home/aung/Project/Practice/laravel-pusher-chat/vendor/laravel/framework/src/Illuminate/Routing/Router.php(748): Illuminate\\Routing\\Router->runRoute()
#35 /home/aung/Project/Practice/laravel-pusher-chat/vendor/laravel/framework/src/Illuminate/Routing/Router.php(737): Illuminate\\Routing\\Router->dispatchToRoute()
#36 /home/aung/Project/Practice/laravel-pusher-chat/vendor/laravel/framework/src/Illuminate/Foundation/Http/Kernel.php(200): Illuminate\\Routing\\Router->dispatch()
#37 /home/aung/Project/Practice/laravel-pusher-chat/vendor/laravel/framework/src/Illuminate/Pipeline/Pipeline.php(144): Illuminate\\Foundation\\Http\\Kernel->Illuminate\\Foundation\\Http\\{closure}()
#38 /home/aung/Project/Practice/laravel-pusher-chat/vendor/laravel/framework/src/Illuminate/Foundation/Http/Middleware/TransformsRequest.php(21): Illuminate\\Pipeline\\Pipeline->Illuminate\\Pipeline\\{closure}()
#39 /home/aung/Project/Practice/laravel-pusher-chat/vendor/laravel/framework/src/Illuminate/Foundation/Http/Middleware/ConvertEmptyStringsToNull.php(31): Illuminate\\Foundation\\Http\\Middleware\\TransformsRequest->handle()
#40 /home/aung/Project/Practice/laravel-pusher-chat/vendor/laravel/framework/src/Illuminate/Pipeline/Pipeline.php(183): Illuminate\\Foundation\\Http\\Middleware\\ConvertEmptyStringsToNull->handle()
#41 /home/aung/Project/Practice/laravel-pusher-chat/vendor/laravel/framework/src/Illuminate/Foundation/Http/Middleware/TransformsRequest.php(21): Illuminate\\Pipeline\\Pipeline->Illuminate\\Pipeline\\{closure}()
#42 /home/aung/Project/Practice/laravel-pusher-chat/vendor/laravel/framework/src/Illuminate/Foundation/Http/Middleware/TrimStrings.php(40): Illuminate\\Foundation\\Http\\Middleware\\TransformsRequest->handle()
#43 /home/aung/Project/Practice/laravel-pusher-chat/vendor/laravel/framework/src/Illuminate/Pipeline/Pipeline.php(183): Illuminate\\Foundation\\Http\\Middleware\\TrimStrings->handle()
#44 /home/aung/Project/Practice/laravel-pusher-chat/vendor/laravel/framework/src/Illuminate/Foundation/Http/Middleware/ValidatePostSize.php(27): Illuminate\\Pipeline\\Pipeline->Illuminate\\Pipeline\\{closure}()
#45 /home/aung/Project/Practice/laravel-pusher-chat/vendor/laravel/framework/src/Illuminate/Pipeline/Pipeline.php(183): Illuminate\\Foundation\\Http\\Middleware\\ValidatePostSize->handle()
#46 /home/aung/Project/Practice/laravel-pusher-chat/vendor/laravel/framework/src/Illuminate/Foundation/Http/Middleware/PreventRequestsDuringMaintenance.php(99): Illuminate\\Pipeline\\Pipeline->Illuminate\\Pipeline\\{closure}()
#47 /home/aung/Project/Practice/laravel-pusher-chat/vendor/laravel/framework/src/Illuminate/Pipeline/Pipeline.php(183): Illuminate\\Foundation\\Http\\Middleware\\PreventRequestsDuringMaintenance->handle()
#48 /home/aung/Project/Practice/laravel-pusher-chat/vendor/laravel/framework/src/Illuminate/Http/Middleware/HandleCors.php(62): Illuminate\\Pipeline\\Pipeline->Illuminate\\Pipeline\\{closure}()
#49 /home/aung/Project/Practice/laravel-pusher-chat/vendor/laravel/framework/src/Illuminate/Pipeline/Pipeline.php(183): Illuminate\\Http\\Middleware\\HandleCors->handle()
#50 /home/aung/Project/Practice/laravel-pusher-chat/vendor/laravel/framework/src/Illuminate/Http/Middleware/TrustProxies.php(39): Illuminate\\Pipeline\\Pipeline->Illuminate\\Pipeline\\{closure}()
#51 /home/aung/Project/Practice/laravel-pusher-chat/vendor/laravel/framework/src/Illuminate/Pipeline/Pipeline.php(183): Illuminate\\Http\\Middleware\\TrustProxies->handle()
#52 /home/aung/Project/Practice/laravel-pusher-chat/vendor/laravel/framework/src/Illuminate/Pipeline/Pipeline.php(119): Illuminate\\Pipeline\\Pipeline->Illuminate\\Pipeline\\{closure}()
#53 /home/aung/Project/Practice/laravel-pusher-chat/vendor/laravel/framework/src/Illuminate/Foundation/Http/Kernel.php(175): Illuminate\\Pipeline\\Pipeline->then()
#54 /home/aung/Project/Practice/laravel-pusher-chat/vendor/laravel/framework/src/Illuminate/Foundation/Http/Kernel.php(144): Illuminate\\Foundation\\Http\\Kernel->sendRequestThroughRouter()
#55 /home/aung/Project/Practice/laravel-pusher-chat/public/index.php(51): Illuminate\\Foundation\\Http\\Kernel->handle()
#56 /home/aung/Project/Practice/laravel-pusher-chat/vendor/laravel/framework/src/Illuminate/Foundation/resources/server.php(16): require_once('...')
#57 {main}
"} 
[2024-02-26 09:20:00] local.ERROR: Pusher error: cURL error 28: Failed to connect to api-us3.pusher.com port 443 after 28127 ms: Connection timed out (see https://curl.haxx.se/libcurl/c/libcurl-errors.html) for https://api-us3.pusher.com/apps/1756763/events?auth_key=dae6ba77b2d27b319f49&auth_timestamp=1708939172&auth_version=1.0&body_md5=c8a12b9b42125cc8483539f6827f869a&auth_signature=b6f8181d31e7e4a0afb327790db556d797ac8c811cee06dbaebddcadfed3f656. {"userId":5,"exception":"[object] (Illuminate\\Broadcasting\\BroadcastException(code: 0): Pusher error: cURL error 28: Failed to connect to api-us3.pusher.com port 443 after 28127 ms: Connection timed out (see https://curl.haxx.se/libcurl/c/libcurl-errors.html) for https://api-us3.pusher.com/apps/1756763/events?auth_key=dae6ba77b2d27b319f49&auth_timestamp=1708939172&auth_version=1.0&body_md5=c8a12b9b42125cc8483539f6827f869a&auth_signature=b6f8181d31e7e4a0afb327790db556d797ac8c811cee06dbaebddcadfed3f656. at /home/aung/Project/Practice/laravel-pusher-chat/vendor/laravel/framework/src/Illuminate/Broadcasting/Broadcasters/PusherBroadcaster.php:164)
[stacktrace]
#0 /home/aung/Project/Practice/laravel-pusher-chat/vendor/laravel/framework/src/Illuminate/Broadcasting/BroadcastEvent.php(92): Illuminate\\Broadcasting\\Broadcasters\\PusherBroadcaster->broadcast()
#1 /home/aung/Project/Practice/laravel-pusher-chat/vendor/laravel/framework/src/Illuminate/Container/BoundMethod.php(36): Illuminate\\Broadcasting\\BroadcastEvent->handle()
#2 /home/aung/Project/Practice/laravel-pusher-chat/vendor/laravel/framework/src/Illuminate/Container/Util.php(41): Illuminate\\Container\\BoundMethod::Illuminate\\Container\\{closure}()
#3 /home/aung/Project/Practice/laravel-pusher-chat/vendor/laravel/framework/src/Illuminate/Container/BoundMethod.php(93): Illuminate\\Container\\Util::unwrapIfClosure()
#4 /home/aung/Project/Practice/laravel-pusher-chat/vendor/laravel/framework/src/Illuminate/Container/BoundMethod.php(35): Illuminate\\Container\\BoundMethod::callBoundMethod()
#5 /home/aung/Project/Practice/laravel-pusher-chat/vendor/laravel/framework/src/Illuminate/Container/Container.php(662): Illuminate\\Container\\BoundMethod::call()
#6 /home/aung/Project/Practice/laravel-pusher-chat/vendor/laravel/framework/src/Illuminate/Bus/Dispatcher.php(128): Illuminate\\Container\\Container->call()
#7 /home/aung/Project/Practice/laravel-pusher-chat/vendor/laravel/framework/src/Illuminate/Pipeline/Pipeline.php(144): Illuminate\\Bus\\Dispatcher->Illuminate\\Bus\\{closure}()
#8 /home/aung/Project/Practice/laravel-pusher-chat/vendor/laravel/framework/src/Illuminate/Pipeline/Pipeline.php(119): Illuminate\\Pipeline\\Pipeline->Illuminate\\Pipeline\\{closure}()
#9 /home/aung/Project/Practice/laravel-pusher-chat/vendor/laravel/framework/src/Illuminate/Bus/Dispatcher.php(132): Illuminate\\Pipeline\\Pipeline->then()
#10 /home/aung/Project/Practice/laravel-pusher-chat/vendor/laravel/framework/src/Illuminate/Broadcasting/BroadcastManager.php(158): Illuminate\\Bus\\Dispatcher->dispatchNow()
#11 /home/aung/Project/Practice/laravel-pusher-chat/vendor/laravel/framework/src/Illuminate/Events/Dispatcher.php(357): Illuminate\\Broadcasting\\BroadcastManager->queue()
#12 /home/aung/Project/Practice/laravel-pusher-chat/vendor/laravel/framework/src/Illuminate/Events/Dispatcher.php(280): Illuminate\\Events\\Dispatcher->broadcastEvent()
#13 /home/aung/Project/Practice/laravel-pusher-chat/vendor/laravel/framework/src/Illuminate/Events/Dispatcher.php(266): Illuminate\\Events\\Dispatcher->invokeListeners()
#14 /home/aung/Project/Practice/laravel-pusher-chat/vendor/laravel/framework/src/Illuminate/Broadcasting/PendingBroadcast.php(72): Illuminate\\Events\\Dispatcher->dispatch()
#15 /home/aung/Project/Practice/laravel-pusher-chat/app/Http/Controllers/ChatMessageController.php(67): Illuminate\\Broadcasting\\PendingBroadcast->__destruct()
#16 /home/aung/Project/Practice/laravel-pusher-chat/app/Http/Controllers/ChatMessageController.php(58): App\\Http\\Controllers\\ChatMessageController->sendNotificationToOther()
#17 /home/aung/Project/Practice/laravel-pusher-chat/vendor/laravel/framework/src/Illuminate/Routing/Controller.php(54): App\\Http\\Controllers\\ChatMessageController->store()
#18 /home/aung/Project/Practice/laravel-pusher-chat/vendor/laravel/framework/src/Illuminate/Routing/ControllerDispatcher.php(43): Illuminate\\Routing\\Controller->callAction()
#19 /home/aung/Project/Practice/laravel-pusher-chat/vendor/laravel/framework/src/Illuminate/Routing/Route.php(259): Illuminate\\Routing\\ControllerDispatcher->dispatch()
#20 /home/aung/Project/Practice/laravel-pusher-chat/vendor/laravel/framework/src/Illuminate/Routing/Route.php(205): Illuminate\\Routing\\Route->runController()
#21 /home/aung/Project/Practice/laravel-pusher-chat/vendor/laravel/framework/src/Illuminate/Routing/Router.php(806): Illuminate\\Routing\\Route->run()
#22 /home/aung/Project/Practice/laravel-pusher-chat/vendor/laravel/framework/src/Illuminate/Pipeline/Pipeline.php(144): Illuminate\\Routing\\Router->Illuminate\\Routing\\{closure}()
#23 /home/aung/Project/Practice/laravel-pusher-chat/vendor/laravel/framework/src/Illuminate/Routing/Middleware/SubstituteBindings.php(50): Illuminate\\Pipeline\\Pipeline->Illuminate\\Pipeline\\{closure}()
#24 /home/aung/Project/Practice/laravel-pusher-chat/vendor/laravel/framework/src/Illuminate/Pipeline/Pipeline.php(183): Illuminate\\Routing\\Middleware\\SubstituteBindings->handle()
#25 /home/aung/Project/Practice/laravel-pusher-chat/vendor/laravel/framework/src/Illuminate/Routing/Middleware/ThrottleRequests.php(159): Illuminate\\Pipeline\\Pipeline->Illuminate\\Pipeline\\{closure}()
#26 /home/aung/Project/Practice/laravel-pusher-chat/vendor/laravel/framework/src/Illuminate/Routing/Middleware/ThrottleRequests.php(125): Illuminate\\Routing\\Middleware\\ThrottleRequests->handleRequest()
#27 /home/aung/Project/Practice/laravel-pusher-chat/vendor/laravel/framework/src/Illuminate/Routing/Middleware/ThrottleRequests.php(87): Illuminate\\Routing\\Middleware\\ThrottleRequests->handleRequestUsingNamedLimiter()
#28 /home/aung/Project/Practice/laravel-pusher-chat/vendor/laravel/framework/src/Illuminate/Pipeline/Pipeline.php(183): Illuminate\\Routing\\Middleware\\ThrottleRequests->handle()
#29 /home/aung/Project/Practice/laravel-pusher-chat/vendor/laravel/framework/src/Illuminate/Auth/Middleware/Authenticate.php(57): Illuminate\\Pipeline\\Pipeline->Illuminate\\Pipeline\\{closure}()
#30 /home/aung/Project/Practice/laravel-pusher-chat/vendor/laravel/framework/src/Illuminate/Pipeline/Pipeline.php(183): Illuminate\\Auth\\Middleware\\Authenticate->handle()
#31 /home/aung/Project/Practice/laravel-pusher-chat/vendor/laravel/framework/src/Illuminate/Pipeline/Pipeline.php(119): Illuminate\\Pipeline\\Pipeline->Illuminate\\Pipeline\\{closure}()
#32 /home/aung/Project/Practice/laravel-pusher-chat/vendor/laravel/framework/src/Illuminate/Routing/Router.php(805): Illuminate\\Pipeline\\Pipeline->then()
#33 /home/aung/Project/Practice/laravel-pusher-chat/vendor/laravel/framework/src/Illuminate/Routing/Router.php(784): Illuminate\\Routing\\Router->runRouteWithinStack()
#34 /home/aung/Project/Practice/laravel-pusher-chat/vendor/laravel/framework/src/Illuminate/Routing/Router.php(748): Illuminate\\Routing\\Router->runRoute()
#35 /home/aung/Project/Practice/laravel-pusher-chat/vendor/laravel/framework/src/Illuminate/Routing/Router.php(737): Illuminate\\Routing\\Router->dispatchToRoute()
#36 /home/aung/Project/Practice/laravel-pusher-chat/vendor/laravel/framework/src/Illuminate/Foundation/Http/Kernel.php(200): Illuminate\\Routing\\Router->dispatch()
#37 /home/aung/Project/Practice/laravel-pusher-chat/vendor/laravel/framework/src/Illuminate/Pipeline/Pipeline.php(144): Illuminate\\Foundation\\Http\\Kernel->Illuminate\\Foundation\\Http\\{closure}()
#38 /home/aung/Project/Practice/laravel-pusher-chat/vendor/laravel/framework/src/Illuminate/Foundation/Http/Middleware/TransformsRequest.php(21): Illuminate\\Pipeline\\Pipeline->Illuminate\\Pipeline\\{closure}()
#39 /home/aung/Project/Practice/laravel-pusher-chat/vendor/laravel/framework/src/Illuminate/Foundation/Http/Middleware/ConvertEmptyStringsToNull.php(31): Illuminate\\Foundation\\Http\\Middleware\\TransformsRequest->handle()
#40 /home/aung/Project/Practice/laravel-pusher-chat/vendor/laravel/framework/src/Illuminate/Pipeline/Pipeline.php(183): Illuminate\\Foundation\\Http\\Middleware\\ConvertEmptyStringsToNull->handle()
#41 /home/aung/Project/Practice/laravel-pusher-chat/vendor/laravel/framework/src/Illuminate/Foundation/Http/Middleware/TransformsRequest.php(21): Illuminate\\Pipeline\\Pipeline->Illuminate\\Pipeline\\{closure}()
#42 /home/aung/Project/Practice/laravel-pusher-chat/vendor/laravel/framework/src/Illuminate/Foundation/Http/Middleware/TrimStrings.php(40): Illuminate\\Foundation\\Http\\Middleware\\TransformsRequest->handle()
#43 /home/aung/Project/Practice/laravel-pusher-chat/vendor/laravel/framework/src/Illuminate/Pipeline/Pipeline.php(183): Illuminate\\Foundation\\Http\\Middleware\\TrimStrings->handle()
#44 /home/aung/Project/Practice/laravel-pusher-chat/vendor/laravel/framework/src/Illuminate/Foundation/Http/Middleware/ValidatePostSize.php(27): Illuminate\\Pipeline\\Pipeline->Illuminate\\Pipeline\\{closure}()
#45 /home/aung/Project/Practice/laravel-pusher-chat/vendor/laravel/framework/src/Illuminate/Pipeline/Pipeline.php(183): Illuminate\\Foundation\\Http\\Middleware\\ValidatePostSize->handle()
#46 /home/aung/Project/Practice/laravel-pusher-chat/vendor/laravel/framework/src/Illuminate/Foundation/Http/Middleware/PreventRequestsDuringMaintenance.php(99): Illuminate\\Pipeline\\Pipeline->Illuminate\\Pipeline\\{closure}()
#47 /home/aung/Project/Practice/laravel-pusher-chat/vendor/laravel/framework/src/Illuminate/Pipeline/Pipeline.php(183): Illuminate\\Foundation\\Http\\Middleware\\PreventRequestsDuringMaintenance->handle()
#48 /home/aung/Project/Practice/laravel-pusher-chat/vendor/laravel/framework/src/Illuminate/Http/Middleware/HandleCors.php(62): Illuminate\\Pipeline\\Pipeline->Illuminate\\Pipeline\\{closure}()
#49 /home/aung/Project/Practice/laravel-pusher-chat/vendor/laravel/framework/src/Illuminate/Pipeline/Pipeline.php(183): Illuminate\\Http\\Middleware\\HandleCors->handle()
#50 /home/aung/Project/Practice/laravel-pusher-chat/vendor/laravel/framework/src/Illuminate/Http/Middleware/TrustProxies.php(39): Illuminate\\Pipeline\\Pipeline->Illuminate\\Pipeline\\{closure}()
#51 /home/aung/Project/Practice/laravel-pusher-chat/vendor/laravel/framework/src/Illuminate/Pipeline/Pipeline.php(183): Illuminate\\Http\\Middleware\\TrustProxies->handle()
#52 /home/aung/Project/Practice/laravel-pusher-chat/vendor/laravel/framework/src/Illuminate/Pipeline/Pipeline.php(119): Illuminate\\Pipeline\\Pipeline->Illuminate\\Pipeline\\{closure}()
#53 /home/aung/Project/Practice/laravel-pusher-chat/vendor/laravel/framework/src/Illuminate/Foundation/Http/Kernel.php(175): Illuminate\\Pipeline\\Pipeline->then()
#54 /home/aung/Project/Practice/laravel-pusher-chat/vendor/laravel/framework/src/Illuminate/Foundation/Http/Kernel.php(144): Illuminate\\Foundation\\Http\\Kernel->sendRequestThroughRouter()
#55 /home/aung/Project/Practice/laravel-pusher-chat/public/index.php(51): Illuminate\\Foundation\\Http\\Kernel->handle()
#56 /home/aung/Project/Practice/laravel-pusher-chat/vendor/laravel/framework/src/Illuminate/Foundation/resources/server.php(16): require_once('...')
#57 {main}
"} 
[2024-02-27 02:30:16] local.ERROR: Pusher error: cURL error 6: Could not resolve host: api-us3.pusher.com (see https://curl.haxx.se/libcurl/c/libcurl-errors.html) for https://api-us3.pusher.com/apps/1756763/events?auth_key=dae6ba77b2d27b319f49&auth_timestamp=1709001016&auth_version=1.0&body_md5=c7fb32940da44b24b665c84cef68fd77&auth_signature=867953de6515257c68bdd8459228677e093fccf87674269ddee0133befd5ea45. {"userId":2,"exception":"[object] (Illuminate\\Broadcasting\\BroadcastException(code: 0): Pusher error: cURL error 6: Could not resolve host: api-us3.pusher.com (see https://curl.haxx.se/libcurl/c/libcurl-errors.html) for https://api-us3.pusher.com/apps/1756763/events?auth_key=dae6ba77b2d27b319f49&auth_timestamp=1709001016&auth_version=1.0&body_md5=c7fb32940da44b24b665c84cef68fd77&auth_signature=867953de6515257c68bdd8459228677e093fccf87674269ddee0133befd5ea45. at /home/aung/Project/Practice/laravel-pusher-chat/vendor/laravel/framework/src/Illuminate/Broadcasting/Broadcasters/PusherBroadcaster.php:164)
[stacktrace]
#0 /home/aung/Project/Practice/laravel-pusher-chat/vendor/laravel/framework/src/Illuminate/Broadcasting/BroadcastEvent.php(92): Illuminate\\Broadcasting\\Broadcasters\\PusherBroadcaster->broadcast()
#1 /home/aung/Project/Practice/laravel-pusher-chat/vendor/laravel/framework/src/Illuminate/Container/BoundMethod.php(36): Illuminate\\Broadcasting\\BroadcastEvent->handle()
#2 /home/aung/Project/Practice/laravel-pusher-chat/vendor/laravel/framework/src/Illuminate/Container/Util.php(41): Illuminate\\Container\\BoundMethod::Illuminate\\Container\\{closure}()
#3 /home/aung/Project/Practice/laravel-pusher-chat/vendor/laravel/framework/src/Illuminate/Container/BoundMethod.php(93): Illuminate\\Container\\Util::unwrapIfClosure()
#4 /home/aung/Project/Practice/laravel-pusher-chat/vendor/laravel/framework/src/Illuminate/Container/BoundMethod.php(35): Illuminate\\Container\\BoundMethod::callBoundMethod()
#5 /home/aung/Project/Practice/laravel-pusher-chat/vendor/laravel/framework/src/Illuminate/Container/Container.php(662): Illuminate\\Container\\BoundMethod::call()
#6 /home/aung/Project/Practice/laravel-pusher-chat/vendor/laravel/framework/src/Illuminate/Bus/Dispatcher.php(128): Illuminate\\Container\\Container->call()
#7 /home/aung/Project/Practice/laravel-pusher-chat/vendor/laravel/framework/src/Illuminate/Pipeline/Pipeline.php(144): Illuminate\\Bus\\Dispatcher->Illuminate\\Bus\\{closure}()
#8 /home/aung/Project/Practice/laravel-pusher-chat/vendor/laravel/framework/src/Illuminate/Pipeline/Pipeline.php(119): Illuminate\\Pipeline\\Pipeline->Illuminate\\Pipeline\\{closure}()
#9 /home/aung/Project/Practice/laravel-pusher-chat/vendor/laravel/framework/src/Illuminate/Bus/Dispatcher.php(132): Illuminate\\Pipeline\\Pipeline->then()
#10 /home/aung/Project/Practice/laravel-pusher-chat/vendor/laravel/framework/src/Illuminate/Broadcasting/BroadcastManager.php(158): Illuminate\\Bus\\Dispatcher->dispatchNow()
#11 /home/aung/Project/Practice/laravel-pusher-chat/vendor/laravel/framework/src/Illuminate/Events/Dispatcher.php(357): Illuminate\\Broadcasting\\BroadcastManager->queue()
#12 /home/aung/Project/Practice/laravel-pusher-chat/vendor/laravel/framework/src/Illuminate/Events/Dispatcher.php(280): Illuminate\\Events\\Dispatcher->broadcastEvent()
#13 /home/aung/Project/Practice/laravel-pusher-chat/vendor/laravel/framework/src/Illuminate/Events/Dispatcher.php(266): Illuminate\\Events\\Dispatcher->invokeListeners()
#14 /home/aung/Project/Practice/laravel-pusher-chat/vendor/laravel/framework/src/Illuminate/Broadcasting/PendingBroadcast.php(72): Illuminate\\Events\\Dispatcher->dispatch()
#15 /home/aung/Project/Practice/laravel-pusher-chat/app/Http/Controllers/ChatMessageController.php(67): Illuminate\\Broadcasting\\PendingBroadcast->__destruct()
#16 /home/aung/Project/Practice/laravel-pusher-chat/app/Http/Controllers/ChatMessageController.php(58): App\\Http\\Controllers\\ChatMessageController->sendNotificationToOther()
#17 /home/aung/Project/Practice/laravel-pusher-chat/vendor/laravel/framework/src/Illuminate/Routing/Controller.php(54): App\\Http\\Controllers\\ChatMessageController->store()
#18 /home/aung/Project/Practice/laravel-pusher-chat/vendor/laravel/framework/src/Illuminate/Routing/ControllerDispatcher.php(43): Illuminate\\Routing\\Controller->callAction()
#19 /home/aung/Project/Practice/laravel-pusher-chat/vendor/laravel/framework/src/Illuminate/Routing/Route.php(259): Illuminate\\Routing\\ControllerDispatcher->dispatch()
#20 /home/aung/Project/Practice/laravel-pusher-chat/vendor/laravel/framework/src/Illuminate/Routing/Route.php(205): Illuminate\\Routing\\Route->runController()
#21 /home/aung/Project/Practice/laravel-pusher-chat/vendor/laravel/framework/src/Illuminate/Routing/Router.php(806): Illuminate\\Routing\\Route->run()
#22 /home/aung/Project/Practice/laravel-pusher-chat/vendor/laravel/framework/src/Illuminate/Pipeline/Pipeline.php(144): Illuminate\\Routing\\Router->Illuminate\\Routing\\{closure}()
#23 /home/aung/Project/Practice/laravel-pusher-chat/vendor/laravel/framework/src/Illuminate/Routing/Middleware/SubstituteBindings.php(50): Illuminate\\Pipeline\\Pipeline->Illuminate\\Pipeline\\{closure}()
#24 /home/aung/Project/Practice/laravel-pusher-chat/vendor/laravel/framework/src/Illuminate/Pipeline/Pipeline.php(183): Illuminate\\Routing\\Middleware\\SubstituteBindings->handle()
#25 /home/aung/Project/Practice/laravel-pusher-chat/vendor/laravel/framework/src/Illuminate/Routing/Middleware/ThrottleRequests.php(159): Illuminate\\Pipeline\\Pipeline->Illuminate\\Pipeline\\{closure}()
#26 /home/aung/Project/Practice/laravel-pusher-chat/vendor/laravel/framework/src/Illuminate/Routing/Middleware/ThrottleRequests.php(125): Illuminate\\Routing\\Middleware\\ThrottleRequests->handleRequest()
#27 /home/aung/Project/Practice/laravel-pusher-chat/vendor/laravel/framework/src/Illuminate/Routing/Middleware/ThrottleRequests.php(87): Illuminate\\Routing\\Middleware\\ThrottleRequests->handleRequestUsingNamedLimiter()
#28 /home/aung/Project/Practice/laravel-pusher-chat/vendor/laravel/framework/src/Illuminate/Pipeline/Pipeline.php(183): Illuminate\\Routing\\Middleware\\ThrottleRequests->handle()
#29 /home/aung/Project/Practice/laravel-pusher-chat/vendor/laravel/framework/src/Illuminate/Auth/Middleware/Authenticate.php(57): Illuminate\\Pipeline\\Pipeline->Illuminate\\Pipeline\\{closure}()
#30 /home/aung/Project/Practice/laravel-pusher-chat/vendor/laravel/framework/src/Illuminate/Pipeline/Pipeline.php(183): Illuminate\\Auth\\Middleware\\Authenticate->handle()
#31 /home/aung/Project/Practice/laravel-pusher-chat/vendor/laravel/framework/src/Illuminate/Pipeline/Pipeline.php(119): Illuminate\\Pipeline\\Pipeline->Illuminate\\Pipeline\\{closure}()
#32 /home/aung/Project/Practice/laravel-pusher-chat/vendor/laravel/framework/src/Illuminate/Routing/Router.php(805): Illuminate\\Pipeline\\Pipeline->then()
#33 /home/aung/Project/Practice/laravel-pusher-chat/vendor/laravel/framework/src/Illuminate/Routing/Router.php(784): Illuminate\\Routing\\Router->runRouteWithinStack()
#34 /home/aung/Project/Practice/laravel-pusher-chat/vendor/laravel/framework/src/Illuminate/Routing/Router.php(748): Illuminate\\Routing\\Router->runRoute()
#35 /home/aung/Project/Practice/laravel-pusher-chat/vendor/laravel/framework/src/Illuminate/Routing/Router.php(737): Illuminate\\Routing\\Router->dispatchToRoute()
#36 /home/aung/Project/Practice/laravel-pusher-chat/vendor/laravel/framework/src/Illuminate/Foundation/Http/Kernel.php(200): Illuminate\\Routing\\Router->dispatch()
#37 /home/aung/Project/Practice/laravel-pusher-chat/vendor/laravel/framework/src/Illuminate/Pipeline/Pipeline.php(144): Illuminate\\Foundation\\Http\\Kernel->Illuminate\\Foundation\\Http\\{closure}()
#38 /home/aung/Project/Practice/laravel-pusher-chat/vendor/laravel/framework/src/Illuminate/Foundation/Http/Middleware/TransformsRequest.php(21): Illuminate\\Pipeline\\Pipeline->Illuminate\\Pipeline\\{closure}()
#39 /home/aung/Project/Practice/laravel-pusher-chat/vendor/laravel/framework/src/Illuminate/Foundation/Http/Middleware/ConvertEmptyStringsToNull.php(31): Illuminate\\Foundation\\Http\\Middleware\\TransformsRequest->handle()
#40 /home/aung/Project/Practice/laravel-pusher-chat/vendor/laravel/framework/src/Illuminate/Pipeline/Pipeline.php(183): Illuminate\\Foundation\\Http\\Middleware\\ConvertEmptyStringsToNull->handle()
#41 /home/aung/Project/Practice/laravel-pusher-chat/vendor/laravel/framework/src/Illuminate/Foundation/Http/Middleware/TransformsRequest.php(21): Illuminate\\Pipeline\\Pipeline->Illuminate\\Pipeline\\{closure}()
#42 /home/aung/Project/Practice/laravel-pusher-chat/vendor/laravel/framework/src/Illuminate/Foundation/Http/Middleware/TrimStrings.php(40): Illuminate\\Foundation\\Http\\Middleware\\TransformsRequest->handle()
#43 /home/aung/Project/Practice/laravel-pusher-chat/vendor/laravel/framework/src/Illuminate/Pipeline/Pipeline.php(183): Illuminate\\Foundation\\Http\\Middleware\\TrimStrings->handle()
#44 /home/aung/Project/Practice/laravel-pusher-chat/vendor/laravel/framework/src/Illuminate/Foundation/Http/Middleware/ValidatePostSize.php(27): Illuminate\\Pipeline\\Pipeline->Illuminate\\Pipeline\\{closure}()
#45 /home/aung/Project/Practice/laravel-pusher-chat/vendor/laravel/framework/src/Illuminate/Pipeline/Pipeline.php(183): Illuminate\\Foundation\\Http\\Middleware\\ValidatePostSize->handle()
#46 /home/aung/Project/Practice/laravel-pusher-chat/vendor/laravel/framework/src/Illuminate/Foundation/Http/Middleware/PreventRequestsDuringMaintenance.php(99): Illuminate\\Pipeline\\Pipeline->Illuminate\\Pipeline\\{closure}()
#47 /home/aung/Project/Practice/laravel-pusher-chat/vendor/laravel/framework/src/Illuminate/Pipeline/Pipeline.php(183): Illuminate\\Foundation\\Http\\Middleware\\PreventRequestsDuringMaintenance->handle()
#48 /home/aung/Project/Practice/laravel-pusher-chat/vendor/laravel/framework/src/Illuminate/Http/Middleware/HandleCors.php(62): Illuminate\\Pipeline\\Pipeline->Illuminate\\Pipeline\\{closure}()
#49 /home/aung/Project/Practice/laravel-pusher-chat/vendor/laravel/framework/src/Illuminate/Pipeline/Pipeline.php(183): Illuminate\\Http\\Middleware\\HandleCors->handle()
#50 /home/aung/Project/Practice/laravel-pusher-chat/vendor/laravel/framework/src/Illuminate/Http/Middleware/TrustProxies.php(39): Illuminate\\Pipeline\\Pipeline->Illuminate\\Pipeline\\{closure}()
#51 /home/aung/Project/Practice/laravel-pusher-chat/vendor/laravel/framework/src/Illuminate/Pipeline/Pipeline.php(183): Illuminate\\Http\\Middleware\\TrustProxies->handle()
#52 /home/aung/Project/Practice/laravel-pusher-chat/vendor/laravel/framework/src/Illuminate/Pipeline/Pipeline.php(119): Illuminate\\Pipeline\\Pipeline->Illuminate\\Pipeline\\{closure}()
#53 /home/aung/Project/Practice/laravel-pusher-chat/vendor/laravel/framework/src/Illuminate/Foundation/Http/Kernel.php(175): Illuminate\\Pipeline\\Pipeline->then()
#54 /home/aung/Project/Practice/laravel-pusher-chat/vendor/laravel/framework/src/Illuminate/Foundation/Http/Kernel.php(144): Illuminate\\Foundation\\Http\\Kernel->sendRequestThroughRouter()
#55 /home/aung/Project/Practice/laravel-pusher-chat/public/index.php(51): Illuminate\\Foundation\\Http\\Kernel->handle()
#56 /home/aung/Project/Practice/laravel-pusher-chat/vendor/laravel/framework/src/Illuminate/Foundation/resources/server.php(16): require_once('...')
#57 {main}
"} 
[2024-02-28 00:49:19] local.ERROR: Vite manifest not found at: /home/aung/Project/Practice/laravel-pusher-chat/public/build/manifest.json {"view":{"view":"/home/aung/Project/Practice/laravel-pusher-chat/resources/views/layouts/app.blade.php","data":[]},"exception":"[object] (Spatie\\LaravelIgnition\\Exceptions\\ViewException(code: 0): Vite manifest not found at: /home/aung/Project/Practice/laravel-pusher-chat/public/build/manifest.json at /home/aung/Project/Practice/laravel-pusher-chat/vendor/laravel/framework/src/Illuminate/Foundation/Vite.php:728)
[stacktrace]
#0 /home/aung/Project/Practice/laravel-pusher-chat/vendor/laravel/framework/src/Illuminate/Foundation/Vite.php(293): Illuminate\\Foundation\\Vite->manifest()
#1 /home/aung/Project/Practice/laravel-pusher-chat/resources/views/layouts/app.blade.php(63): Illuminate\\Foundation\\Vite->__invoke()
#2 /home/aung/Project/Practice/laravel-pusher-chat/vendor/laravel/framework/src/Illuminate/Filesystem/Filesystem.php(124): require('...')
#3 /home/aung/Project/Practice/laravel-pusher-chat/vendor/laravel/framework/src/Illuminate/Filesystem/Filesystem.php(125): Illuminate\\Filesystem\\Filesystem::Illuminate\\Filesystem\\{closure}()
#4 /home/aung/Project/Practice/laravel-pusher-chat/vendor/laravel/framework/src/Illuminate/View/Engines/PhpEngine.php(58): Illuminate\\Filesystem\\Filesystem->getRequire()
#5 /home/aung/Project/Practice/laravel-pusher-chat/vendor/laravel/framework/src/Illuminate/View/Engines/CompilerEngine.php(72): Illuminate\\View\\Engines\\PhpEngine->evaluatePath()
#6 /home/aung/Project/Practice/laravel-pusher-chat/vendor/laravel/framework/src/Illuminate/View/View.php(207): Illuminate\\View\\Engines\\CompilerEngine->get()
#7 /home/aung/Project/Practice/laravel-pusher-chat/vendor/laravel/framework/src/Illuminate/View/View.php(190): Illuminate\\View\\View->getContents()
#8 /home/aung/Project/Practice/laravel-pusher-chat/vendor/laravel/framework/src/Illuminate/View/View.php(159): Illuminate\\View\\View->renderContents()
#9 /home/aung/Project/Practice/laravel-pusher-chat/resources/views/login.blade.php(19): Illuminate\\View\\View->render()
#10 /home/aung/Project/Practice/laravel-pusher-chat/vendor/laravel/framework/src/Illuminate/Filesystem/Filesystem.php(124): require('...')
#11 /home/aung/Project/Practice/laravel-pusher-chat/vendor/laravel/framework/src/Illuminate/Filesystem/Filesystem.php(125): Illuminate\\Filesystem\\Filesystem::Illuminate\\Filesystem\\{closure}()
#12 /home/aung/Project/Practice/laravel-pusher-chat/vendor/laravel/framework/src/Illuminate/View/Engines/PhpEngine.php(58): Illuminate\\Filesystem\\Filesystem->getRequire()
#13 /home/aung/Project/Practice/laravel-pusher-chat/vendor/laravel/framework/src/Illuminate/View/Engines/CompilerEngine.php(72): Illuminate\\View\\Engines\\PhpEngine->evaluatePath()
#14 /home/aung/Project/Practice/laravel-pusher-chat/vendor/laravel/framework/src/Illuminate/View/View.php(207): Illuminate\\View\\Engines\\CompilerEngine->get()
#15 /home/aung/Project/Practice/laravel-pusher-chat/vendor/laravel/framework/src/Illuminate/View/View.php(190): Illuminate\\View\\View->getContents()
#16 /home/aung/Project/Practice/laravel-pusher-chat/vendor/laravel/framework/src/Illuminate/View/View.php(159): Illuminate\\View\\View->renderContents()
#17 /home/aung/Project/Practice/laravel-pusher-chat/vendor/laravel/framework/src/Illuminate/Http/Response.php(69): Illuminate\\View\\View->render()
#18 /home/aung/Project/Practice/laravel-pusher-chat/vendor/laravel/framework/src/Illuminate/Http/Response.php(35): Illuminate\\Http\\Response->setContent()
#19 /home/aung/Project/Practice/laravel-pusher-chat/vendor/laravel/framework/src/Illuminate/Routing/Router.php(918): Illuminate\\Http\\Response->__construct()
#20 /home/aung/Project/Practice/laravel-pusher-chat/vendor/laravel/framework/src/Illuminate/Routing/Router.php(885): Illuminate\\Routing\\Router::toResponse()
#21 /home/aung/Project/Practice/laravel-pusher-chat/vendor/laravel/framework/src/Illuminate/Routing/Router.php(805): Illuminate\\Routing\\Router->prepareResponse()
#22 /home/aung/Project/Practice/laravel-pusher-chat/vendor/laravel/framework/src/Illuminate/Pipeline/Pipeline.php(144): Illuminate\\Routing\\Router->Illuminate\\Routing\\{closure}()
#23 /home/aung/Project/Practice/laravel-pusher-chat/vendor/laravel/framework/src/Illuminate/Routing/Middleware/SubstituteBindings.php(50): Illuminate\\Pipeline\\Pipeline->Illuminate\\Pipeline\\{closure}()
#24 /home/aung/Project/Practice/laravel-pusher-chat/vendor/laravel/framework/src/Illuminate/Pipeline/Pipeline.php(183): Illuminate\\Routing\\Middleware\\SubstituteBindings->handle()
#25 /home/aung/Project/Practice/laravel-pusher-chat/vendor/laravel/framework/src/Illuminate/Foundation/Http/Middleware/VerifyCsrfToken.php(78): Illuminate\\Pipeline\\Pipeline->Illuminate\\Pipeline\\{closure}()
#26 /home/aung/Project/Practice/laravel-pusher-chat/vendor/laravel/framework/src/Illuminate/Pipeline/Pipeline.php(183): Illuminate\\Foundation\\Http\\Middleware\\VerifyCsrfToken->handle()
#27 /home/aung/Project/Practice/laravel-pusher-chat/vendor/laravel/framework/src/Illuminate/View/Middleware/ShareErrorsFromSession.php(49): Illuminate\\Pipeline\\Pipeline->Illuminate\\Pipeline\\{closure}()
#28 /home/aung/Project/Practice/laravel-pusher-chat/vendor/laravel/framework/src/Illuminate/Pipeline/Pipeline.php(183): Illuminate\\View\\Middleware\\ShareErrorsFromSession->handle()
#29 /home/aung/Project/Practice/laravel-pusher-chat/vendor/laravel/framework/src/Illuminate/Session/Middleware/StartSession.php(121): Illuminate\\Pipeline\\Pipeline->Illuminate\\Pipeline\\{closure}()
#30 /home/aung/Project/Practice/laravel-pusher-chat/vendor/laravel/framework/src/Illuminate/Session/Middleware/StartSession.php(64): Illuminate\\Session\\Middleware\\StartSession->handleStatefulRequest()
#31 /home/aung/Project/Practice/laravel-pusher-chat/vendor/laravel/framework/src/Illuminate/Pipeline/Pipeline.php(183): Illuminate\\Session\\Middleware\\StartSession->handle()
#32 /home/aung/Project/Practice/laravel-pusher-chat/vendor/laravel/framework/src/Illuminate/Cookie/Middleware/AddQueuedCookiesToResponse.php(37): Illuminate\\Pipeline\\Pipeline->Illuminate\\Pipeline\\{closure}()
#33 /home/aung/Project/Practice/laravel-pusher-chat/vendor/laravel/framework/src/Illuminate/Pipeline/Pipeline.php(183): Illuminate\\Cookie\\Middleware\\AddQueuedCookiesToResponse->handle()
#34 /home/aung/Project/Practice/laravel-pusher-chat/vendor/laravel/framework/src/Illuminate/Cookie/Middleware/EncryptCookies.php(67): Illuminate\\Pipeline\\Pipeline->Illuminate\\Pipeline\\{closure}()
#35 /home/aung/Project/Practice/laravel-pusher-chat/vendor/laravel/framework/src/Illuminate/Pipeline/Pipeline.php(183): Illuminate\\Cookie\\Middleware\\EncryptCookies->handle()
#36 /home/aung/Project/Practice/laravel-pusher-chat/vendor/laravel/framework/src/Illuminate/Pipeline/Pipeline.php(119): Illuminate\\Pipeline\\Pipeline->Illuminate\\Pipeline\\{closure}()
#37 /home/aung/Project/Practice/laravel-pusher-chat/vendor/laravel/framework/src/Illuminate/Routing/Router.php(805): Illuminate\\Pipeline\\Pipeline->then()
#38 /home/aung/Project/Practice/laravel-pusher-chat/vendor/laravel/framework/src/Illuminate/Routing/Router.php(784): Illuminate\\Routing\\Router->runRouteWithinStack()
#39 /home/aung/Project/Practice/laravel-pusher-chat/vendor/laravel/framework/src/Illuminate/Routing/Router.php(748): Illuminate\\Routing\\Router->runRoute()
#40 /home/aung/Project/Practice/laravel-pusher-chat/vendor/laravel/framework/src/Illuminate/Routing/Router.php(737): Illuminate\\Routing\\Router->dispatchToRoute()
#41 /home/aung/Project/Practice/laravel-pusher-chat/vendor/laravel/framework/src/Illuminate/Foundation/Http/Kernel.php(200): Illuminate\\Routing\\Router->dispatch()
#42 /home/aung/Project/Practice/laravel-pusher-chat/vendor/laravel/framework/src/Illuminate/Pipeline/Pipeline.php(144): Illuminate\\Foundation\\Http\\Kernel->Illuminate\\Foundation\\Http\\{closure}()
#43 /home/aung/Project/Practice/laravel-pusher-chat/vendor/laravel/framework/src/Illuminate/Foundation/Http/Middleware/TransformsRequest.php(21): Illuminate\\Pipeline\\Pipeline->Illuminate\\Pipeline\\{closure}()
#44 /home/aung/Project/Practice/laravel-pusher-chat/vendor/laravel/framework/src/Illuminate/Foundation/Http/Middleware/ConvertEmptyStringsToNull.php(31): Illuminate\\Foundation\\Http\\Middleware\\TransformsRequest->handle()
#45 /home/aung/Project/Practice/laravel-pusher-chat/vendor/laravel/framework/src/Illuminate/Pipeline/Pipeline.php(183): Illuminate\\Foundation\\Http\\Middleware\\ConvertEmptyStringsToNull->handle()
#46 /home/aung/Project/Practice/laravel-pusher-chat/vendor/laravel/framework/src/Illuminate/Foundation/Http/Middleware/TransformsRequest.php(21): Illuminate\\Pipeline\\Pipeline->Illuminate\\Pipeline\\{closure}()
#47 /home/aung/Project/Practice/laravel-pusher-chat/vendor/laravel/framework/src/Illuminate/Foundation/Http/Middleware/TrimStrings.php(40): Illuminate\\Foundation\\Http\\Middleware\\TransformsRequest->handle()
#48 /home/aung/Project/Practice/laravel-pusher-chat/vendor/laravel/framework/src/Illuminate/Pipeline/Pipeline.php(183): Illuminate\\Foundation\\Http\\Middleware\\TrimStrings->handle()
#49 /home/aung/Project/Practice/laravel-pusher-chat/vendor/laravel/framework/src/Illuminate/Foundation/Http/Middleware/ValidatePostSize.php(27): Illuminate\\Pipeline\\Pipeline->Illuminate\\Pipeline\\{closure}()
#50 /home/aung/Project/Practice/laravel-pusher-chat/vendor/laravel/framework/src/Illuminate/Pipeline/Pipeline.php(183): Illuminate\\Foundation\\Http\\Middleware\\ValidatePostSize->handle()
#51 /home/aung/Project/Practice/laravel-pusher-chat/vendor/laravel/framework/src/Illuminate/Foundation/Http/Middleware/PreventRequestsDuringMaintenance.php(99): Illuminate\\Pipeline\\Pipeline->Illuminate\\Pipeline\\{closure}()
#52 /home/aung/Project/Practice/laravel-pusher-chat/vendor/laravel/framework/src/Illuminate/Pipeline/Pipeline.php(183): Illuminate\\Foundation\\Http\\Middleware\\PreventRequestsDuringMaintenance->handle()
#53 /home/aung/Project/Practice/laravel-pusher-chat/vendor/laravel/framework/src/Illuminate/Http/Middleware/HandleCors.php(49): Illuminate\\Pipeline\\Pipeline->Illuminate\\Pipeline\\{closure}()
#54 /home/aung/Project/Practice/laravel-pusher-chat/vendor/laravel/framework/src/Illuminate/Pipeline/Pipeline.php(183): Illuminate\\Http\\Middleware\\HandleCors->handle()
#55 /home/aung/Project/Practice/laravel-pusher-chat/vendor/laravel/framework/src/Illuminate/Http/Middleware/TrustProxies.php(39): Illuminate\\Pipeline\\Pipeline->Illuminate\\Pipeline\\{closure}()
#56 /home/aung/Project/Practice/laravel-pusher-chat/vendor/laravel/framework/src/Illuminate/Pipeline/Pipeline.php(183): Illuminate\\Http\\Middleware\\TrustProxies->handle()
#57 /home/aung/Project/Practice/laravel-pusher-chat/vendor/laravel/framework/src/Illuminate/Pipeline/Pipeline.php(119): Illuminate\\Pipeline\\Pipeline->Illuminate\\Pipeline\\{closure}()
#58 /home/aung/Project/Practice/laravel-pusher-chat/vendor/laravel/framework/src/Illuminate/Foundation/Http/Kernel.php(175): Illuminate\\Pipeline\\Pipeline->then()
#59 /home/aung/Project/Practice/laravel-pusher-chat/vendor/laravel/framework/src/Illuminate/Foundation/Http/Kernel.php(144): Illuminate\\Foundation\\Http\\Kernel->sendRequestThroughRouter()
#60 /home/aung/Project/Practice/laravel-pusher-chat/public/index.php(51): Illuminate\\Foundation\\Http\\Kernel->handle()
#61 /home/aung/Project/Practice/laravel-pusher-chat/vendor/laravel/framework/src/Illuminate/Foundation/resources/server.php(16): require_once('...')
#62 {main}

[previous exception] [object] (Illuminate\\Foundation\\ViteManifestNotFoundException(code: 0): Vite manifest not found at: /home/aung/Project/Practice/laravel-pusher-chat/public/build/manifest.json at /home/aung/Project/Practice/laravel-pusher-chat/vendor/laravel/framework/src/Illuminate/Foundation/Vite.php:728)
[stacktrace]
#0 /home/aung/Project/Practice/laravel-pusher-chat/vendor/laravel/framework/src/Illuminate/Foundation/Vite.php(293): Illuminate\\Foundation\\Vite->manifest()
#1 /home/aung/Project/Practice/laravel-pusher-chat/storage/framework/views/52c0b377d8487c243f65ff58e264ccb4.php(63): Illuminate\\Foundation\\Vite->__invoke()
#2 /home/aung/Project/Practice/laravel-pusher-chat/vendor/laravel/framework/src/Illuminate/Filesystem/Filesystem.php(124): require('...')
#3 /home/aung/Project/Practice/laravel-pusher-chat/vendor/laravel/framework/src/Illuminate/Filesystem/Filesystem.php(125): Illuminate\\Filesystem\\Filesystem::Illuminate\\Filesystem\\{closure}()
#4 /home/aung/Project/Practice/laravel-pusher-chat/vendor/laravel/framework/src/Illuminate/View/Engines/PhpEngine.php(58): Illuminate\\Filesystem\\Filesystem->getRequire()
#5 /home/aung/Project/Practice/laravel-pusher-chat/vendor/laravel/framework/src/Illuminate/View/Engines/CompilerEngine.php(72): Illuminate\\View\\Engines\\PhpEngine->evaluatePath()
#6 /home/aung/Project/Practice/laravel-pusher-chat/vendor/laravel/framework/src/Illuminate/View/View.php(207): Illuminate\\View\\Engines\\CompilerEngine->get()
#7 /home/aung/Project/Practice/laravel-pusher-chat/vendor/laravel/framework/src/Illuminate/View/View.php(190): Illuminate\\View\\View->getContents()
#8 /home/aung/Project/Practice/laravel-pusher-chat/vendor/laravel/framework/src/Illuminate/View/View.php(159): Illuminate\\View\\View->renderContents()
#9 /home/aung/Project/Practice/laravel-pusher-chat/storage/framework/views/4716a7469be6fd9508770dd342fa90ed.php(19): Illuminate\\View\\View->render()
#10 /home/aung/Project/Practice/laravel-pusher-chat/vendor/laravel/framework/src/Illuminate/Filesystem/Filesystem.php(124): require('...')
#11 /home/aung/Project/Practice/laravel-pusher-chat/vendor/laravel/framework/src/Illuminate/Filesystem/Filesystem.php(125): Illuminate\\Filesystem\\Filesystem::Illuminate\\Filesystem\\{closure}()
#12 /home/aung/Project/Practice/laravel-pusher-chat/vendor/laravel/framework/src/Illuminate/View/Engines/PhpEngine.php(58): Illuminate\\Filesystem\\Filesystem->getRequire()
#13 /home/aung/Project/Practice/laravel-pusher-chat/vendor/laravel/framework/src/Illuminate/View/Engines/CompilerEngine.php(72): Illuminate\\View\\Engines\\PhpEngine->evaluatePath()
#14 /home/aung/Project/Practice/laravel-pusher-chat/vendor/laravel/framework/src/Illuminate/View/View.php(207): Illuminate\\View\\Engines\\CompilerEngine->get()
#15 /home/aung/Project/Practice/laravel-pusher-chat/vendor/laravel/framework/src/Illuminate/View/View.php(190): Illuminate\\View\\View->getContents()
#16 /home/aung/Project/Practice/laravel-pusher-chat/vendor/laravel/framework/src/Illuminate/View/View.php(159): Illuminate\\View\\View->renderContents()
#17 /home/aung/Project/Practice/laravel-pusher-chat/vendor/laravel/framework/src/Illuminate/Http/Response.php(69): Illuminate\\View\\View->render()
#18 /home/aung/Project/Practice/laravel-pusher-chat/vendor/laravel/framework/src/Illuminate/Http/Response.php(35): Illuminate\\Http\\Response->setContent()
#19 /home/aung/Project/Practice/laravel-pusher-chat/vendor/laravel/framework/src/Illuminate/Routing/Router.php(918): Illuminate\\Http\\Response->__construct()
#20 /home/aung/Project/Practice/laravel-pusher-chat/vendor/laravel/framework/src/Illuminate/Routing/Router.php(885): Illuminate\\Routing\\Router::toResponse()
#21 /home/aung/Project/Practice/laravel-pusher-chat/vendor/laravel/framework/src/Illuminate/Routing/Router.php(805): Illuminate\\Routing\\Router->prepareResponse()
#22 /home/aung/Project/Practice/laravel-pusher-chat/vendor/laravel/framework/src/Illuminate/Pipeline/Pipeline.php(144): Illuminate\\Routing\\Router->Illuminate\\Routing\\{closure}()
#23 /home/aung/Project/Practice/laravel-pusher-chat/vendor/laravel/framework/src/Illuminate/Routing/Middleware/SubstituteBindings.php(50): Illuminate\\Pipeline\\Pipeline->Illuminate\\Pipeline\\{closure}()
#24 /home/aung/Project/Practice/laravel-pusher-chat/vendor/laravel/framework/src/Illuminate/Pipeline/Pipeline.php(183): Illuminate\\Routing\\Middleware\\SubstituteBindings->handle()
#25 /home/aung/Project/Practice/laravel-pusher-chat/vendor/laravel/framework/src/Illuminate/Foundation/Http/Middleware/VerifyCsrfToken.php(78): Illuminate\\Pipeline\\Pipeline->Illuminate\\Pipeline\\{closure}()
#26 /home/aung/Project/Practice/laravel-pusher-chat/vendor/laravel/framework/src/Illuminate/Pipeline/Pipeline.php(183): Illuminate\\Foundation\\Http\\Middleware\\VerifyCsrfToken->handle()
#27 /home/aung/Project/Practice/laravel-pusher-chat/vendor/laravel/framework/src/Illuminate/View/Middleware/ShareErrorsFromSession.php(49): Illuminate\\Pipeline\\Pipeline->Illuminate\\Pipeline\\{closure}()
#28 /home/aung/Project/Practice/laravel-pusher-chat/vendor/laravel/framework/src/Illuminate/Pipeline/Pipeline.php(183): Illuminate\\View\\Middleware\\ShareErrorsFromSession->handle()
#29 /home/aung/Project/Practice/laravel-pusher-chat/vendor/laravel/framework/src/Illuminate/Session/Middleware/StartSession.php(121): Illuminate\\Pipeline\\Pipeline->Illuminate\\Pipeline\\{closure}()
#30 /home/aung/Project/Practice/laravel-pusher-chat/vendor/laravel/framework/src/Illuminate/Session/Middleware/StartSession.php(64): Illuminate\\Session\\Middleware\\StartSession->handleStatefulRequest()
#31 /home/aung/Project/Practice/laravel-pusher-chat/vendor/laravel/framework/src/Illuminate/Pipeline/Pipeline.php(183): Illuminate\\Session\\Middleware\\StartSession->handle()
#32 /home/aung/Project/Practice/laravel-pusher-chat/vendor/laravel/framework/src/Illuminate/Cookie/Middleware/AddQueuedCookiesToResponse.php(37): Illuminate\\Pipeline\\Pipeline->Illuminate\\Pipeline\\{closure}()
#33 /home/aung/Project/Practice/laravel-pusher-chat/vendor/laravel/framework/src/Illuminate/Pipeline/Pipeline.php(183): Illuminate\\Cookie\\Middleware\\AddQueuedCookiesToResponse->handle()
#34 /home/aung/Project/Practice/laravel-pusher-chat/vendor/laravel/framework/src/Illuminate/Cookie/Middleware/EncryptCookies.php(67): Illuminate\\Pipeline\\Pipeline->Illuminate\\Pipeline\\{closure}()
#35 /home/aung/Project/Practice/laravel-pusher-chat/vendor/laravel/framework/src/Illuminate/Pipeline/Pipeline.php(183): Illuminate\\Cookie\\Middleware\\EncryptCookies->handle()
#36 /home/aung/Project/Practice/laravel-pusher-chat/vendor/laravel/framework/src/Illuminate/Pipeline/Pipeline.php(119): Illuminate\\Pipeline\\Pipeline->Illuminate\\Pipeline\\{closure}()
#37 /home/aung/Project/Practice/laravel-pusher-chat/vendor/laravel/framework/src/Illuminate/Routing/Router.php(805): Illuminate\\Pipeline\\Pipeline->then()
#38 /home/aung/Project/Practice/laravel-pusher-chat/vendor/laravel/framework/src/Illuminate/Routing/Router.php(784): Illuminate\\Routing\\Router->runRouteWithinStack()
#39 /home/aung/Project/Practice/laravel-pusher-chat/vendor/laravel/framework/src/Illuminate/Routing/Router.php(748): Illuminate\\Routing\\Router->runRoute()
#40 /home/aung/Project/Practice/laravel-pusher-chat/vendor/laravel/framework/src/Illuminate/Routing/Router.php(737): Illuminate\\Routing\\Router->dispatchToRoute()
#41 /home/aung/Project/Practice/laravel-pusher-chat/vendor/laravel/framework/src/Illuminate/Foundation/Http/Kernel.php(200): Illuminate\\Routing\\Router->dispatch()
#42 /home/aung/Project/Practice/laravel-pusher-chat/vendor/laravel/framework/src/Illuminate/Pipeline/Pipeline.php(144): Illuminate\\Foundation\\Http\\Kernel->Illuminate\\Foundation\\Http\\{closure}()
#43 /home/aung/Project/Practice/laravel-pusher-chat/vendor/laravel/framework/src/Illuminate/Foundation/Http/Middleware/TransformsRequest.php(21): Illuminate\\Pipeline\\Pipeline->Illuminate\\Pipeline\\{closure}()
#44 /home/aung/Project/Practice/laravel-pusher-chat/vendor/laravel/framework/src/Illuminate/Foundation/Http/Middleware/ConvertEmptyStringsToNull.php(31): Illuminate\\Foundation\\Http\\Middleware\\TransformsRequest->handle()
#45 /home/aung/Project/Practice/laravel-pusher-chat/vendor/laravel/framework/src/Illuminate/Pipeline/Pipeline.php(183): Illuminate\\Foundation\\Http\\Middleware\\ConvertEmptyStringsToNull->handle()
#46 /home/aung/Project/Practice/laravel-pusher-chat/vendor/laravel/framework/src/Illuminate/Foundation/Http/Middleware/TransformsRequest.php(21): Illuminate\\Pipeline\\Pipeline->Illuminate\\Pipeline\\{closure}()
#47 /home/aung/Project/Practice/laravel-pusher-chat/vendor/laravel/framework/src/Illuminate/Foundation/Http/Middleware/TrimStrings.php(40): Illuminate\\Foundation\\Http\\Middleware\\TransformsRequest->handle()
#48 /home/aung/Project/Practice/laravel-pusher-chat/vendor/laravel/framework/src/Illuminate/Pipeline/Pipeline.php(183): Illuminate\\Foundation\\Http\\Middleware\\TrimStrings->handle()
#49 /home/aung/Project/Practice/laravel-pusher-chat/vendor/laravel/framework/src/Illuminate/Foundation/Http/Middleware/ValidatePostSize.php(27): Illuminate\\Pipeline\\Pipeline->Illuminate\\Pipeline\\{closure}()
#50 /home/aung/Project/Practice/laravel-pusher-chat/vendor/laravel/framework/src/Illuminate/Pipeline/Pipeline.php(183): Illuminate\\Foundation\\Http\\Middleware\\ValidatePostSize->handle()
#51 /home/aung/Project/Practice/laravel-pusher-chat/vendor/laravel/framework/src/Illuminate/Foundation/Http/Middleware/PreventRequestsDuringMaintenance.php(99): Illuminate\\Pipeline\\Pipeline->Illuminate\\Pipeline\\{closure}()
#52 /home/aung/Project/Practice/laravel-pusher-chat/vendor/laravel/framework/src/Illuminate/Pipeline/Pipeline.php(183): Illuminate\\Foundation\\Http\\Middleware\\PreventRequestsDuringMaintenance->handle()
#53 /home/aung/Project/Practice/laravel-pusher-chat/vendor/laravel/framework/src/Illuminate/Http/Middleware/HandleCors.php(49): Illuminate\\Pipeline\\Pipeline->Illuminate\\Pipeline\\{closure}()
#54 /home/aung/Project/Practice/laravel-pusher-chat/vendor/laravel/framework/src/Illuminate/Pipeline/Pipeline.php(183): Illuminate\\Http\\Middleware\\HandleCors->handle()
#55 /home/aung/Project/Practice/laravel-pusher-chat/vendor/laravel/framework/src/Illuminate/Http/Middleware/TrustProxies.php(39): Illuminate\\Pipeline\\Pipeline->Illuminate\\Pipeline\\{closure}()
#56 /home/aung/Project/Practice/laravel-pusher-chat/vendor/laravel/framework/src/Illuminate/Pipeline/Pipeline.php(183): Illuminate\\Http\\Middleware\\TrustProxies->handle()
#57 /home/aung/Project/Practice/laravel-pusher-chat/vendor/laravel/framework/src/Illuminate/Pipeline/Pipeline.php(119): Illuminate\\Pipeline\\Pipeline->Illuminate\\Pipeline\\{closure}()
#58 /home/aung/Project/Practice/laravel-pusher-chat/vendor/laravel/framework/src/Illuminate/Foundation/Http/Kernel.php(175): Illuminate\\Pipeline\\Pipeline->then()
#59 /home/aung/Project/Practice/laravel-pusher-chat/vendor/laravel/framework/src/Illuminate/Foundation/Http/Kernel.php(144): Illuminate\\Foundation\\Http\\Kernel->sendRequestThroughRouter()
#60 /home/aung/Project/Practice/laravel-pusher-chat/public/index.php(51): Illuminate\\Foundation\\Http\\Kernel->handle()
#61 /home/aung/Project/Practice/laravel-pusher-chat/vendor/laravel/framework/src/Illuminate/Foundation/resources/server.php(16): require_once('...')
#62 {main}
"} 
[2024-02-29 02:34:12] local.ERROR: SQLSTATE[42000]: Syntax error or access violation: 1055 Expression #1 of SELECT list is not in GROUP BY clause and contains nonaggregated column 'chat.chat_messages.id' which is not functionally dependent on columns in GROUP BY clause; this is incompatible with sql_mode=only_full_group_by (Connection: mysql, SQL: select * from `chat_messages` where `chat_id` = 1 and (`user_id` = 5 or `user_id` = 2) group by `created_at` order by `id` asc) {"userId":5,"exception":"[object] (Illuminate\\Database\\QueryException(code: 42000): SQLSTATE[42000]: Syntax error or access violation: 1055 Expression #1 of SELECT list is not in GROUP BY clause and contains nonaggregated column 'chat.chat_messages.id' which is not functionally dependent on columns in GROUP BY clause; this is incompatible with sql_mode=only_full_group_by (Connection: mysql, SQL: select * from `chat_messages` where `chat_id` = 1 and (`user_id` = 5 or `user_id` = 2) group by `created_at` order by `id` asc) at /home/aung/Project/Practice/laravel-pusher-chat/vendor/laravel/framework/src/Illuminate/Database/Connection.php:829)
[stacktrace]
#0 /home/aung/Project/Practice/laravel-pusher-chat/vendor/laravel/framework/src/Illuminate/Database/Connection.php(783): Illuminate\\Database\\Connection->runQueryCallback()
#1 /home/aung/Project/Practice/laravel-pusher-chat/vendor/laravel/framework/src/Illuminate/Database/Connection.php(414): Illuminate\\Database\\Connection->run()
#2 /home/aung/Project/Practice/laravel-pusher-chat/vendor/laravel/framework/src/Illuminate/Database/Query/Builder.php(2751): Illuminate\\Database\\Connection->select()
#3 /home/aung/Project/Practice/laravel-pusher-chat/vendor/laravel/framework/src/Illuminate/Database/Query/Builder.php(2740): Illuminate\\Database\\Query\\Builder->runSelect()
#4 /home/aung/Project/Practice/laravel-pusher-chat/vendor/laravel/framework/src/Illuminate/Database/Query/Builder.php(3294): Illuminate\\Database\\Query\\Builder->Illuminate\\Database\\Query\\{closure}()
#5 /home/aung/Project/Practice/laravel-pusher-chat/vendor/laravel/framework/src/Illuminate/Database/Query/Builder.php(2739): Illuminate\\Database\\Query\\Builder->onceWithColumns()
#6 /home/aung/Project/Practice/laravel-pusher-chat/vendor/laravel/framework/src/Illuminate/Database/Eloquent/Builder.php(738): Illuminate\\Database\\Query\\Builder->get()
#7 /home/aung/Project/Practice/laravel-pusher-chat/vendor/laravel/framework/src/Illuminate/Database/Eloquent/Builder.php(722): Illuminate\\Database\\Eloquent\\Builder->getModels()
#8 /home/aung/Project/Practice/laravel-pusher-chat/app/Http/Controllers/ChatMessageController.php(46): Illuminate\\Database\\Eloquent\\Builder->get()
#9 /home/aung/Project/Practice/laravel-pusher-chat/vendor/laravel/framework/src/Illuminate/Routing/Controller.php(54): App\\Http\\Controllers\\ChatMessageController->index()
#10 /home/aung/Project/Practice/laravel-pusher-chat/vendor/laravel/framework/src/Illuminate/Routing/ControllerDispatcher.php(43): Illuminate\\Routing\\Controller->callAction()
#11 /home/aung/Project/Practice/laravel-pusher-chat/vendor/laravel/framework/src/Illuminate/Routing/Route.php(259): Illuminate\\Routing\\ControllerDispatcher->dispatch()
#12 /home/aung/Project/Practice/laravel-pusher-chat/vendor/laravel/framework/src/Illuminate/Routing/Route.php(205): Illuminate\\Routing\\Route->runController()
#13 /home/aung/Project/Practice/laravel-pusher-chat/vendor/laravel/framework/src/Illuminate/Routing/Router.php(806): Illuminate\\Routing\\Route->run()
#14 /home/aung/Project/Practice/laravel-pusher-chat/vendor/laravel/framework/src/Illuminate/Pipeline/Pipeline.php(144): Illuminate\\Routing\\Router->Illuminate\\Routing\\{closure}()
#15 /home/aung/Project/Practice/laravel-pusher-chat/vendor/laravel/framework/src/Illuminate/Routing/Middleware/SubstituteBindings.php(50): Illuminate\\Pipeline\\Pipeline->Illuminate\\Pipeline\\{closure}()
#16 /home/aung/Project/Practice/laravel-pusher-chat/vendor/laravel/framework/src/Illuminate/Pipeline/Pipeline.php(183): Illuminate\\Routing\\Middleware\\SubstituteBindings->handle()
#17 /home/aung/Project/Practice/laravel-pusher-chat/vendor/laravel/framework/src/Illuminate/Routing/Middleware/ThrottleRequests.php(159): Illuminate\\Pipeline\\Pipeline->Illuminate\\Pipeline\\{closure}()
#18 /home/aung/Project/Practice/laravel-pusher-chat/vendor/laravel/framework/src/Illuminate/Routing/Middleware/ThrottleRequests.php(125): Illuminate\\Routing\\Middleware\\ThrottleRequests->handleRequest()
#19 /home/aung/Project/Practice/laravel-pusher-chat/vendor/laravel/framework/src/Illuminate/Routing/Middleware/ThrottleRequests.php(87): Illuminate\\Routing\\Middleware\\ThrottleRequests->handleRequestUsingNamedLimiter()
#20 /home/aung/Project/Practice/laravel-pusher-chat/vendor/laravel/framework/src/Illuminate/Pipeline/Pipeline.php(183): Illuminate\\Routing\\Middleware\\ThrottleRequests->handle()
#21 /home/aung/Project/Practice/laravel-pusher-chat/vendor/laravel/framework/src/Illuminate/Auth/Middleware/Authenticate.php(57): Illuminate\\Pipeline\\Pipeline->Illuminate\\Pipeline\\{closure}()
#22 /home/aung/Project/Practice/laravel-pusher-chat/vendor/laravel/framework/src/Illuminate/Pipeline/Pipeline.php(183): Illuminate\\Auth\\Middleware\\Authenticate->handle()
#23 /home/aung/Project/Practice/laravel-pusher-chat/vendor/laravel/framework/src/Illuminate/Pipeline/Pipeline.php(119): Illuminate\\Pipeline\\Pipeline->Illuminate\\Pipeline\\{closure}()
#24 /home/aung/Project/Practice/laravel-pusher-chat/vendor/laravel/framework/src/Illuminate/Routing/Router.php(805): Illuminate\\Pipeline\\Pipeline->then()
#25 /home/aung/Project/Practice/laravel-pusher-chat/vendor/laravel/framework/src/Illuminate/Routing/Router.php(784): Illuminate\\Routing\\Router->runRouteWithinStack()
#26 /home/aung/Project/Practice/laravel-pusher-chat/vendor/laravel/framework/src/Illuminate/Routing/Router.php(748): Illuminate\\Routing\\Router->runRoute()
#27 /home/aung/Project/Practice/laravel-pusher-chat/vendor/laravel/framework/src/Illuminate/Routing/Router.php(737): Illuminate\\Routing\\Router->dispatchToRoute()
#28 /home/aung/Project/Practice/laravel-pusher-chat/vendor/laravel/framework/src/Illuminate/Foundation/Http/Kernel.php(200): Illuminate\\Routing\\Router->dispatch()
#29 /home/aung/Project/Practice/laravel-pusher-chat/vendor/laravel/framework/src/Illuminate/Pipeline/Pipeline.php(144): Illuminate\\Foundation\\Http\\Kernel->Illuminate\\Foundation\\Http\\{closure}()
#30 /home/aung/Project/Practice/laravel-pusher-chat/vendor/laravel/framework/src/Illuminate/Foundation/Http/Middleware/TransformsRequest.php(21): Illuminate\\Pipeline\\Pipeline->Illuminate\\Pipeline\\{closure}()
#31 /home/aung/Project/Practice/laravel-pusher-chat/vendor/laravel/framework/src/Illuminate/Foundation/Http/Middleware/ConvertEmptyStringsToNull.php(31): Illuminate\\Foundation\\Http\\Middleware\\TransformsRequest->handle()
#32 /home/aung/Project/Practice/laravel-pusher-chat/vendor/laravel/framework/src/Illuminate/Pipeline/Pipeline.php(183): Illuminate\\Foundation\\Http\\Middleware\\ConvertEmptyStringsToNull->handle()
#33 /home/aung/Project/Practice/laravel-pusher-chat/vendor/laravel/framework/src/Illuminate/Foundation/Http/Middleware/TransformsRequest.php(21): Illuminate\\Pipeline\\Pipeline->Illuminate\\Pipeline\\{closure}()
#34 /home/aung/Project/Practice/laravel-pusher-chat/vendor/laravel/framework/src/Illuminate/Foundation/Http/Middleware/TrimStrings.php(40): Illuminate\\Foundation\\Http\\Middleware\\TransformsRequest->handle()
#35 /home/aung/Project/Practice/laravel-pusher-chat/vendor/laravel/framework/src/Illuminate/Pipeline/Pipeline.php(183): Illuminate\\Foundation\\Http\\Middleware\\TrimStrings->handle()
#36 /home/aung/Project/Practice/laravel-pusher-chat/vendor/laravel/framework/src/Illuminate/Foundation/Http/Middleware/ValidatePostSize.php(27): Illuminate\\Pipeline\\Pipeline->Illuminate\\Pipeline\\{closure}()
#37 /home/aung/Project/Practice/laravel-pusher-chat/vendor/laravel/framework/src/Illuminate/Pipeline/Pipeline.php(183): Illuminate\\Foundation\\Http\\Middleware\\ValidatePostSize->handle()
#38 /home/aung/Project/Practice/laravel-pusher-chat/vendor/laravel/framework/src/Illuminate/Foundation/Http/Middleware/PreventRequestsDuringMaintenance.php(99): Illuminate\\Pipeline\\Pipeline->Illuminate\\Pipeline\\{closure}()
#39 /home/aung/Project/Practice/laravel-pusher-chat/vendor/laravel/framework/src/Illuminate/Pipeline/Pipeline.php(183): Illuminate\\Foundation\\Http\\Middleware\\PreventRequestsDuringMaintenance->handle()
#40 /home/aung/Project/Practice/laravel-pusher-chat/vendor/laravel/framework/src/Illuminate/Http/Middleware/HandleCors.php(62): Illuminate\\Pipeline\\Pipeline->Illuminate\\Pipeline\\{closure}()
#41 /home/aung/Project/Practice/laravel-pusher-chat/vendor/laravel/framework/src/Illuminate/Pipeline/Pipeline.php(183): Illuminate\\Http\\Middleware\\HandleCors->handle()
#42 /home/aung/Project/Practice/laravel-pusher-chat/vendor/laravel/framework/src/Illuminate/Http/Middleware/TrustProxies.php(39): Illuminate\\Pipeline\\Pipeline->Illuminate\\Pipeline\\{closure}()
#43 /home/aung/Project/Practice/laravel-pusher-chat/vendor/laravel/framework/src/Illuminate/Pipeline/Pipeline.php(183): Illuminate\\Http\\Middleware\\TrustProxies->handle()
#44 /home/aung/Project/Practice/laravel-pusher-chat/vendor/laravel/framework/src/Illuminate/Pipeline/Pipeline.php(119): Illuminate\\Pipeline\\Pipeline->Illuminate\\Pipeline\\{closure}()
#45 /home/aung/Project/Practice/laravel-pusher-chat/vendor/laravel/framework/src/Illuminate/Foundation/Http/Kernel.php(175): Illuminate\\Pipeline\\Pipeline->then()
#46 /home/aung/Project/Practice/laravel-pusher-chat/vendor/laravel/framework/src/Illuminate/Foundation/Http/Kernel.php(144): Illuminate\\Foundation\\Http\\Kernel->sendRequestThroughRouter()
#47 /home/aung/Project/Practice/laravel-pusher-chat/public/index.php(51): Illuminate\\Foundation\\Http\\Kernel->handle()
#48 /home/aung/Project/Practice/laravel-pusher-chat/vendor/laravel/framework/src/Illuminate/Foundation/resources/server.php(16): require_once('...')
#49 {main}

[previous exception] [object] (PDOException(code: 42000): SQLSTATE[42000]: Syntax error or access violation: 1055 Expression #1 of SELECT list is not in GROUP BY clause and contains nonaggregated column 'chat.chat_messages.id' which is not functionally dependent on columns in GROUP BY clause; this is incompatible with sql_mode=only_full_group_by at /home/aung/Project/Practice/laravel-pusher-chat/vendor/laravel/framework/src/Illuminate/Database/Connection.php:423)
[stacktrace]
#0 /home/aung/Project/Practice/laravel-pusher-chat/vendor/laravel/framework/src/Illuminate/Database/Connection.php(423): PDO->prepare()
#1 /home/aung/Project/Practice/laravel-pusher-chat/vendor/laravel/framework/src/Illuminate/Database/Connection.php(816): Illuminate\\Database\\Connection->Illuminate\\Database\\{closure}()
#2 /home/aung/Project/Practice/laravel-pusher-chat/vendor/laravel/framework/src/Illuminate/Database/Connection.php(783): Illuminate\\Database\\Connection->runQueryCallback()
#3 /home/aung/Project/Practice/laravel-pusher-chat/vendor/laravel/framework/src/Illuminate/Database/Connection.php(414): Illuminate\\Database\\Connection->run()
#4 /home/aung/Project/Practice/laravel-pusher-chat/vendor/laravel/framework/src/Illuminate/Database/Query/Builder.php(2751): Illuminate\\Database\\Connection->select()
#5 /home/aung/Project/Practice/laravel-pusher-chat/vendor/laravel/framework/src/Illuminate/Database/Query/Builder.php(2740): Illuminate\\Database\\Query\\Builder->runSelect()
#6 /home/aung/Project/Practice/laravel-pusher-chat/vendor/laravel/framework/src/Illuminate/Database/Query/Builder.php(3294): Illuminate\\Database\\Query\\Builder->Illuminate\\Database\\Query\\{closure}()
#7 /home/aung/Project/Practice/laravel-pusher-chat/vendor/laravel/framework/src/Illuminate/Database/Query/Builder.php(2739): Illuminate\\Database\\Query\\Builder->onceWithColumns()
#8 /home/aung/Project/Practice/laravel-pusher-chat/vendor/laravel/framework/src/Illuminate/Database/Eloquent/Builder.php(738): Illuminate\\Database\\Query\\Builder->get()
#9 /home/aung/Project/Practice/laravel-pusher-chat/vendor/laravel/framework/src/Illuminate/Database/Eloquent/Builder.php(722): Illuminate\\Database\\Eloquent\\Builder->getModels()
#10 /home/aung/Project/Practice/laravel-pusher-chat/app/Http/Controllers/ChatMessageController.php(46): Illuminate\\Database\\Eloquent\\Builder->get()
#11 /home/aung/Project/Practice/laravel-pusher-chat/vendor/laravel/framework/src/Illuminate/Routing/Controller.php(54): App\\Http\\Controllers\\ChatMessageController->index()
#12 /home/aung/Project/Practice/laravel-pusher-chat/vendor/laravel/framework/src/Illuminate/Routing/ControllerDispatcher.php(43): Illuminate\\Routing\\Controller->callAction()
#13 /home/aung/Project/Practice/laravel-pusher-chat/vendor/laravel/framework/src/Illuminate/Routing/Route.php(259): Illuminate\\Routing\\ControllerDispatcher->dispatch()
#14 /home/aung/Project/Practice/laravel-pusher-chat/vendor/laravel/framework/src/Illuminate/Routing/Route.php(205): Illuminate\\Routing\\Route->runController()
#15 /home/aung/Project/Practice/laravel-pusher-chat/vendor/laravel/framework/src/Illuminate/Routing/Router.php(806): Illuminate\\Routing\\Route->run()
#16 /home/aung/Project/Practice/laravel-pusher-chat/vendor/laravel/framework/src/Illuminate/Pipeline/Pipeline.php(144): Illuminate\\Routing\\Router->Illuminate\\Routing\\{closure}()
#17 /home/aung/Project/Practice/laravel-pusher-chat/vendor/laravel/framework/src/Illuminate/Routing/Middleware/SubstituteBindings.php(50): Illuminate\\Pipeline\\Pipeline->Illuminate\\Pipeline\\{closure}()
#18 /home/aung/Project/Practice/laravel-pusher-chat/vendor/laravel/framework/src/Illuminate/Pipeline/Pipeline.php(183): Illuminate\\Routing\\Middleware\\SubstituteBindings->handle()
#19 /home/aung/Project/Practice/laravel-pusher-chat/vendor/laravel/framework/src/Illuminate/Routing/Middleware/ThrottleRequests.php(159): Illuminate\\Pipeline\\Pipeline->Illuminate\\Pipeline\\{closure}()
#20 /home/aung/Project/Practice/laravel-pusher-chat/vendor/laravel/framework/src/Illuminate/Routing/Middleware/ThrottleRequests.php(125): Illuminate\\Routing\\Middleware\\ThrottleRequests->handleRequest()
#21 /home/aung/Project/Practice/laravel-pusher-chat/vendor/laravel/framework/src/Illuminate/Routing/Middleware/ThrottleRequests.php(87): Illuminate\\Routing\\Middleware\\ThrottleRequests->handleRequestUsingNamedLimiter()
#22 /home/aung/Project/Practice/laravel-pusher-chat/vendor/laravel/framework/src/Illuminate/Pipeline/Pipeline.php(183): Illuminate\\Routing\\Middleware\\ThrottleRequests->handle()
#23 /home/aung/Project/Practice/laravel-pusher-chat/vendor/laravel/framework/src/Illuminate/Auth/Middleware/Authenticate.php(57): Illuminate\\Pipeline\\Pipeline->Illuminate\\Pipeline\\{closure}()
#24 /home/aung/Project/Practice/laravel-pusher-chat/vendor/laravel/framework/src/Illuminate/Pipeline/Pipeline.php(183): Illuminate\\Auth\\Middleware\\Authenticate->handle()
#25 /home/aung/Project/Practice/laravel-pusher-chat/vendor/laravel/framework/src/Illuminate/Pipeline/Pipeline.php(119): Illuminate\\Pipeline\\Pipeline->Illuminate\\Pipeline\\{closure}()
#26 /home/aung/Project/Practice/laravel-pusher-chat/vendor/laravel/framework/src/Illuminate/Routing/Router.php(805): Illuminate\\Pipeline\\Pipeline->then()
#27 /home/aung/Project/Practice/laravel-pusher-chat/vendor/laravel/framework/src/Illuminate/Routing/Router.php(784): Illuminate\\Routing\\Router->runRouteWithinStack()
#28 /home/aung/Project/Practice/laravel-pusher-chat/vendor/laravel/framework/src/Illuminate/Routing/Router.php(748): Illuminate\\Routing\\Router->runRoute()
#29 /home/aung/Project/Practice/laravel-pusher-chat/vendor/laravel/framework/src/Illuminate/Routing/Router.php(737): Illuminate\\Routing\\Router->dispatchToRoute()
#30 /home/aung/Project/Practice/laravel-pusher-chat/vendor/laravel/framework/src/Illuminate/Foundation/Http/Kernel.php(200): Illuminate\\Routing\\Router->dispatch()
#31 /home/aung/Project/Practice/laravel-pusher-chat/vendor/laravel/framework/src/Illuminate/Pipeline/Pipeline.php(144): Illuminate\\Foundation\\Http\\Kernel->Illuminate\\Foundation\\Http\\{closure}()
#32 /home/aung/Project/Practice/laravel-pusher-chat/vendor/laravel/framework/src/Illuminate/Foundation/Http/Middleware/TransformsRequest.php(21): Illuminate\\Pipeline\\Pipeline->Illuminate\\Pipeline\\{closure}()
#33 /home/aung/Project/Practice/laravel-pusher-chat/vendor/laravel/framework/src/Illuminate/Foundation/Http/Middleware/ConvertEmptyStringsToNull.php(31): Illuminate\\Foundation\\Http\\Middleware\\TransformsRequest->handle()
#34 /home/aung/Project/Practice/laravel-pusher-chat/vendor/laravel/framework/src/Illuminate/Pipeline/Pipeline.php(183): Illuminate\\Foundation\\Http\\Middleware\\ConvertEmptyStringsToNull->handle()
#35 /home/aung/Project/Practice/laravel-pusher-chat/vendor/laravel/framework/src/Illuminate/Foundation/Http/Middleware/TransformsRequest.php(21): Illuminate\\Pipeline\\Pipeline->Illuminate\\Pipeline\\{closure}()
#36 /home/aung/Project/Practice/laravel-pusher-chat/vendor/laravel/framework/src/Illuminate/Foundation/Http/Middleware/TrimStrings.php(40): Illuminate\\Foundation\\Http\\Middleware\\TransformsRequest->handle()
#37 /home/aung/Project/Practice/laravel-pusher-chat/vendor/laravel/framework/src/Illuminate/Pipeline/Pipeline.php(183): Illuminate\\Foundation\\Http\\Middleware\\TrimStrings->handle()
#38 /home/aung/Project/Practice/laravel-pusher-chat/vendor/laravel/framework/src/Illuminate/Foundation/Http/Middleware/ValidatePostSize.php(27): Illuminate\\Pipeline\\Pipeline->Illuminate\\Pipeline\\{closure}()
#39 /home/aung/Project/Practice/laravel-pusher-chat/vendor/laravel/framework/src/Illuminate/Pipeline/Pipeline.php(183): Illuminate\\Foundation\\Http\\Middleware\\ValidatePostSize->handle()
#40 /home/aung/Project/Practice/laravel-pusher-chat/vendor/laravel/framework/src/Illuminate/Foundation/Http/Middleware/PreventRequestsDuringMaintenance.php(99): Illuminate\\Pipeline\\Pipeline->Illuminate\\Pipeline\\{closure}()
#41 /home/aung/Project/Practice/laravel-pusher-chat/vendor/laravel/framework/src/Illuminate/Pipeline/Pipeline.php(183): Illuminate\\Foundation\\Http\\Middleware\\PreventRequestsDuringMaintenance->handle()
#42 /home/aung/Project/Practice/laravel-pusher-chat/vendor/laravel/framework/src/Illuminate/Http/Middleware/HandleCors.php(62): Illuminate\\Pipeline\\Pipeline->Illuminate\\Pipeline\\{closure}()
#43 /home/aung/Project/Practice/laravel-pusher-chat/vendor/laravel/framework/src/Illuminate/Pipeline/Pipeline.php(183): Illuminate\\Http\\Middleware\\HandleCors->handle()
#44 /home/aung/Project/Practice/laravel-pusher-chat/vendor/laravel/framework/src/Illuminate/Http/Middleware/TrustProxies.php(39): Illuminate\\Pipeline\\Pipeline->Illuminate\\Pipeline\\{closure}()
#45 /home/aung/Project/Practice/laravel-pusher-chat/vendor/laravel/framework/src/Illuminate/Pipeline/Pipeline.php(183): Illuminate\\Http\\Middleware\\TrustProxies->handle()
#46 /home/aung/Project/Practice/laravel-pusher-chat/vendor/laravel/framework/src/Illuminate/Pipeline/Pipeline.php(119): Illuminate\\Pipeline\\Pipeline->Illuminate\\Pipeline\\{closure}()
#47 /home/aung/Project/Practice/laravel-pusher-chat/vendor/laravel/framework/src/Illuminate/Foundation/Http/Kernel.php(175): Illuminate\\Pipeline\\Pipeline->then()
#48 /home/aung/Project/Practice/laravel-pusher-chat/vendor/laravel/framework/src/Illuminate/Foundation/Http/Kernel.php(144): Illuminate\\Foundation\\Http\\Kernel->sendRequestThroughRouter()
#49 /home/aung/Project/Practice/laravel-pusher-chat/public/index.php(51): Illuminate\\Foundation\\Http\\Kernel->handle()
#50 /home/aung/Project/Practice/laravel-pusher-chat/vendor/laravel/framework/src/Illuminate/Foundation/resources/server.php(16): require_once('...')
#51 {main}
"} 
[2024-02-29 03:10:43] local.ERROR: Pusher error: cURL error 6: Could not resolve host: api-us3.pusher.com (see https://curl.haxx.se/libcurl/c/libcurl-errors.html) for https://api-us3.pusher.com/apps/1756763/events?auth_key=dae6ba77b2d27b319f49&auth_timestamp=1709176223&auth_version=1.0&body_md5=0b5f98598732e18269eb9491444fc632&auth_signature=12d9f5cab7e4ec569fe613d575315bc7180bc2755e4f445c1b60033de4b1e258. {"userId":1,"exception":"[object] (Illuminate\\Broadcasting\\BroadcastException(code: 0): Pusher error: cURL error 6: Could not resolve host: api-us3.pusher.com (see https://curl.haxx.se/libcurl/c/libcurl-errors.html) for https://api-us3.pusher.com/apps/1756763/events?auth_key=dae6ba77b2d27b319f49&auth_timestamp=1709176223&auth_version=1.0&body_md5=0b5f98598732e18269eb9491444fc632&auth_signature=12d9f5cab7e4ec569fe613d575315bc7180bc2755e4f445c1b60033de4b1e258. at /home/aung/Project/Practice/laravel-pusher-chat/vendor/laravel/framework/src/Illuminate/Broadcasting/Broadcasters/PusherBroadcaster.php:164)
[stacktrace]
#0 /home/aung/Project/Practice/laravel-pusher-chat/vendor/laravel/framework/src/Illuminate/Broadcasting/BroadcastEvent.php(92): Illuminate\\Broadcasting\\Broadcasters\\PusherBroadcaster->broadcast()
#1 /home/aung/Project/Practice/laravel-pusher-chat/vendor/laravel/framework/src/Illuminate/Container/BoundMethod.php(36): Illuminate\\Broadcasting\\BroadcastEvent->handle()
#2 /home/aung/Project/Practice/laravel-pusher-chat/vendor/laravel/framework/src/Illuminate/Container/Util.php(41): Illuminate\\Container\\BoundMethod::Illuminate\\Container\\{closure}()
#3 /home/aung/Project/Practice/laravel-pusher-chat/vendor/laravel/framework/src/Illuminate/Container/BoundMethod.php(93): Illuminate\\Container\\Util::unwrapIfClosure()
#4 /home/aung/Project/Practice/laravel-pusher-chat/vendor/laravel/framework/src/Illuminate/Container/BoundMethod.php(35): Illuminate\\Container\\BoundMethod::callBoundMethod()
#5 /home/aung/Project/Practice/laravel-pusher-chat/vendor/laravel/framework/src/Illuminate/Container/Container.php(662): Illuminate\\Container\\BoundMethod::call()
#6 /home/aung/Project/Practice/laravel-pusher-chat/vendor/laravel/framework/src/Illuminate/Bus/Dispatcher.php(128): Illuminate\\Container\\Container->call()
#7 /home/aung/Project/Practice/laravel-pusher-chat/vendor/laravel/framework/src/Illuminate/Pipeline/Pipeline.php(144): Illuminate\\Bus\\Dispatcher->Illuminate\\Bus\\{closure}()
#8 /home/aung/Project/Practice/laravel-pusher-chat/vendor/laravel/framework/src/Illuminate/Pipeline/Pipeline.php(119): Illuminate\\Pipeline\\Pipeline->Illuminate\\Pipeline\\{closure}()
#9 /home/aung/Project/Practice/laravel-pusher-chat/vendor/laravel/framework/src/Illuminate/Bus/Dispatcher.php(132): Illuminate\\Pipeline\\Pipeline->then()
#10 /home/aung/Project/Practice/laravel-pusher-chat/vendor/laravel/framework/src/Illuminate/Broadcasting/BroadcastManager.php(158): Illuminate\\Bus\\Dispatcher->dispatchNow()
#11 /home/aung/Project/Practice/laravel-pusher-chat/vendor/laravel/framework/src/Illuminate/Events/Dispatcher.php(357): Illuminate\\Broadcasting\\BroadcastManager->queue()
#12 /home/aung/Project/Practice/laravel-pusher-chat/vendor/laravel/framework/src/Illuminate/Events/Dispatcher.php(280): Illuminate\\Events\\Dispatcher->broadcastEvent()
#13 /home/aung/Project/Practice/laravel-pusher-chat/vendor/laravel/framework/src/Illuminate/Events/Dispatcher.php(266): Illuminate\\Events\\Dispatcher->invokeListeners()
#14 /home/aung/Project/Practice/laravel-pusher-chat/vendor/laravel/framework/src/Illuminate/Broadcasting/PendingBroadcast.php(72): Illuminate\\Events\\Dispatcher->dispatch()
#15 /home/aung/Project/Practice/laravel-pusher-chat/app/Http/Controllers/ChatMessageController.php(70): Illuminate\\Broadcasting\\PendingBroadcast->__destruct()
#16 /home/aung/Project/Practice/laravel-pusher-chat/app/Http/Controllers/ChatMessageController.php(61): App\\Http\\Controllers\\ChatMessageController->sendNotificationToOther()
#17 /home/aung/Project/Practice/laravel-pusher-chat/vendor/laravel/framework/src/Illuminate/Routing/Controller.php(54): App\\Http\\Controllers\\ChatMessageController->store()
#18 /home/aung/Project/Practice/laravel-pusher-chat/vendor/laravel/framework/src/Illuminate/Routing/ControllerDispatcher.php(43): Illuminate\\Routing\\Controller->callAction()
#19 /home/aung/Project/Practice/laravel-pusher-chat/vendor/laravel/framework/src/Illuminate/Routing/Route.php(259): Illuminate\\Routing\\ControllerDispatcher->dispatch()
#20 /home/aung/Project/Practice/laravel-pusher-chat/vendor/laravel/framework/src/Illuminate/Routing/Route.php(205): Illuminate\\Routing\\Route->runController()
#21 /home/aung/Project/Practice/laravel-pusher-chat/vendor/laravel/framework/src/Illuminate/Routing/Router.php(806): Illuminate\\Routing\\Route->run()
#22 /home/aung/Project/Practice/laravel-pusher-chat/vendor/laravel/framework/src/Illuminate/Pipeline/Pipeline.php(144): Illuminate\\Routing\\Router->Illuminate\\Routing\\{closure}()
#23 /home/aung/Project/Practice/laravel-pusher-chat/vendor/laravel/framework/src/Illuminate/Routing/Middleware/SubstituteBindings.php(50): Illuminate\\Pipeline\\Pipeline->Illuminate\\Pipeline\\{closure}()
#24 /home/aung/Project/Practice/laravel-pusher-chat/vendor/laravel/framework/src/Illuminate/Pipeline/Pipeline.php(183): Illuminate\\Routing\\Middleware\\SubstituteBindings->handle()
#25 /home/aung/Project/Practice/laravel-pusher-chat/vendor/laravel/framework/src/Illuminate/Routing/Middleware/ThrottleRequests.php(159): Illuminate\\Pipeline\\Pipeline->Illuminate\\Pipeline\\{closure}()
#26 /home/aung/Project/Practice/laravel-pusher-chat/vendor/laravel/framework/src/Illuminate/Routing/Middleware/ThrottleRequests.php(125): Illuminate\\Routing\\Middleware\\ThrottleRequests->handleRequest()
#27 /home/aung/Project/Practice/laravel-pusher-chat/vendor/laravel/framework/src/Illuminate/Routing/Middleware/ThrottleRequests.php(87): Illuminate\\Routing\\Middleware\\ThrottleRequests->handleRequestUsingNamedLimiter()
#28 /home/aung/Project/Practice/laravel-pusher-chat/vendor/laravel/framework/src/Illuminate/Pipeline/Pipeline.php(183): Illuminate\\Routing\\Middleware\\ThrottleRequests->handle()
#29 /home/aung/Project/Practice/laravel-pusher-chat/vendor/laravel/framework/src/Illuminate/Auth/Middleware/Authenticate.php(57): Illuminate\\Pipeline\\Pipeline->Illuminate\\Pipeline\\{closure}()
#30 /home/aung/Project/Practice/laravel-pusher-chat/vendor/laravel/framework/src/Illuminate/Pipeline/Pipeline.php(183): Illuminate\\Auth\\Middleware\\Authenticate->handle()
#31 /home/aung/Project/Practice/laravel-pusher-chat/vendor/laravel/framework/src/Illuminate/Pipeline/Pipeline.php(119): Illuminate\\Pipeline\\Pipeline->Illuminate\\Pipeline\\{closure}()
#32 /home/aung/Project/Practice/laravel-pusher-chat/vendor/laravel/framework/src/Illuminate/Routing/Router.php(805): Illuminate\\Pipeline\\Pipeline->then()
#33 /home/aung/Project/Practice/laravel-pusher-chat/vendor/laravel/framework/src/Illuminate/Routing/Router.php(784): Illuminate\\Routing\\Router->runRouteWithinStack()
#34 /home/aung/Project/Practice/laravel-pusher-chat/vendor/laravel/framework/src/Illuminate/Routing/Router.php(748): Illuminate\\Routing\\Router->runRoute()
#35 /home/aung/Project/Practice/laravel-pusher-chat/vendor/laravel/framework/src/Illuminate/Routing/Router.php(737): Illuminate\\Routing\\Router->dispatchToRoute()
#36 /home/aung/Project/Practice/laravel-pusher-chat/vendor/laravel/framework/src/Illuminate/Foundation/Http/Kernel.php(200): Illuminate\\Routing\\Router->dispatch()
#37 /home/aung/Project/Practice/laravel-pusher-chat/vendor/laravel/framework/src/Illuminate/Pipeline/Pipeline.php(144): Illuminate\\Foundation\\Http\\Kernel->Illuminate\\Foundation\\Http\\{closure}()
#38 /home/aung/Project/Practice/laravel-pusher-chat/vendor/laravel/framework/src/Illuminate/Foundation/Http/Middleware/TransformsRequest.php(21): Illuminate\\Pipeline\\Pipeline->Illuminate\\Pipeline\\{closure}()
#39 /home/aung/Project/Practice/laravel-pusher-chat/vendor/laravel/framework/src/Illuminate/Foundation/Http/Middleware/ConvertEmptyStringsToNull.php(31): Illuminate\\Foundation\\Http\\Middleware\\TransformsRequest->handle()
#40 /home/aung/Project/Practice/laravel-pusher-chat/vendor/laravel/framework/src/Illuminate/Pipeline/Pipeline.php(183): Illuminate\\Foundation\\Http\\Middleware\\ConvertEmptyStringsToNull->handle()
#41 /home/aung/Project/Practice/laravel-pusher-chat/vendor/laravel/framework/src/Illuminate/Foundation/Http/Middleware/TransformsRequest.php(21): Illuminate\\Pipeline\\Pipeline->Illuminate\\Pipeline\\{closure}()
#42 /home/aung/Project/Practice/laravel-pusher-chat/vendor/laravel/framework/src/Illuminate/Foundation/Http/Middleware/TrimStrings.php(40): Illuminate\\Foundation\\Http\\Middleware\\TransformsRequest->handle()
#43 /home/aung/Project/Practice/laravel-pusher-chat/vendor/laravel/framework/src/Illuminate/Pipeline/Pipeline.php(183): Illuminate\\Foundation\\Http\\Middleware\\TrimStrings->handle()
#44 /home/aung/Project/Practice/laravel-pusher-chat/vendor/laravel/framework/src/Illuminate/Foundation/Http/Middleware/ValidatePostSize.php(27): Illuminate\\Pipeline\\Pipeline->Illuminate\\Pipeline\\{closure}()
#45 /home/aung/Project/Practice/laravel-pusher-chat/vendor/laravel/framework/src/Illuminate/Pipeline/Pipeline.php(183): Illuminate\\Foundation\\Http\\Middleware\\ValidatePostSize->handle()
#46 /home/aung/Project/Practice/laravel-pusher-chat/vendor/laravel/framework/src/Illuminate/Foundation/Http/Middleware/PreventRequestsDuringMaintenance.php(99): Illuminate\\Pipeline\\Pipeline->Illuminate\\Pipeline\\{closure}()
#47 /home/aung/Project/Practice/laravel-pusher-chat/vendor/laravel/framework/src/Illuminate/Pipeline/Pipeline.php(183): Illuminate\\Foundation\\Http\\Middleware\\PreventRequestsDuringMaintenance->handle()
#48 /home/aung/Project/Practice/laravel-pusher-chat/vendor/laravel/framework/src/Illuminate/Http/Middleware/HandleCors.php(62): Illuminate\\Pipeline\\Pipeline->Illuminate\\Pipeline\\{closure}()
#49 /home/aung/Project/Practice/laravel-pusher-chat/vendor/laravel/framework/src/Illuminate/Pipeline/Pipeline.php(183): Illuminate\\Http\\Middleware\\HandleCors->handle()
#50 /home/aung/Project/Practice/laravel-pusher-chat/vendor/laravel/framework/src/Illuminate/Http/Middleware/TrustProxies.php(39): Illuminate\\Pipeline\\Pipeline->Illuminate\\Pipeline\\{closure}()
#51 /home/aung/Project/Practice/laravel-pusher-chat/vendor/laravel/framework/src/Illuminate/Pipeline/Pipeline.php(183): Illuminate\\Http\\Middleware\\TrustProxies->handle()
#52 /home/aung/Project/Practice/laravel-pusher-chat/vendor/laravel/framework/src/Illuminate/Pipeline/Pipeline.php(119): Illuminate\\Pipeline\\Pipeline->Illuminate\\Pipeline\\{closure}()
#53 /home/aung/Project/Practice/laravel-pusher-chat/vendor/laravel/framework/src/Illuminate/Foundation/Http/Kernel.php(175): Illuminate\\Pipeline\\Pipeline->then()
#54 /home/aung/Project/Practice/laravel-pusher-chat/vendor/laravel/framework/src/Illuminate/Foundation/Http/Kernel.php(144): Illuminate\\Foundation\\Http\\Kernel->sendRequestThroughRouter()
#55 /home/aung/Project/Practice/laravel-pusher-chat/public/index.php(51): Illuminate\\Foundation\\Http\\Kernel->handle()
#56 /home/aung/Project/Practice/laravel-pusher-chat/vendor/laravel/framework/src/Illuminate/Foundation/resources/server.php(16): require_once('...')
#57 {main}
"} 
[2024-02-29 03:16:00] local.ERROR: Pusher error: cURL error 28: Failed to connect to api-us3.pusher.com port 443 after 28128 ms: Connection timed out (see https://curl.haxx.se/libcurl/c/libcurl-errors.html) for https://api-us3.pusher.com/apps/1756763/events?auth_key=dae6ba77b2d27b319f49&auth_timestamp=1709176532&auth_version=1.0&body_md5=aa27fb74e8a28dc86ca299b8f83ed943&auth_signature=27cb25e4474ee71c20b4a8b2ad14af8dd422f8b1064a90011bac223ca66dd33c. {"userId":1,"exception":"[object] (Illuminate\\Broadcasting\\BroadcastException(code: 0): Pusher error: cURL error 28: Failed to connect to api-us3.pusher.com port 443 after 28128 ms: Connection timed out (see https://curl.haxx.se/libcurl/c/libcurl-errors.html) for https://api-us3.pusher.com/apps/1756763/events?auth_key=dae6ba77b2d27b319f49&auth_timestamp=1709176532&auth_version=1.0&body_md5=aa27fb74e8a28dc86ca299b8f83ed943&auth_signature=27cb25e4474ee71c20b4a8b2ad14af8dd422f8b1064a90011bac223ca66dd33c. at /home/aung/Project/Practice/laravel-pusher-chat/vendor/laravel/framework/src/Illuminate/Broadcasting/Broadcasters/PusherBroadcaster.php:164)
[stacktrace]
#0 /home/aung/Project/Practice/laravel-pusher-chat/vendor/laravel/framework/src/Illuminate/Broadcasting/BroadcastEvent.php(92): Illuminate\\Broadcasting\\Broadcasters\\PusherBroadcaster->broadcast()
#1 /home/aung/Project/Practice/laravel-pusher-chat/vendor/laravel/framework/src/Illuminate/Container/BoundMethod.php(36): Illuminate\\Broadcasting\\BroadcastEvent->handle()
#2 /home/aung/Project/Practice/laravel-pusher-chat/vendor/laravel/framework/src/Illuminate/Container/Util.php(41): Illuminate\\Container\\BoundMethod::Illuminate\\Container\\{closure}()
#3 /home/aung/Project/Practice/laravel-pusher-chat/vendor/laravel/framework/src/Illuminate/Container/BoundMethod.php(93): Illuminate\\Container\\Util::unwrapIfClosure()
#4 /home/aung/Project/Practice/laravel-pusher-chat/vendor/laravel/framework/src/Illuminate/Container/BoundMethod.php(35): Illuminate\\Container\\BoundMethod::callBoundMethod()
#5 /home/aung/Project/Practice/laravel-pusher-chat/vendor/laravel/framework/src/Illuminate/Container/Container.php(662): Illuminate\\Container\\BoundMethod::call()
#6 /home/aung/Project/Practice/laravel-pusher-chat/vendor/laravel/framework/src/Illuminate/Bus/Dispatcher.php(128): Illuminate\\Container\\Container->call()
#7 /home/aung/Project/Practice/laravel-pusher-chat/vendor/laravel/framework/src/Illuminate/Pipeline/Pipeline.php(144): Illuminate\\Bus\\Dispatcher->Illuminate\\Bus\\{closure}()
#8 /home/aung/Project/Practice/laravel-pusher-chat/vendor/laravel/framework/src/Illuminate/Pipeline/Pipeline.php(119): Illuminate\\Pipeline\\Pipeline->Illuminate\\Pipeline\\{closure}()
#9 /home/aung/Project/Practice/laravel-pusher-chat/vendor/laravel/framework/src/Illuminate/Bus/Dispatcher.php(132): Illuminate\\Pipeline\\Pipeline->then()
#10 /home/aung/Project/Practice/laravel-pusher-chat/vendor/laravel/framework/src/Illuminate/Broadcasting/BroadcastManager.php(158): Illuminate\\Bus\\Dispatcher->dispatchNow()
#11 /home/aung/Project/Practice/laravel-pusher-chat/vendor/laravel/framework/src/Illuminate/Events/Dispatcher.php(357): Illuminate\\Broadcasting\\BroadcastManager->queue()
#12 /home/aung/Project/Practice/laravel-pusher-chat/vendor/laravel/framework/src/Illuminate/Events/Dispatcher.php(280): Illuminate\\Events\\Dispatcher->broadcastEvent()
#13 /home/aung/Project/Practice/laravel-pusher-chat/vendor/laravel/framework/src/Illuminate/Events/Dispatcher.php(266): Illuminate\\Events\\Dispatcher->invokeListeners()
#14 /home/aung/Project/Practice/laravel-pusher-chat/vendor/laravel/framework/src/Illuminate/Broadcasting/PendingBroadcast.php(72): Illuminate\\Events\\Dispatcher->dispatch()
#15 /home/aung/Project/Practice/laravel-pusher-chat/app/Http/Controllers/ChatMessageController.php(67): Illuminate\\Broadcasting\\PendingBroadcast->__destruct()
#16 /home/aung/Project/Practice/laravel-pusher-chat/app/Http/Controllers/ChatMessageController.php(58): App\\Http\\Controllers\\ChatMessageController->sendNotificationToOther()
#17 /home/aung/Project/Practice/laravel-pusher-chat/vendor/laravel/framework/src/Illuminate/Routing/Controller.php(54): App\\Http\\Controllers\\ChatMessageController->store()
#18 /home/aung/Project/Practice/laravel-pusher-chat/vendor/laravel/framework/src/Illuminate/Routing/ControllerDispatcher.php(43): Illuminate\\Routing\\Controller->callAction()
#19 /home/aung/Project/Practice/laravel-pusher-chat/vendor/laravel/framework/src/Illuminate/Routing/Route.php(259): Illuminate\\Routing\\ControllerDispatcher->dispatch()
#20 /home/aung/Project/Practice/laravel-pusher-chat/vendor/laravel/framework/src/Illuminate/Routing/Route.php(205): Illuminate\\Routing\\Route->runController()
#21 /home/aung/Project/Practice/laravel-pusher-chat/vendor/laravel/framework/src/Illuminate/Routing/Router.php(806): Illuminate\\Routing\\Route->run()
#22 /home/aung/Project/Practice/laravel-pusher-chat/vendor/laravel/framework/src/Illuminate/Pipeline/Pipeline.php(144): Illuminate\\Routing\\Router->Illuminate\\Routing\\{closure}()
#23 /home/aung/Project/Practice/laravel-pusher-chat/vendor/laravel/framework/src/Illuminate/Routing/Middleware/SubstituteBindings.php(50): Illuminate\\Pipeline\\Pipeline->Illuminate\\Pipeline\\{closure}()
#24 /home/aung/Project/Practice/laravel-pusher-chat/vendor/laravel/framework/src/Illuminate/Pipeline/Pipeline.php(183): Illuminate\\Routing\\Middleware\\SubstituteBindings->handle()
#25 /home/aung/Project/Practice/laravel-pusher-chat/vendor/laravel/framework/src/Illuminate/Routing/Middleware/ThrottleRequests.php(159): Illuminate\\Pipeline\\Pipeline->Illuminate\\Pipeline\\{closure}()
#26 /home/aung/Project/Practice/laravel-pusher-chat/vendor/laravel/framework/src/Illuminate/Routing/Middleware/ThrottleRequests.php(125): Illuminate\\Routing\\Middleware\\ThrottleRequests->handleRequest()
#27 /home/aung/Project/Practice/laravel-pusher-chat/vendor/laravel/framework/src/Illuminate/Routing/Middleware/ThrottleRequests.php(87): Illuminate\\Routing\\Middleware\\ThrottleRequests->handleRequestUsingNamedLimiter()
#28 /home/aung/Project/Practice/laravel-pusher-chat/vendor/laravel/framework/src/Illuminate/Pipeline/Pipeline.php(183): Illuminate\\Routing\\Middleware\\ThrottleRequests->handle()
#29 /home/aung/Project/Practice/laravel-pusher-chat/vendor/laravel/framework/src/Illuminate/Auth/Middleware/Authenticate.php(57): Illuminate\\Pipeline\\Pipeline->Illuminate\\Pipeline\\{closure}()
#30 /home/aung/Project/Practice/laravel-pusher-chat/vendor/laravel/framework/src/Illuminate/Pipeline/Pipeline.php(183): Illuminate\\Auth\\Middleware\\Authenticate->handle()
#31 /home/aung/Project/Practice/laravel-pusher-chat/vendor/laravel/framework/src/Illuminate/Pipeline/Pipeline.php(119): Illuminate\\Pipeline\\Pipeline->Illuminate\\Pipeline\\{closure}()
#32 /home/aung/Project/Practice/laravel-pusher-chat/vendor/laravel/framework/src/Illuminate/Routing/Router.php(805): Illuminate\\Pipeline\\Pipeline->then()
#33 /home/aung/Project/Practice/laravel-pusher-chat/vendor/laravel/framework/src/Illuminate/Routing/Router.php(784): Illuminate\\Routing\\Router->runRouteWithinStack()
#34 /home/aung/Project/Practice/laravel-pusher-chat/vendor/laravel/framework/src/Illuminate/Routing/Router.php(748): Illuminate\\Routing\\Router->runRoute()
#35 /home/aung/Project/Practice/laravel-pusher-chat/vendor/laravel/framework/src/Illuminate/Routing/Router.php(737): Illuminate\\Routing\\Router->dispatchToRoute()
#36 /home/aung/Project/Practice/laravel-pusher-chat/vendor/laravel/framework/src/Illuminate/Foundation/Http/Kernel.php(200): Illuminate\\Routing\\Router->dispatch()
#37 /home/aung/Project/Practice/laravel-pusher-chat/vendor/laravel/framework/src/Illuminate/Pipeline/Pipeline.php(144): Illuminate\\Foundation\\Http\\Kernel->Illuminate\\Foundation\\Http\\{closure}()
#38 /home/aung/Project/Practice/laravel-pusher-chat/vendor/laravel/framework/src/Illuminate/Foundation/Http/Middleware/TransformsRequest.php(21): Illuminate\\Pipeline\\Pipeline->Illuminate\\Pipeline\\{closure}()
#39 /home/aung/Project/Practice/laravel-pusher-chat/vendor/laravel/framework/src/Illuminate/Foundation/Http/Middleware/ConvertEmptyStringsToNull.php(31): Illuminate\\Foundation\\Http\\Middleware\\TransformsRequest->handle()
#40 /home/aung/Project/Practice/laravel-pusher-chat/vendor/laravel/framework/src/Illuminate/Pipeline/Pipeline.php(183): Illuminate\\Foundation\\Http\\Middleware\\ConvertEmptyStringsToNull->handle()
#41 /home/aung/Project/Practice/laravel-pusher-chat/vendor/laravel/framework/src/Illuminate/Foundation/Http/Middleware/TransformsRequest.php(21): Illuminate\\Pipeline\\Pipeline->Illuminate\\Pipeline\\{closure}()
#42 /home/aung/Project/Practice/laravel-pusher-chat/vendor/laravel/framework/src/Illuminate/Foundation/Http/Middleware/TrimStrings.php(40): Illuminate\\Foundation\\Http\\Middleware\\TransformsRequest->handle()
#43 /home/aung/Project/Practice/laravel-pusher-chat/vendor/laravel/framework/src/Illuminate/Pipeline/Pipeline.php(183): Illuminate\\Foundation\\Http\\Middleware\\TrimStrings->handle()
#44 /home/aung/Project/Practice/laravel-pusher-chat/vendor/laravel/framework/src/Illuminate/Foundation/Http/Middleware/ValidatePostSize.php(27): Illuminate\\Pipeline\\Pipeline->Illuminate\\Pipeline\\{closure}()
#45 /home/aung/Project/Practice/laravel-pusher-chat/vendor/laravel/framework/src/Illuminate/Pipeline/Pipeline.php(183): Illuminate\\Foundation\\Http\\Middleware\\ValidatePostSize->handle()
#46 /home/aung/Project/Practice/laravel-pusher-chat/vendor/laravel/framework/src/Illuminate/Foundation/Http/Middleware/PreventRequestsDuringMaintenance.php(99): Illuminate\\Pipeline\\Pipeline->Illuminate\\Pipeline\\{closure}()
#47 /home/aung/Project/Practice/laravel-pusher-chat/vendor/laravel/framework/src/Illuminate/Pipeline/Pipeline.php(183): Illuminate\\Foundation\\Http\\Middleware\\PreventRequestsDuringMaintenance->handle()
#48 /home/aung/Project/Practice/laravel-pusher-chat/vendor/laravel/framework/src/Illuminate/Http/Middleware/HandleCors.php(62): Illuminate\\Pipeline\\Pipeline->Illuminate\\Pipeline\\{closure}()
#49 /home/aung/Project/Practice/laravel-pusher-chat/vendor/laravel/framework/src/Illuminate/Pipeline/Pipeline.php(183): Illuminate\\Http\\Middleware\\HandleCors->handle()
#50 /home/aung/Project/Practice/laravel-pusher-chat/vendor/laravel/framework/src/Illuminate/Http/Middleware/TrustProxies.php(39): Illuminate\\Pipeline\\Pipeline->Illuminate\\Pipeline\\{closure}()
#51 /home/aung/Project/Practice/laravel-pusher-chat/vendor/laravel/framework/src/Illuminate/Pipeline/Pipeline.php(183): Illuminate\\Http\\Middleware\\TrustProxies->handle()
#52 /home/aung/Project/Practice/laravel-pusher-chat/vendor/laravel/framework/src/Illuminate/Pipeline/Pipeline.php(119): Illuminate\\Pipeline\\Pipeline->Illuminate\\Pipeline\\{closure}()
#53 /home/aung/Project/Practice/laravel-pusher-chat/vendor/laravel/framework/src/Illuminate/Foundation/Http/Kernel.php(175): Illuminate\\Pipeline\\Pipeline->then()
#54 /home/aung/Project/Practice/laravel-pusher-chat/vendor/laravel/framework/src/Illuminate/Foundation/Http/Kernel.php(144): Illuminate\\Foundation\\Http\\Kernel->sendRequestThroughRouter()
#55 /home/aung/Project/Practice/laravel-pusher-chat/public/index.php(51): Illuminate\\Foundation\\Http\\Kernel->handle()
#56 /home/aung/Project/Practice/laravel-pusher-chat/vendor/laravel/framework/src/Illuminate/Foundation/resources/server.php(16): require_once('...')
#57 {main}
"} 
[2024-02-29 03:25:23] local.ERROR: SQLSTATE[42000]: Syntax error or access violation: 1055 Expression #1 of SELECT list is not in GROUP BY clause and contains nonaggregated column 'chat.chat_messages.id' which is not functionally dependent on columns in GROUP BY clause; this is incompatible with sql_mode=only_full_group_by (Connection: mysql, SQL: select * from `chat_messages` where `chat_id` = 3 and (`user_id` = 1 or `user_id` = 3) group by `created_at` order by `id` asc) {"userId":1,"exception":"[object] (Illuminate\\Database\\QueryException(code: 42000): SQLSTATE[42000]: Syntax error or access violation: 1055 Expression #1 of SELECT list is not in GROUP BY clause and contains nonaggregated column 'chat.chat_messages.id' which is not functionally dependent on columns in GROUP BY clause; this is incompatible with sql_mode=only_full_group_by (Connection: mysql, SQL: select * from `chat_messages` where `chat_id` = 3 and (`user_id` = 1 or `user_id` = 3) group by `created_at` order by `id` asc) at /home/aung/Project/Practice/laravel-pusher-chat/vendor/laravel/framework/src/Illuminate/Database/Connection.php:829)
[stacktrace]
#0 /home/aung/Project/Practice/laravel-pusher-chat/vendor/laravel/framework/src/Illuminate/Database/Connection.php(783): Illuminate\\Database\\Connection->runQueryCallback()
#1 /home/aung/Project/Practice/laravel-pusher-chat/vendor/laravel/framework/src/Illuminate/Database/Connection.php(414): Illuminate\\Database\\Connection->run()
#2 /home/aung/Project/Practice/laravel-pusher-chat/vendor/laravel/framework/src/Illuminate/Database/Query/Builder.php(2751): Illuminate\\Database\\Connection->select()
#3 /home/aung/Project/Practice/laravel-pusher-chat/vendor/laravel/framework/src/Illuminate/Database/Query/Builder.php(2740): Illuminate\\Database\\Query\\Builder->runSelect()
#4 /home/aung/Project/Practice/laravel-pusher-chat/vendor/laravel/framework/src/Illuminate/Database/Query/Builder.php(3294): Illuminate\\Database\\Query\\Builder->Illuminate\\Database\\Query\\{closure}()
#5 /home/aung/Project/Practice/laravel-pusher-chat/vendor/laravel/framework/src/Illuminate/Database/Query/Builder.php(2739): Illuminate\\Database\\Query\\Builder->onceWithColumns()
#6 /home/aung/Project/Practice/laravel-pusher-chat/vendor/laravel/framework/src/Illuminate/Database/Eloquent/Builder.php(738): Illuminate\\Database\\Query\\Builder->get()
#7 /home/aung/Project/Practice/laravel-pusher-chat/vendor/laravel/framework/src/Illuminate/Database/Eloquent/Builder.php(722): Illuminate\\Database\\Eloquent\\Builder->getModels()
#8 /home/aung/Project/Practice/laravel-pusher-chat/app/Http/Controllers/ChatMessageController.php(46): Illuminate\\Database\\Eloquent\\Builder->get()
#9 /home/aung/Project/Practice/laravel-pusher-chat/vendor/laravel/framework/src/Illuminate/Routing/Controller.php(54): App\\Http\\Controllers\\ChatMessageController->index()
#10 /home/aung/Project/Practice/laravel-pusher-chat/vendor/laravel/framework/src/Illuminate/Routing/ControllerDispatcher.php(43): Illuminate\\Routing\\Controller->callAction()
#11 /home/aung/Project/Practice/laravel-pusher-chat/vendor/laravel/framework/src/Illuminate/Routing/Route.php(259): Illuminate\\Routing\\ControllerDispatcher->dispatch()
#12 /home/aung/Project/Practice/laravel-pusher-chat/vendor/laravel/framework/src/Illuminate/Routing/Route.php(205): Illuminate\\Routing\\Route->runController()
#13 /home/aung/Project/Practice/laravel-pusher-chat/vendor/laravel/framework/src/Illuminate/Routing/Router.php(806): Illuminate\\Routing\\Route->run()
#14 /home/aung/Project/Practice/laravel-pusher-chat/vendor/laravel/framework/src/Illuminate/Pipeline/Pipeline.php(144): Illuminate\\Routing\\Router->Illuminate\\Routing\\{closure}()
#15 /home/aung/Project/Practice/laravel-pusher-chat/vendor/laravel/framework/src/Illuminate/Routing/Middleware/SubstituteBindings.php(50): Illuminate\\Pipeline\\Pipeline->Illuminate\\Pipeline\\{closure}()
#16 /home/aung/Project/Practice/laravel-pusher-chat/vendor/laravel/framework/src/Illuminate/Pipeline/Pipeline.php(183): Illuminate\\Routing\\Middleware\\SubstituteBindings->handle()
#17 /home/aung/Project/Practice/laravel-pusher-chat/vendor/laravel/framework/src/Illuminate/Routing/Middleware/ThrottleRequests.php(159): Illuminate\\Pipeline\\Pipeline->Illuminate\\Pipeline\\{closure}()
#18 /home/aung/Project/Practice/laravel-pusher-chat/vendor/laravel/framework/src/Illuminate/Routing/Middleware/ThrottleRequests.php(125): Illuminate\\Routing\\Middleware\\ThrottleRequests->handleRequest()
#19 /home/aung/Project/Practice/laravel-pusher-chat/vendor/laravel/framework/src/Illuminate/Routing/Middleware/ThrottleRequests.php(87): Illuminate\\Routing\\Middleware\\ThrottleRequests->handleRequestUsingNamedLimiter()
#20 /home/aung/Project/Practice/laravel-pusher-chat/vendor/laravel/framework/src/Illuminate/Pipeline/Pipeline.php(183): Illuminate\\Routing\\Middleware\\ThrottleRequests->handle()
#21 /home/aung/Project/Practice/laravel-pusher-chat/vendor/laravel/framework/src/Illuminate/Auth/Middleware/Authenticate.php(57): Illuminate\\Pipeline\\Pipeline->Illuminate\\Pipeline\\{closure}()
#22 /home/aung/Project/Practice/laravel-pusher-chat/vendor/laravel/framework/src/Illuminate/Pipeline/Pipeline.php(183): Illuminate\\Auth\\Middleware\\Authenticate->handle()
#23 /home/aung/Project/Practice/laravel-pusher-chat/vendor/laravel/framework/src/Illuminate/Pipeline/Pipeline.php(119): Illuminate\\Pipeline\\Pipeline->Illuminate\\Pipeline\\{closure}()
#24 /home/aung/Project/Practice/laravel-pusher-chat/vendor/laravel/framework/src/Illuminate/Routing/Router.php(805): Illuminate\\Pipeline\\Pipeline->then()
#25 /home/aung/Project/Practice/laravel-pusher-chat/vendor/laravel/framework/src/Illuminate/Routing/Router.php(784): Illuminate\\Routing\\Router->runRouteWithinStack()
#26 /home/aung/Project/Practice/laravel-pusher-chat/vendor/laravel/framework/src/Illuminate/Routing/Router.php(748): Illuminate\\Routing\\Router->runRoute()
#27 /home/aung/Project/Practice/laravel-pusher-chat/vendor/laravel/framework/src/Illuminate/Routing/Router.php(737): Illuminate\\Routing\\Router->dispatchToRoute()
#28 /home/aung/Project/Practice/laravel-pusher-chat/vendor/laravel/framework/src/Illuminate/Foundation/Http/Kernel.php(200): Illuminate\\Routing\\Router->dispatch()
#29 /home/aung/Project/Practice/laravel-pusher-chat/vendor/laravel/framework/src/Illuminate/Pipeline/Pipeline.php(144): Illuminate\\Foundation\\Http\\Kernel->Illuminate\\Foundation\\Http\\{closure}()
#30 /home/aung/Project/Practice/laravel-pusher-chat/vendor/laravel/framework/src/Illuminate/Foundation/Http/Middleware/TransformsRequest.php(21): Illuminate\\Pipeline\\Pipeline->Illuminate\\Pipeline\\{closure}()
#31 /home/aung/Project/Practice/laravel-pusher-chat/vendor/laravel/framework/src/Illuminate/Foundation/Http/Middleware/ConvertEmptyStringsToNull.php(31): Illuminate\\Foundation\\Http\\Middleware\\TransformsRequest->handle()
#32 /home/aung/Project/Practice/laravel-pusher-chat/vendor/laravel/framework/src/Illuminate/Pipeline/Pipeline.php(183): Illuminate\\Foundation\\Http\\Middleware\\ConvertEmptyStringsToNull->handle()
#33 /home/aung/Project/Practice/laravel-pusher-chat/vendor/laravel/framework/src/Illuminate/Foundation/Http/Middleware/TransformsRequest.php(21): Illuminate\\Pipeline\\Pipeline->Illuminate\\Pipeline\\{closure}()
#34 /home/aung/Project/Practice/laravel-pusher-chat/vendor/laravel/framework/src/Illuminate/Foundation/Http/Middleware/TrimStrings.php(40): Illuminate\\Foundation\\Http\\Middleware\\TransformsRequest->handle()
#35 /home/aung/Project/Practice/laravel-pusher-chat/vendor/laravel/framework/src/Illuminate/Pipeline/Pipeline.php(183): Illuminate\\Foundation\\Http\\Middleware\\TrimStrings->handle()
#36 /home/aung/Project/Practice/laravel-pusher-chat/vendor/laravel/framework/src/Illuminate/Foundation/Http/Middleware/ValidatePostSize.php(27): Illuminate\\Pipeline\\Pipeline->Illuminate\\Pipeline\\{closure}()
#37 /home/aung/Project/Practice/laravel-pusher-chat/vendor/laravel/framework/src/Illuminate/Pipeline/Pipeline.php(183): Illuminate\\Foundation\\Http\\Middleware\\ValidatePostSize->handle()
#38 /home/aung/Project/Practice/laravel-pusher-chat/vendor/laravel/framework/src/Illuminate/Foundation/Http/Middleware/PreventRequestsDuringMaintenance.php(99): Illuminate\\Pipeline\\Pipeline->Illuminate\\Pipeline\\{closure}()
#39 /home/aung/Project/Practice/laravel-pusher-chat/vendor/laravel/framework/src/Illuminate/Pipeline/Pipeline.php(183): Illuminate\\Foundation\\Http\\Middleware\\PreventRequestsDuringMaintenance->handle()
#40 /home/aung/Project/Practice/laravel-pusher-chat/vendor/laravel/framework/src/Illuminate/Http/Middleware/HandleCors.php(62): Illuminate\\Pipeline\\Pipeline->Illuminate\\Pipeline\\{closure}()
#41 /home/aung/Project/Practice/laravel-pusher-chat/vendor/laravel/framework/src/Illuminate/Pipeline/Pipeline.php(183): Illuminate\\Http\\Middleware\\HandleCors->handle()
#42 /home/aung/Project/Practice/laravel-pusher-chat/vendor/laravel/framework/src/Illuminate/Http/Middleware/TrustProxies.php(39): Illuminate\\Pipeline\\Pipeline->Illuminate\\Pipeline\\{closure}()
#43 /home/aung/Project/Practice/laravel-pusher-chat/vendor/laravel/framework/src/Illuminate/Pipeline/Pipeline.php(183): Illuminate\\Http\\Middleware\\TrustProxies->handle()
#44 /home/aung/Project/Practice/laravel-pusher-chat/vendor/laravel/framework/src/Illuminate/Pipeline/Pipeline.php(119): Illuminate\\Pipeline\\Pipeline->Illuminate\\Pipeline\\{closure}()
#45 /home/aung/Project/Practice/laravel-pusher-chat/vendor/laravel/framework/src/Illuminate/Foundation/Http/Kernel.php(175): Illuminate\\Pipeline\\Pipeline->then()
#46 /home/aung/Project/Practice/laravel-pusher-chat/vendor/laravel/framework/src/Illuminate/Foundation/Http/Kernel.php(144): Illuminate\\Foundation\\Http\\Kernel->sendRequestThroughRouter()
#47 /home/aung/Project/Practice/laravel-pusher-chat/public/index.php(51): Illuminate\\Foundation\\Http\\Kernel->handle()
#48 /home/aung/Project/Practice/laravel-pusher-chat/vendor/laravel/framework/src/Illuminate/Foundation/resources/server.php(16): require_once('...')
#49 {main}

[previous exception] [object] (PDOException(code: 42000): SQLSTATE[42000]: Syntax error or access violation: 1055 Expression #1 of SELECT list is not in GROUP BY clause and contains nonaggregated column 'chat.chat_messages.id' which is not functionally dependent on columns in GROUP BY clause; this is incompatible with sql_mode=only_full_group_by at /home/aung/Project/Practice/laravel-pusher-chat/vendor/laravel/framework/src/Illuminate/Database/Connection.php:423)
[stacktrace]
#0 /home/aung/Project/Practice/laravel-pusher-chat/vendor/laravel/framework/src/Illuminate/Database/Connection.php(423): PDO->prepare()
#1 /home/aung/Project/Practice/laravel-pusher-chat/vendor/laravel/framework/src/Illuminate/Database/Connection.php(816): Illuminate\\Database\\Connection->Illuminate\\Database\\{closure}()
#2 /home/aung/Project/Practice/laravel-pusher-chat/vendor/laravel/framework/src/Illuminate/Database/Connection.php(783): Illuminate\\Database\\Connection->runQueryCallback()
#3 /home/aung/Project/Practice/laravel-pusher-chat/vendor/laravel/framework/src/Illuminate/Database/Connection.php(414): Illuminate\\Database\\Connection->run()
#4 /home/aung/Project/Practice/laravel-pusher-chat/vendor/laravel/framework/src/Illuminate/Database/Query/Builder.php(2751): Illuminate\\Database\\Connection->select()
#5 /home/aung/Project/Practice/laravel-pusher-chat/vendor/laravel/framework/src/Illuminate/Database/Query/Builder.php(2740): Illuminate\\Database\\Query\\Builder->runSelect()
#6 /home/aung/Project/Practice/laravel-pusher-chat/vendor/laravel/framework/src/Illuminate/Database/Query/Builder.php(3294): Illuminate\\Database\\Query\\Builder->Illuminate\\Database\\Query\\{closure}()
#7 /home/aung/Project/Practice/laravel-pusher-chat/vendor/laravel/framework/src/Illuminate/Database/Query/Builder.php(2739): Illuminate\\Database\\Query\\Builder->onceWithColumns()
#8 /home/aung/Project/Practice/laravel-pusher-chat/vendor/laravel/framework/src/Illuminate/Database/Eloquent/Builder.php(738): Illuminate\\Database\\Query\\Builder->get()
#9 /home/aung/Project/Practice/laravel-pusher-chat/vendor/laravel/framework/src/Illuminate/Database/Eloquent/Builder.php(722): Illuminate\\Database\\Eloquent\\Builder->getModels()
#10 /home/aung/Project/Practice/laravel-pusher-chat/app/Http/Controllers/ChatMessageController.php(46): Illuminate\\Database\\Eloquent\\Builder->get()
#11 /home/aung/Project/Practice/laravel-pusher-chat/vendor/laravel/framework/src/Illuminate/Routing/Controller.php(54): App\\Http\\Controllers\\ChatMessageController->index()
#12 /home/aung/Project/Practice/laravel-pusher-chat/vendor/laravel/framework/src/Illuminate/Routing/ControllerDispatcher.php(43): Illuminate\\Routing\\Controller->callAction()
#13 /home/aung/Project/Practice/laravel-pusher-chat/vendor/laravel/framework/src/Illuminate/Routing/Route.php(259): Illuminate\\Routing\\ControllerDispatcher->dispatch()
#14 /home/aung/Project/Practice/laravel-pusher-chat/vendor/laravel/framework/src/Illuminate/Routing/Route.php(205): Illuminate\\Routing\\Route->runController()
#15 /home/aung/Project/Practice/laravel-pusher-chat/vendor/laravel/framework/src/Illuminate/Routing/Router.php(806): Illuminate\\Routing\\Route->run()
#16 /home/aung/Project/Practice/laravel-pusher-chat/vendor/laravel/framework/src/Illuminate/Pipeline/Pipeline.php(144): Illuminate\\Routing\\Router->Illuminate\\Routing\\{closure}()
#17 /home/aung/Project/Practice/laravel-pusher-chat/vendor/laravel/framework/src/Illuminate/Routing/Middleware/SubstituteBindings.php(50): Illuminate\\Pipeline\\Pipeline->Illuminate\\Pipeline\\{closure}()
#18 /home/aung/Project/Practice/laravel-pusher-chat/vendor/laravel/framework/src/Illuminate/Pipeline/Pipeline.php(183): Illuminate\\Routing\\Middleware\\SubstituteBindings->handle()
#19 /home/aung/Project/Practice/laravel-pusher-chat/vendor/laravel/framework/src/Illuminate/Routing/Middleware/ThrottleRequests.php(159): Illuminate\\Pipeline\\Pipeline->Illuminate\\Pipeline\\{closure}()
#20 /home/aung/Project/Practice/laravel-pusher-chat/vendor/laravel/framework/src/Illuminate/Routing/Middleware/ThrottleRequests.php(125): Illuminate\\Routing\\Middleware\\ThrottleRequests->handleRequest()
#21 /home/aung/Project/Practice/laravel-pusher-chat/vendor/laravel/framework/src/Illuminate/Routing/Middleware/ThrottleRequests.php(87): Illuminate\\Routing\\Middleware\\ThrottleRequests->handleRequestUsingNamedLimiter()
#22 /home/aung/Project/Practice/laravel-pusher-chat/vendor/laravel/framework/src/Illuminate/Pipeline/Pipeline.php(183): Illuminate\\Routing\\Middleware\\ThrottleRequests->handle()
#23 /home/aung/Project/Practice/laravel-pusher-chat/vendor/laravel/framework/src/Illuminate/Auth/Middleware/Authenticate.php(57): Illuminate\\Pipeline\\Pipeline->Illuminate\\Pipeline\\{closure}()
#24 /home/aung/Project/Practice/laravel-pusher-chat/vendor/laravel/framework/src/Illuminate/Pipeline/Pipeline.php(183): Illuminate\\Auth\\Middleware\\Authenticate->handle()
#25 /home/aung/Project/Practice/laravel-pusher-chat/vendor/laravel/framework/src/Illuminate/Pipeline/Pipeline.php(119): Illuminate\\Pipeline\\Pipeline->Illuminate\\Pipeline\\{closure}()
#26 /home/aung/Project/Practice/laravel-pusher-chat/vendor/laravel/framework/src/Illuminate/Routing/Router.php(805): Illuminate\\Pipeline\\Pipeline->then()
#27 /home/aung/Project/Practice/laravel-pusher-chat/vendor/laravel/framework/src/Illuminate/Routing/Router.php(784): Illuminate\\Routing\\Router->runRouteWithinStack()
#28 /home/aung/Project/Practice/laravel-pusher-chat/vendor/laravel/framework/src/Illuminate/Routing/Router.php(748): Illuminate\\Routing\\Router->runRoute()
#29 /home/aung/Project/Practice/laravel-pusher-chat/vendor/laravel/framework/src/Illuminate/Routing/Router.php(737): Illuminate\\Routing\\Router->dispatchToRoute()
#30 /home/aung/Project/Practice/laravel-pusher-chat/vendor/laravel/framework/src/Illuminate/Foundation/Http/Kernel.php(200): Illuminate\\Routing\\Router->dispatch()
#31 /home/aung/Project/Practice/laravel-pusher-chat/vendor/laravel/framework/src/Illuminate/Pipeline/Pipeline.php(144): Illuminate\\Foundation\\Http\\Kernel->Illuminate\\Foundation\\Http\\{closure}()
#32 /home/aung/Project/Practice/laravel-pusher-chat/vendor/laravel/framework/src/Illuminate/Foundation/Http/Middleware/TransformsRequest.php(21): Illuminate\\Pipeline\\Pipeline->Illuminate\\Pipeline\\{closure}()
#33 /home/aung/Project/Practice/laravel-pusher-chat/vendor/laravel/framework/src/Illuminate/Foundation/Http/Middleware/ConvertEmptyStringsToNull.php(31): Illuminate\\Foundation\\Http\\Middleware\\TransformsRequest->handle()
#34 /home/aung/Project/Practice/laravel-pusher-chat/vendor/laravel/framework/src/Illuminate/Pipeline/Pipeline.php(183): Illuminate\\Foundation\\Http\\Middleware\\ConvertEmptyStringsToNull->handle()
#35 /home/aung/Project/Practice/laravel-pusher-chat/vendor/laravel/framework/src/Illuminate/Foundation/Http/Middleware/TransformsRequest.php(21): Illuminate\\Pipeline\\Pipeline->Illuminate\\Pipeline\\{closure}()
#36 /home/aung/Project/Practice/laravel-pusher-chat/vendor/laravel/framework/src/Illuminate/Foundation/Http/Middleware/TrimStrings.php(40): Illuminate\\Foundation\\Http\\Middleware\\TransformsRequest->handle()
#37 /home/aung/Project/Practice/laravel-pusher-chat/vendor/laravel/framework/src/Illuminate/Pipeline/Pipeline.php(183): Illuminate\\Foundation\\Http\\Middleware\\TrimStrings->handle()
#38 /home/aung/Project/Practice/laravel-pusher-chat/vendor/laravel/framework/src/Illuminate/Foundation/Http/Middleware/ValidatePostSize.php(27): Illuminate\\Pipeline\\Pipeline->Illuminate\\Pipeline\\{closure}()
#39 /home/aung/Project/Practice/laravel-pusher-chat/vendor/laravel/framework/src/Illuminate/Pipeline/Pipeline.php(183): Illuminate\\Foundation\\Http\\Middleware\\ValidatePostSize->handle()
#40 /home/aung/Project/Practice/laravel-pusher-chat/vendor/laravel/framework/src/Illuminate/Foundation/Http/Middleware/PreventRequestsDuringMaintenance.php(99): Illuminate\\Pipeline\\Pipeline->Illuminate\\Pipeline\\{closure}()
#41 /home/aung/Project/Practice/laravel-pusher-chat/vendor/laravel/framework/src/Illuminate/Pipeline/Pipeline.php(183): Illuminate\\Foundation\\Http\\Middleware\\PreventRequestsDuringMaintenance->handle()
#42 /home/aung/Project/Practice/laravel-pusher-chat/vendor/laravel/framework/src/Illuminate/Http/Middleware/HandleCors.php(62): Illuminate\\Pipeline\\Pipeline->Illuminate\\Pipeline\\{closure}()
#43 /home/aung/Project/Practice/laravel-pusher-chat/vendor/laravel/framework/src/Illuminate/Pipeline/Pipeline.php(183): Illuminate\\Http\\Middleware\\HandleCors->handle()
#44 /home/aung/Project/Practice/laravel-pusher-chat/vendor/laravel/framework/src/Illuminate/Http/Middleware/TrustProxies.php(39): Illuminate\\Pipeline\\Pipeline->Illuminate\\Pipeline\\{closure}()
#45 /home/aung/Project/Practice/laravel-pusher-chat/vendor/laravel/framework/src/Illuminate/Pipeline/Pipeline.php(183): Illuminate\\Http\\Middleware\\TrustProxies->handle()
#46 /home/aung/Project/Practice/laravel-pusher-chat/vendor/laravel/framework/src/Illuminate/Pipeline/Pipeline.php(119): Illuminate\\Pipeline\\Pipeline->Illuminate\\Pipeline\\{closure}()
#47 /home/aung/Project/Practice/laravel-pusher-chat/vendor/laravel/framework/src/Illuminate/Foundation/Http/Kernel.php(175): Illuminate\\Pipeline\\Pipeline->then()
#48 /home/aung/Project/Practice/laravel-pusher-chat/vendor/laravel/framework/src/Illuminate/Foundation/Http/Kernel.php(144): Illuminate\\Foundation\\Http\\Kernel->sendRequestThroughRouter()
#49 /home/aung/Project/Practice/laravel-pusher-chat/public/index.php(51): Illuminate\\Foundation\\Http\\Kernel->handle()
#50 /home/aung/Project/Practice/laravel-pusher-chat/vendor/laravel/framework/src/Illuminate/Foundation/resources/server.php(16): require_once('...')
#51 {main}
"} 
[2024-02-29 03:25:24] local.ERROR: SQLSTATE[42000]: Syntax error or access violation: 1055 Expression #1 of SELECT list is not in GROUP BY clause and contains nonaggregated column 'chat.chat_messages.id' which is not functionally dependent on columns in GROUP BY clause; this is incompatible with sql_mode=only_full_group_by (Connection: mysql, SQL: select * from `chat_messages` where `chat_id` = 2 and (`user_id` = 1 or `user_id` = 5) group by `created_at` order by `id` asc) {"userId":1,"exception":"[object] (Illuminate\\Database\\QueryException(code: 42000): SQLSTATE[42000]: Syntax error or access violation: 1055 Expression #1 of SELECT list is not in GROUP BY clause and contains nonaggregated column 'chat.chat_messages.id' which is not functionally dependent on columns in GROUP BY clause; this is incompatible with sql_mode=only_full_group_by (Connection: mysql, SQL: select * from `chat_messages` where `chat_id` = 2 and (`user_id` = 1 or `user_id` = 5) group by `created_at` order by `id` asc) at /home/aung/Project/Practice/laravel-pusher-chat/vendor/laravel/framework/src/Illuminate/Database/Connection.php:829)
[stacktrace]
#0 /home/aung/Project/Practice/laravel-pusher-chat/vendor/laravel/framework/src/Illuminate/Database/Connection.php(783): Illuminate\\Database\\Connection->runQueryCallback()
#1 /home/aung/Project/Practice/laravel-pusher-chat/vendor/laravel/framework/src/Illuminate/Database/Connection.php(414): Illuminate\\Database\\Connection->run()
#2 /home/aung/Project/Practice/laravel-pusher-chat/vendor/laravel/framework/src/Illuminate/Database/Query/Builder.php(2751): Illuminate\\Database\\Connection->select()
#3 /home/aung/Project/Practice/laravel-pusher-chat/vendor/laravel/framework/src/Illuminate/Database/Query/Builder.php(2740): Illuminate\\Database\\Query\\Builder->runSelect()
#4 /home/aung/Project/Practice/laravel-pusher-chat/vendor/laravel/framework/src/Illuminate/Database/Query/Builder.php(3294): Illuminate\\Database\\Query\\Builder->Illuminate\\Database\\Query\\{closure}()
#5 /home/aung/Project/Practice/laravel-pusher-chat/vendor/laravel/framework/src/Illuminate/Database/Query/Builder.php(2739): Illuminate\\Database\\Query\\Builder->onceWithColumns()
#6 /home/aung/Project/Practice/laravel-pusher-chat/vendor/laravel/framework/src/Illuminate/Database/Eloquent/Builder.php(738): Illuminate\\Database\\Query\\Builder->get()
#7 /home/aung/Project/Practice/laravel-pusher-chat/vendor/laravel/framework/src/Illuminate/Database/Eloquent/Builder.php(722): Illuminate\\Database\\Eloquent\\Builder->getModels()
#8 /home/aung/Project/Practice/laravel-pusher-chat/app/Http/Controllers/ChatMessageController.php(46): Illuminate\\Database\\Eloquent\\Builder->get()
#9 /home/aung/Project/Practice/laravel-pusher-chat/vendor/laravel/framework/src/Illuminate/Routing/Controller.php(54): App\\Http\\Controllers\\ChatMessageController->index()
#10 /home/aung/Project/Practice/laravel-pusher-chat/vendor/laravel/framework/src/Illuminate/Routing/ControllerDispatcher.php(43): Illuminate\\Routing\\Controller->callAction()
#11 /home/aung/Project/Practice/laravel-pusher-chat/vendor/laravel/framework/src/Illuminate/Routing/Route.php(259): Illuminate\\Routing\\ControllerDispatcher->dispatch()
#12 /home/aung/Project/Practice/laravel-pusher-chat/vendor/laravel/framework/src/Illuminate/Routing/Route.php(205): Illuminate\\Routing\\Route->runController()
#13 /home/aung/Project/Practice/laravel-pusher-chat/vendor/laravel/framework/src/Illuminate/Routing/Router.php(806): Illuminate\\Routing\\Route->run()
#14 /home/aung/Project/Practice/laravel-pusher-chat/vendor/laravel/framework/src/Illuminate/Pipeline/Pipeline.php(144): Illuminate\\Routing\\Router->Illuminate\\Routing\\{closure}()
#15 /home/aung/Project/Practice/laravel-pusher-chat/vendor/laravel/framework/src/Illuminate/Routing/Middleware/SubstituteBindings.php(50): Illuminate\\Pipeline\\Pipeline->Illuminate\\Pipeline\\{closure}()
#16 /home/aung/Project/Practice/laravel-pusher-chat/vendor/laravel/framework/src/Illuminate/Pipeline/Pipeline.php(183): Illuminate\\Routing\\Middleware\\SubstituteBindings->handle()
#17 /home/aung/Project/Practice/laravel-pusher-chat/vendor/laravel/framework/src/Illuminate/Routing/Middleware/ThrottleRequests.php(159): Illuminate\\Pipeline\\Pipeline->Illuminate\\Pipeline\\{closure}()
#18 /home/aung/Project/Practice/laravel-pusher-chat/vendor/laravel/framework/src/Illuminate/Routing/Middleware/ThrottleRequests.php(125): Illuminate\\Routing\\Middleware\\ThrottleRequests->handleRequest()
#19 /home/aung/Project/Practice/laravel-pusher-chat/vendor/laravel/framework/src/Illuminate/Routing/Middleware/ThrottleRequests.php(87): Illuminate\\Routing\\Middleware\\ThrottleRequests->handleRequestUsingNamedLimiter()
#20 /home/aung/Project/Practice/laravel-pusher-chat/vendor/laravel/framework/src/Illuminate/Pipeline/Pipeline.php(183): Illuminate\\Routing\\Middleware\\ThrottleRequests->handle()
#21 /home/aung/Project/Practice/laravel-pusher-chat/vendor/laravel/framework/src/Illuminate/Auth/Middleware/Authenticate.php(57): Illuminate\\Pipeline\\Pipeline->Illuminate\\Pipeline\\{closure}()
#22 /home/aung/Project/Practice/laravel-pusher-chat/vendor/laravel/framework/src/Illuminate/Pipeline/Pipeline.php(183): Illuminate\\Auth\\Middleware\\Authenticate->handle()
#23 /home/aung/Project/Practice/laravel-pusher-chat/vendor/laravel/framework/src/Illuminate/Pipeline/Pipeline.php(119): Illuminate\\Pipeline\\Pipeline->Illuminate\\Pipeline\\{closure}()
#24 /home/aung/Project/Practice/laravel-pusher-chat/vendor/laravel/framework/src/Illuminate/Routing/Router.php(805): Illuminate\\Pipeline\\Pipeline->then()
#25 /home/aung/Project/Practice/laravel-pusher-chat/vendor/laravel/framework/src/Illuminate/Routing/Router.php(784): Illuminate\\Routing\\Router->runRouteWithinStack()
#26 /home/aung/Project/Practice/laravel-pusher-chat/vendor/laravel/framework/src/Illuminate/Routing/Router.php(748): Illuminate\\Routing\\Router->runRoute()
#27 /home/aung/Project/Practice/laravel-pusher-chat/vendor/laravel/framework/src/Illuminate/Routing/Router.php(737): Illuminate\\Routing\\Router->dispatchToRoute()
#28 /home/aung/Project/Practice/laravel-pusher-chat/vendor/laravel/framework/src/Illuminate/Foundation/Http/Kernel.php(200): Illuminate\\Routing\\Router->dispatch()
#29 /home/aung/Project/Practice/laravel-pusher-chat/vendor/laravel/framework/src/Illuminate/Pipeline/Pipeline.php(144): Illuminate\\Foundation\\Http\\Kernel->Illuminate\\Foundation\\Http\\{closure}()
#30 /home/aung/Project/Practice/laravel-pusher-chat/vendor/laravel/framework/src/Illuminate/Foundation/Http/Middleware/TransformsRequest.php(21): Illuminate\\Pipeline\\Pipeline->Illuminate\\Pipeline\\{closure}()
#31 /home/aung/Project/Practice/laravel-pusher-chat/vendor/laravel/framework/src/Illuminate/Foundation/Http/Middleware/ConvertEmptyStringsToNull.php(31): Illuminate\\Foundation\\Http\\Middleware\\TransformsRequest->handle()
#32 /home/aung/Project/Practice/laravel-pusher-chat/vendor/laravel/framework/src/Illuminate/Pipeline/Pipeline.php(183): Illuminate\\Foundation\\Http\\Middleware\\ConvertEmptyStringsToNull->handle()
#33 /home/aung/Project/Practice/laravel-pusher-chat/vendor/laravel/framework/src/Illuminate/Foundation/Http/Middleware/TransformsRequest.php(21): Illuminate\\Pipeline\\Pipeline->Illuminate\\Pipeline\\{closure}()
#34 /home/aung/Project/Practice/laravel-pusher-chat/vendor/laravel/framework/src/Illuminate/Foundation/Http/Middleware/TrimStrings.php(40): Illuminate\\Foundation\\Http\\Middleware\\TransformsRequest->handle()
#35 /home/aung/Project/Practice/laravel-pusher-chat/vendor/laravel/framework/src/Illuminate/Pipeline/Pipeline.php(183): Illuminate\\Foundation\\Http\\Middleware\\TrimStrings->handle()
#36 /home/aung/Project/Practice/laravel-pusher-chat/vendor/laravel/framework/src/Illuminate/Foundation/Http/Middleware/ValidatePostSize.php(27): Illuminate\\Pipeline\\Pipeline->Illuminate\\Pipeline\\{closure}()
#37 /home/aung/Project/Practice/laravel-pusher-chat/vendor/laravel/framework/src/Illuminate/Pipeline/Pipeline.php(183): Illuminate\\Foundation\\Http\\Middleware\\ValidatePostSize->handle()
#38 /home/aung/Project/Practice/laravel-pusher-chat/vendor/laravel/framework/src/Illuminate/Foundation/Http/Middleware/PreventRequestsDuringMaintenance.php(99): Illuminate\\Pipeline\\Pipeline->Illuminate\\Pipeline\\{closure}()
#39 /home/aung/Project/Practice/laravel-pusher-chat/vendor/laravel/framework/src/Illuminate/Pipeline/Pipeline.php(183): Illuminate\\Foundation\\Http\\Middleware\\PreventRequestsDuringMaintenance->handle()
#40 /home/aung/Project/Practice/laravel-pusher-chat/vendor/laravel/framework/src/Illuminate/Http/Middleware/HandleCors.php(62): Illuminate\\Pipeline\\Pipeline->Illuminate\\Pipeline\\{closure}()
#41 /home/aung/Project/Practice/laravel-pusher-chat/vendor/laravel/framework/src/Illuminate/Pipeline/Pipeline.php(183): Illuminate\\Http\\Middleware\\HandleCors->handle()
#42 /home/aung/Project/Practice/laravel-pusher-chat/vendor/laravel/framework/src/Illuminate/Http/Middleware/TrustProxies.php(39): Illuminate\\Pipeline\\Pipeline->Illuminate\\Pipeline\\{closure}()
#43 /home/aung/Project/Practice/laravel-pusher-chat/vendor/laravel/framework/src/Illuminate/Pipeline/Pipeline.php(183): Illuminate\\Http\\Middleware\\TrustProxies->handle()
#44 /home/aung/Project/Practice/laravel-pusher-chat/vendor/laravel/framework/src/Illuminate/Pipeline/Pipeline.php(119): Illuminate\\Pipeline\\Pipeline->Illuminate\\Pipeline\\{closure}()
#45 /home/aung/Project/Practice/laravel-pusher-chat/vendor/laravel/framework/src/Illuminate/Foundation/Http/Kernel.php(175): Illuminate\\Pipeline\\Pipeline->then()
#46 /home/aung/Project/Practice/laravel-pusher-chat/vendor/laravel/framework/src/Illuminate/Foundation/Http/Kernel.php(144): Illuminate\\Foundation\\Http\\Kernel->sendRequestThroughRouter()
#47 /home/aung/Project/Practice/laravel-pusher-chat/public/index.php(51): Illuminate\\Foundation\\Http\\Kernel->handle()
#48 /home/aung/Project/Practice/laravel-pusher-chat/vendor/laravel/framework/src/Illuminate/Foundation/resources/server.php(16): require_once('...')
#49 {main}

[previous exception] [object] (PDOException(code: 42000): SQLSTATE[42000]: Syntax error or access violation: 1055 Expression #1 of SELECT list is not in GROUP BY clause and contains nonaggregated column 'chat.chat_messages.id' which is not functionally dependent on columns in GROUP BY clause; this is incompatible with sql_mode=only_full_group_by at /home/aung/Project/Practice/laravel-pusher-chat/vendor/laravel/framework/src/Illuminate/Database/Connection.php:423)
[stacktrace]
#0 /home/aung/Project/Practice/laravel-pusher-chat/vendor/laravel/framework/src/Illuminate/Database/Connection.php(423): PDO->prepare()
#1 /home/aung/Project/Practice/laravel-pusher-chat/vendor/laravel/framework/src/Illuminate/Database/Connection.php(816): Illuminate\\Database\\Connection->Illuminate\\Database\\{closure}()
#2 /home/aung/Project/Practice/laravel-pusher-chat/vendor/laravel/framework/src/Illuminate/Database/Connection.php(783): Illuminate\\Database\\Connection->runQueryCallback()
#3 /home/aung/Project/Practice/laravel-pusher-chat/vendor/laravel/framework/src/Illuminate/Database/Connection.php(414): Illuminate\\Database\\Connection->run()
#4 /home/aung/Project/Practice/laravel-pusher-chat/vendor/laravel/framework/src/Illuminate/Database/Query/Builder.php(2751): Illuminate\\Database\\Connection->select()
#5 /home/aung/Project/Practice/laravel-pusher-chat/vendor/laravel/framework/src/Illuminate/Database/Query/Builder.php(2740): Illuminate\\Database\\Query\\Builder->runSelect()
#6 /home/aung/Project/Practice/laravel-pusher-chat/vendor/laravel/framework/src/Illuminate/Database/Query/Builder.php(3294): Illuminate\\Database\\Query\\Builder->Illuminate\\Database\\Query\\{closure}()
#7 /home/aung/Project/Practice/laravel-pusher-chat/vendor/laravel/framework/src/Illuminate/Database/Query/Builder.php(2739): Illuminate\\Database\\Query\\Builder->onceWithColumns()
#8 /home/aung/Project/Practice/laravel-pusher-chat/vendor/laravel/framework/src/Illuminate/Database/Eloquent/Builder.php(738): Illuminate\\Database\\Query\\Builder->get()
#9 /home/aung/Project/Practice/laravel-pusher-chat/vendor/laravel/framework/src/Illuminate/Database/Eloquent/Builder.php(722): Illuminate\\Database\\Eloquent\\Builder->getModels()
#10 /home/aung/Project/Practice/laravel-pusher-chat/app/Http/Controllers/ChatMessageController.php(46): Illuminate\\Database\\Eloquent\\Builder->get()
#11 /home/aung/Project/Practice/laravel-pusher-chat/vendor/laravel/framework/src/Illuminate/Routing/Controller.php(54): App\\Http\\Controllers\\ChatMessageController->index()
#12 /home/aung/Project/Practice/laravel-pusher-chat/vendor/laravel/framework/src/Illuminate/Routing/ControllerDispatcher.php(43): Illuminate\\Routing\\Controller->callAction()
#13 /home/aung/Project/Practice/laravel-pusher-chat/vendor/laravel/framework/src/Illuminate/Routing/Route.php(259): Illuminate\\Routing\\ControllerDispatcher->dispatch()
#14 /home/aung/Project/Practice/laravel-pusher-chat/vendor/laravel/framework/src/Illuminate/Routing/Route.php(205): Illuminate\\Routing\\Route->runController()
#15 /home/aung/Project/Practice/laravel-pusher-chat/vendor/laravel/framework/src/Illuminate/Routing/Router.php(806): Illuminate\\Routing\\Route->run()
#16 /home/aung/Project/Practice/laravel-pusher-chat/vendor/laravel/framework/src/Illuminate/Pipeline/Pipeline.php(144): Illuminate\\Routing\\Router->Illuminate\\Routing\\{closure}()
#17 /home/aung/Project/Practice/laravel-pusher-chat/vendor/laravel/framework/src/Illuminate/Routing/Middleware/SubstituteBindings.php(50): Illuminate\\Pipeline\\Pipeline->Illuminate\\Pipeline\\{closure}()
#18 /home/aung/Project/Practice/laravel-pusher-chat/vendor/laravel/framework/src/Illuminate/Pipeline/Pipeline.php(183): Illuminate\\Routing\\Middleware\\SubstituteBindings->handle()
#19 /home/aung/Project/Practice/laravel-pusher-chat/vendor/laravel/framework/src/Illuminate/Routing/Middleware/ThrottleRequests.php(159): Illuminate\\Pipeline\\Pipeline->Illuminate\\Pipeline\\{closure}()
#20 /home/aung/Project/Practice/laravel-pusher-chat/vendor/laravel/framework/src/Illuminate/Routing/Middleware/ThrottleRequests.php(125): Illuminate\\Routing\\Middleware\\ThrottleRequests->handleRequest()
#21 /home/aung/Project/Practice/laravel-pusher-chat/vendor/laravel/framework/src/Illuminate/Routing/Middleware/ThrottleRequests.php(87): Illuminate\\Routing\\Middleware\\ThrottleRequests->handleRequestUsingNamedLimiter()
#22 /home/aung/Project/Practice/laravel-pusher-chat/vendor/laravel/framework/src/Illuminate/Pipeline/Pipeline.php(183): Illuminate\\Routing\\Middleware\\ThrottleRequests->handle()
#23 /home/aung/Project/Practice/laravel-pusher-chat/vendor/laravel/framework/src/Illuminate/Auth/Middleware/Authenticate.php(57): Illuminate\\Pipeline\\Pipeline->Illuminate\\Pipeline\\{closure}()
#24 /home/aung/Project/Practice/laravel-pusher-chat/vendor/laravel/framework/src/Illuminate/Pipeline/Pipeline.php(183): Illuminate\\Auth\\Middleware\\Authenticate->handle()
#25 /home/aung/Project/Practice/laravel-pusher-chat/vendor/laravel/framework/src/Illuminate/Pipeline/Pipeline.php(119): Illuminate\\Pipeline\\Pipeline->Illuminate\\Pipeline\\{closure}()
#26 /home/aung/Project/Practice/laravel-pusher-chat/vendor/laravel/framework/src/Illuminate/Routing/Router.php(805): Illuminate\\Pipeline\\Pipeline->then()
#27 /home/aung/Project/Practice/laravel-pusher-chat/vendor/laravel/framework/src/Illuminate/Routing/Router.php(784): Illuminate\\Routing\\Router->runRouteWithinStack()
#28 /home/aung/Project/Practice/laravel-pusher-chat/vendor/laravel/framework/src/Illuminate/Routing/Router.php(748): Illuminate\\Routing\\Router->runRoute()
#29 /home/aung/Project/Practice/laravel-pusher-chat/vendor/laravel/framework/src/Illuminate/Routing/Router.php(737): Illuminate\\Routing\\Router->dispatchToRoute()
#30 /home/aung/Project/Practice/laravel-pusher-chat/vendor/laravel/framework/src/Illuminate/Foundation/Http/Kernel.php(200): Illuminate\\Routing\\Router->dispatch()
#31 /home/aung/Project/Practice/laravel-pusher-chat/vendor/laravel/framework/src/Illuminate/Pipeline/Pipeline.php(144): Illuminate\\Foundation\\Http\\Kernel->Illuminate\\Foundation\\Http\\{closure}()
#32 /home/aung/Project/Practice/laravel-pusher-chat/vendor/laravel/framework/src/Illuminate/Foundation/Http/Middleware/TransformsRequest.php(21): Illuminate\\Pipeline\\Pipeline->Illuminate\\Pipeline\\{closure}()
#33 /home/aung/Project/Practice/laravel-pusher-chat/vendor/laravel/framework/src/Illuminate/Foundation/Http/Middleware/ConvertEmptyStringsToNull.php(31): Illuminate\\Foundation\\Http\\Middleware\\TransformsRequest->handle()
#34 /home/aung/Project/Practice/laravel-pusher-chat/vendor/laravel/framework/src/Illuminate/Pipeline/Pipeline.php(183): Illuminate\\Foundation\\Http\\Middleware\\ConvertEmptyStringsToNull->handle()
#35 /home/aung/Project/Practice/laravel-pusher-chat/vendor/laravel/framework/src/Illuminate/Foundation/Http/Middleware/TransformsRequest.php(21): Illuminate\\Pipeline\\Pipeline->Illuminate\\Pipeline\\{closure}()
#36 /home/aung/Project/Practice/laravel-pusher-chat/vendor/laravel/framework/src/Illuminate/Foundation/Http/Middleware/TrimStrings.php(40): Illuminate\\Foundation\\Http\\Middleware\\TransformsRequest->handle()
#37 /home/aung/Project/Practice/laravel-pusher-chat/vendor/laravel/framework/src/Illuminate/Pipeline/Pipeline.php(183): Illuminate\\Foundation\\Http\\Middleware\\TrimStrings->handle()
#38 /home/aung/Project/Practice/laravel-pusher-chat/vendor/laravel/framework/src/Illuminate/Foundation/Http/Middleware/ValidatePostSize.php(27): Illuminate\\Pipeline\\Pipeline->Illuminate\\Pipeline\\{closure}()
#39 /home/aung/Project/Practice/laravel-pusher-chat/vendor/laravel/framework/src/Illuminate/Pipeline/Pipeline.php(183): Illuminate\\Foundation\\Http\\Middleware\\ValidatePostSize->handle()
#40 /home/aung/Project/Practice/laravel-pusher-chat/vendor/laravel/framework/src/Illuminate/Foundation/Http/Middleware/PreventRequestsDuringMaintenance.php(99): Illuminate\\Pipeline\\Pipeline->Illuminate\\Pipeline\\{closure}()
#41 /home/aung/Project/Practice/laravel-pusher-chat/vendor/laravel/framework/src/Illuminate/Pipeline/Pipeline.php(183): Illuminate\\Foundation\\Http\\Middleware\\PreventRequestsDuringMaintenance->handle()
#42 /home/aung/Project/Practice/laravel-pusher-chat/vendor/laravel/framework/src/Illuminate/Http/Middleware/HandleCors.php(62): Illuminate\\Pipeline\\Pipeline->Illuminate\\Pipeline\\{closure}()
#43 /home/aung/Project/Practice/laravel-pusher-chat/vendor/laravel/framework/src/Illuminate/Pipeline/Pipeline.php(183): Illuminate\\Http\\Middleware\\HandleCors->handle()
#44 /home/aung/Project/Practice/laravel-pusher-chat/vendor/laravel/framework/src/Illuminate/Http/Middleware/TrustProxies.php(39): Illuminate\\Pipeline\\Pipeline->Illuminate\\Pipeline\\{closure}()
#45 /home/aung/Project/Practice/laravel-pusher-chat/vendor/laravel/framework/src/Illuminate/Pipeline/Pipeline.php(183): Illuminate\\Http\\Middleware\\TrustProxies->handle()
#46 /home/aung/Project/Practice/laravel-pusher-chat/vendor/laravel/framework/src/Illuminate/Pipeline/Pipeline.php(119): Illuminate\\Pipeline\\Pipeline->Illuminate\\Pipeline\\{closure}()
#47 /home/aung/Project/Practice/laravel-pusher-chat/vendor/laravel/framework/src/Illuminate/Foundation/Http/Kernel.php(175): Illuminate\\Pipeline\\Pipeline->then()
#48 /home/aung/Project/Practice/laravel-pusher-chat/vendor/laravel/framework/src/Illuminate/Foundation/Http/Kernel.php(144): Illuminate\\Foundation\\Http\\Kernel->sendRequestThroughRouter()
#49 /home/aung/Project/Practice/laravel-pusher-chat/public/index.php(51): Illuminate\\Foundation\\Http\\Kernel->handle()
#50 /home/aung/Project/Practice/laravel-pusher-chat/vendor/laravel/framework/src/Illuminate/Foundation/resources/server.php(16): require_once('...')
#51 {main}
"} 
[2024-02-29 03:25:25] local.ERROR: SQLSTATE[42000]: Syntax error or access violation: 1055 Expression #1 of SELECT list is not in GROUP BY clause and contains nonaggregated column 'chat.chat_messages.id' which is not functionally dependent on columns in GROUP BY clause; this is incompatible with sql_mode=only_full_group_by (Connection: mysql, SQL: select * from `chat_messages` where `chat_id` = 1 and (`user_id` = 1 or `user_id` = 2) group by `created_at` order by `id` asc) {"userId":1,"exception":"[object] (Illuminate\\Database\\QueryException(code: 42000): SQLSTATE[42000]: Syntax error or access violation: 1055 Expression #1 of SELECT list is not in GROUP BY clause and contains nonaggregated column 'chat.chat_messages.id' which is not functionally dependent on columns in GROUP BY clause; this is incompatible with sql_mode=only_full_group_by (Connection: mysql, SQL: select * from `chat_messages` where `chat_id` = 1 and (`user_id` = 1 or `user_id` = 2) group by `created_at` order by `id` asc) at /home/aung/Project/Practice/laravel-pusher-chat/vendor/laravel/framework/src/Illuminate/Database/Connection.php:829)
[stacktrace]
#0 /home/aung/Project/Practice/laravel-pusher-chat/vendor/laravel/framework/src/Illuminate/Database/Connection.php(783): Illuminate\\Database\\Connection->runQueryCallback()
#1 /home/aung/Project/Practice/laravel-pusher-chat/vendor/laravel/framework/src/Illuminate/Database/Connection.php(414): Illuminate\\Database\\Connection->run()
#2 /home/aung/Project/Practice/laravel-pusher-chat/vendor/laravel/framework/src/Illuminate/Database/Query/Builder.php(2751): Illuminate\\Database\\Connection->select()
#3 /home/aung/Project/Practice/laravel-pusher-chat/vendor/laravel/framework/src/Illuminate/Database/Query/Builder.php(2740): Illuminate\\Database\\Query\\Builder->runSelect()
#4 /home/aung/Project/Practice/laravel-pusher-chat/vendor/laravel/framework/src/Illuminate/Database/Query/Builder.php(3294): Illuminate\\Database\\Query\\Builder->Illuminate\\Database\\Query\\{closure}()
#5 /home/aung/Project/Practice/laravel-pusher-chat/vendor/laravel/framework/src/Illuminate/Database/Query/Builder.php(2739): Illuminate\\Database\\Query\\Builder->onceWithColumns()
#6 /home/aung/Project/Practice/laravel-pusher-chat/vendor/laravel/framework/src/Illuminate/Database/Eloquent/Builder.php(738): Illuminate\\Database\\Query\\Builder->get()
#7 /home/aung/Project/Practice/laravel-pusher-chat/vendor/laravel/framework/src/Illuminate/Database/Eloquent/Builder.php(722): Illuminate\\Database\\Eloquent\\Builder->getModels()
#8 /home/aung/Project/Practice/laravel-pusher-chat/app/Http/Controllers/ChatMessageController.php(46): Illuminate\\Database\\Eloquent\\Builder->get()
#9 /home/aung/Project/Practice/laravel-pusher-chat/vendor/laravel/framework/src/Illuminate/Routing/Controller.php(54): App\\Http\\Controllers\\ChatMessageController->index()
#10 /home/aung/Project/Practice/laravel-pusher-chat/vendor/laravel/framework/src/Illuminate/Routing/ControllerDispatcher.php(43): Illuminate\\Routing\\Controller->callAction()
#11 /home/aung/Project/Practice/laravel-pusher-chat/vendor/laravel/framework/src/Illuminate/Routing/Route.php(259): Illuminate\\Routing\\ControllerDispatcher->dispatch()
#12 /home/aung/Project/Practice/laravel-pusher-chat/vendor/laravel/framework/src/Illuminate/Routing/Route.php(205): Illuminate\\Routing\\Route->runController()
#13 /home/aung/Project/Practice/laravel-pusher-chat/vendor/laravel/framework/src/Illuminate/Routing/Router.php(806): Illuminate\\Routing\\Route->run()
#14 /home/aung/Project/Practice/laravel-pusher-chat/vendor/laravel/framework/src/Illuminate/Pipeline/Pipeline.php(144): Illuminate\\Routing\\Router->Illuminate\\Routing\\{closure}()
#15 /home/aung/Project/Practice/laravel-pusher-chat/vendor/laravel/framework/src/Illuminate/Routing/Middleware/SubstituteBindings.php(50): Illuminate\\Pipeline\\Pipeline->Illuminate\\Pipeline\\{closure}()
#16 /home/aung/Project/Practice/laravel-pusher-chat/vendor/laravel/framework/src/Illuminate/Pipeline/Pipeline.php(183): Illuminate\\Routing\\Middleware\\SubstituteBindings->handle()
#17 /home/aung/Project/Practice/laravel-pusher-chat/vendor/laravel/framework/src/Illuminate/Routing/Middleware/ThrottleRequests.php(159): Illuminate\\Pipeline\\Pipeline->Illuminate\\Pipeline\\{closure}()
#18 /home/aung/Project/Practice/laravel-pusher-chat/vendor/laravel/framework/src/Illuminate/Routing/Middleware/ThrottleRequests.php(125): Illuminate\\Routing\\Middleware\\ThrottleRequests->handleRequest()
#19 /home/aung/Project/Practice/laravel-pusher-chat/vendor/laravel/framework/src/Illuminate/Routing/Middleware/ThrottleRequests.php(87): Illuminate\\Routing\\Middleware\\ThrottleRequests->handleRequestUsingNamedLimiter()
#20 /home/aung/Project/Practice/laravel-pusher-chat/vendor/laravel/framework/src/Illuminate/Pipeline/Pipeline.php(183): Illuminate\\Routing\\Middleware\\ThrottleRequests->handle()
#21 /home/aung/Project/Practice/laravel-pusher-chat/vendor/laravel/framework/src/Illuminate/Auth/Middleware/Authenticate.php(57): Illuminate\\Pipeline\\Pipeline->Illuminate\\Pipeline\\{closure}()
#22 /home/aung/Project/Practice/laravel-pusher-chat/vendor/laravel/framework/src/Illuminate/Pipeline/Pipeline.php(183): Illuminate\\Auth\\Middleware\\Authenticate->handle()
#23 /home/aung/Project/Practice/laravel-pusher-chat/vendor/laravel/framework/src/Illuminate/Pipeline/Pipeline.php(119): Illuminate\\Pipeline\\Pipeline->Illuminate\\Pipeline\\{closure}()
#24 /home/aung/Project/Practice/laravel-pusher-chat/vendor/laravel/framework/src/Illuminate/Routing/Router.php(805): Illuminate\\Pipeline\\Pipeline->then()
#25 /home/aung/Project/Practice/laravel-pusher-chat/vendor/laravel/framework/src/Illuminate/Routing/Router.php(784): Illuminate\\Routing\\Router->runRouteWithinStack()
#26 /home/aung/Project/Practice/laravel-pusher-chat/vendor/laravel/framework/src/Illuminate/Routing/Router.php(748): Illuminate\\Routing\\Router->runRoute()
#27 /home/aung/Project/Practice/laravel-pusher-chat/vendor/laravel/framework/src/Illuminate/Routing/Router.php(737): Illuminate\\Routing\\Router->dispatchToRoute()
#28 /home/aung/Project/Practice/laravel-pusher-chat/vendor/laravel/framework/src/Illuminate/Foundation/Http/Kernel.php(200): Illuminate\\Routing\\Router->dispatch()
#29 /home/aung/Project/Practice/laravel-pusher-chat/vendor/laravel/framework/src/Illuminate/Pipeline/Pipeline.php(144): Illuminate\\Foundation\\Http\\Kernel->Illuminate\\Foundation\\Http\\{closure}()
#30 /home/aung/Project/Practice/laravel-pusher-chat/vendor/laravel/framework/src/Illuminate/Foundation/Http/Middleware/TransformsRequest.php(21): Illuminate\\Pipeline\\Pipeline->Illuminate\\Pipeline\\{closure}()
#31 /home/aung/Project/Practice/laravel-pusher-chat/vendor/laravel/framework/src/Illuminate/Foundation/Http/Middleware/ConvertEmptyStringsToNull.php(31): Illuminate\\Foundation\\Http\\Middleware\\TransformsRequest->handle()
#32 /home/aung/Project/Practice/laravel-pusher-chat/vendor/laravel/framework/src/Illuminate/Pipeline/Pipeline.php(183): Illuminate\\Foundation\\Http\\Middleware\\ConvertEmptyStringsToNull->handle()
#33 /home/aung/Project/Practice/laravel-pusher-chat/vendor/laravel/framework/src/Illuminate/Foundation/Http/Middleware/TransformsRequest.php(21): Illuminate\\Pipeline\\Pipeline->Illuminate\\Pipeline\\{closure}()
#34 /home/aung/Project/Practice/laravel-pusher-chat/vendor/laravel/framework/src/Illuminate/Foundation/Http/Middleware/TrimStrings.php(40): Illuminate\\Foundation\\Http\\Middleware\\TransformsRequest->handle()
#35 /home/aung/Project/Practice/laravel-pusher-chat/vendor/laravel/framework/src/Illuminate/Pipeline/Pipeline.php(183): Illuminate\\Foundation\\Http\\Middleware\\TrimStrings->handle()
#36 /home/aung/Project/Practice/laravel-pusher-chat/vendor/laravel/framework/src/Illuminate/Foundation/Http/Middleware/ValidatePostSize.php(27): Illuminate\\Pipeline\\Pipeline->Illuminate\\Pipeline\\{closure}()
#37 /home/aung/Project/Practice/laravel-pusher-chat/vendor/laravel/framework/src/Illuminate/Pipeline/Pipeline.php(183): Illuminate\\Foundation\\Http\\Middleware\\ValidatePostSize->handle()
#38 /home/aung/Project/Practice/laravel-pusher-chat/vendor/laravel/framework/src/Illuminate/Foundation/Http/Middleware/PreventRequestsDuringMaintenance.php(99): Illuminate\\Pipeline\\Pipeline->Illuminate\\Pipeline\\{closure}()
#39 /home/aung/Project/Practice/laravel-pusher-chat/vendor/laravel/framework/src/Illuminate/Pipeline/Pipeline.php(183): Illuminate\\Foundation\\Http\\Middleware\\PreventRequestsDuringMaintenance->handle()
#40 /home/aung/Project/Practice/laravel-pusher-chat/vendor/laravel/framework/src/Illuminate/Http/Middleware/HandleCors.php(62): Illuminate\\Pipeline\\Pipeline->Illuminate\\Pipeline\\{closure}()
#41 /home/aung/Project/Practice/laravel-pusher-chat/vendor/laravel/framework/src/Illuminate/Pipeline/Pipeline.php(183): Illuminate\\Http\\Middleware\\HandleCors->handle()
#42 /home/aung/Project/Practice/laravel-pusher-chat/vendor/laravel/framework/src/Illuminate/Http/Middleware/TrustProxies.php(39): Illuminate\\Pipeline\\Pipeline->Illuminate\\Pipeline\\{closure}()
#43 /home/aung/Project/Practice/laravel-pusher-chat/vendor/laravel/framework/src/Illuminate/Pipeline/Pipeline.php(183): Illuminate\\Http\\Middleware\\TrustProxies->handle()
#44 /home/aung/Project/Practice/laravel-pusher-chat/vendor/laravel/framework/src/Illuminate/Pipeline/Pipeline.php(119): Illuminate\\Pipeline\\Pipeline->Illuminate\\Pipeline\\{closure}()
#45 /home/aung/Project/Practice/laravel-pusher-chat/vendor/laravel/framework/src/Illuminate/Foundation/Http/Kernel.php(175): Illuminate\\Pipeline\\Pipeline->then()
#46 /home/aung/Project/Practice/laravel-pusher-chat/vendor/laravel/framework/src/Illuminate/Foundation/Http/Kernel.php(144): Illuminate\\Foundation\\Http\\Kernel->sendRequestThroughRouter()
#47 /home/aung/Project/Practice/laravel-pusher-chat/public/index.php(51): Illuminate\\Foundation\\Http\\Kernel->handle()
#48 /home/aung/Project/Practice/laravel-pusher-chat/vendor/laravel/framework/src/Illuminate/Foundation/resources/server.php(16): require_once('...')
#49 {main}

[previous exception] [object] (PDOException(code: 42000): SQLSTATE[42000]: Syntax error or access violation: 1055 Expression #1 of SELECT list is not in GROUP BY clause and contains nonaggregated column 'chat.chat_messages.id' which is not functionally dependent on columns in GROUP BY clause; this is incompatible with sql_mode=only_full_group_by at /home/aung/Project/Practice/laravel-pusher-chat/vendor/laravel/framework/src/Illuminate/Database/Connection.php:423)
[stacktrace]
#0 /home/aung/Project/Practice/laravel-pusher-chat/vendor/laravel/framework/src/Illuminate/Database/Connection.php(423): PDO->prepare()
#1 /home/aung/Project/Practice/laravel-pusher-chat/vendor/laravel/framework/src/Illuminate/Database/Connection.php(816): Illuminate\\Database\\Connection->Illuminate\\Database\\{closure}()
#2 /home/aung/Project/Practice/laravel-pusher-chat/vendor/laravel/framework/src/Illuminate/Database/Connection.php(783): Illuminate\\Database\\Connection->runQueryCallback()
#3 /home/aung/Project/Practice/laravel-pusher-chat/vendor/laravel/framework/src/Illuminate/Database/Connection.php(414): Illuminate\\Database\\Connection->run()
#4 /home/aung/Project/Practice/laravel-pusher-chat/vendor/laravel/framework/src/Illuminate/Database/Query/Builder.php(2751): Illuminate\\Database\\Connection->select()
#5 /home/aung/Project/Practice/laravel-pusher-chat/vendor/laravel/framework/src/Illuminate/Database/Query/Builder.php(2740): Illuminate\\Database\\Query\\Builder->runSelect()
#6 /home/aung/Project/Practice/laravel-pusher-chat/vendor/laravel/framework/src/Illuminate/Database/Query/Builder.php(3294): Illuminate\\Database\\Query\\Builder->Illuminate\\Database\\Query\\{closure}()
#7 /home/aung/Project/Practice/laravel-pusher-chat/vendor/laravel/framework/src/Illuminate/Database/Query/Builder.php(2739): Illuminate\\Database\\Query\\Builder->onceWithColumns()
#8 /home/aung/Project/Practice/laravel-pusher-chat/vendor/laravel/framework/src/Illuminate/Database/Eloquent/Builder.php(738): Illuminate\\Database\\Query\\Builder->get()
#9 /home/aung/Project/Practice/laravel-pusher-chat/vendor/laravel/framework/src/Illuminate/Database/Eloquent/Builder.php(722): Illuminate\\Database\\Eloquent\\Builder->getModels()
#10 /home/aung/Project/Practice/laravel-pusher-chat/app/Http/Controllers/ChatMessageController.php(46): Illuminate\\Database\\Eloquent\\Builder->get()
#11 /home/aung/Project/Practice/laravel-pusher-chat/vendor/laravel/framework/src/Illuminate/Routing/Controller.php(54): App\\Http\\Controllers\\ChatMessageController->index()
#12 /home/aung/Project/Practice/laravel-pusher-chat/vendor/laravel/framework/src/Illuminate/Routing/ControllerDispatcher.php(43): Illuminate\\Routing\\Controller->callAction()
#13 /home/aung/Project/Practice/laravel-pusher-chat/vendor/laravel/framework/src/Illuminate/Routing/Route.php(259): Illuminate\\Routing\\ControllerDispatcher->dispatch()
#14 /home/aung/Project/Practice/laravel-pusher-chat/vendor/laravel/framework/src/Illuminate/Routing/Route.php(205): Illuminate\\Routing\\Route->runController()
#15 /home/aung/Project/Practice/laravel-pusher-chat/vendor/laravel/framework/src/Illuminate/Routing/Router.php(806): Illuminate\\Routing\\Route->run()
#16 /home/aung/Project/Practice/laravel-pusher-chat/vendor/laravel/framework/src/Illuminate/Pipeline/Pipeline.php(144): Illuminate\\Routing\\Router->Illuminate\\Routing\\{closure}()
#17 /home/aung/Project/Practice/laravel-pusher-chat/vendor/laravel/framework/src/Illuminate/Routing/Middleware/SubstituteBindings.php(50): Illuminate\\Pipeline\\Pipeline->Illuminate\\Pipeline\\{closure}()
#18 /home/aung/Project/Practice/laravel-pusher-chat/vendor/laravel/framework/src/Illuminate/Pipeline/Pipeline.php(183): Illuminate\\Routing\\Middleware\\SubstituteBindings->handle()
#19 /home/aung/Project/Practice/laravel-pusher-chat/vendor/laravel/framework/src/Illuminate/Routing/Middleware/ThrottleRequests.php(159): Illuminate\\Pipeline\\Pipeline->Illuminate\\Pipeline\\{closure}()
#20 /home/aung/Project/Practice/laravel-pusher-chat/vendor/laravel/framework/src/Illuminate/Routing/Middleware/ThrottleRequests.php(125): Illuminate\\Routing\\Middleware\\ThrottleRequests->handleRequest()
#21 /home/aung/Project/Practice/laravel-pusher-chat/vendor/laravel/framework/src/Illuminate/Routing/Middleware/ThrottleRequests.php(87): Illuminate\\Routing\\Middleware\\ThrottleRequests->handleRequestUsingNamedLimiter()
#22 /home/aung/Project/Practice/laravel-pusher-chat/vendor/laravel/framework/src/Illuminate/Pipeline/Pipeline.php(183): Illuminate\\Routing\\Middleware\\ThrottleRequests->handle()
#23 /home/aung/Project/Practice/laravel-pusher-chat/vendor/laravel/framework/src/Illuminate/Auth/Middleware/Authenticate.php(57): Illuminate\\Pipeline\\Pipeline->Illuminate\\Pipeline\\{closure}()
#24 /home/aung/Project/Practice/laravel-pusher-chat/vendor/laravel/framework/src/Illuminate/Pipeline/Pipeline.php(183): Illuminate\\Auth\\Middleware\\Authenticate->handle()
#25 /home/aung/Project/Practice/laravel-pusher-chat/vendor/laravel/framework/src/Illuminate/Pipeline/Pipeline.php(119): Illuminate\\Pipeline\\Pipeline->Illuminate\\Pipeline\\{closure}()
#26 /home/aung/Project/Practice/laravel-pusher-chat/vendor/laravel/framework/src/Illuminate/Routing/Router.php(805): Illuminate\\Pipeline\\Pipeline->then()
#27 /home/aung/Project/Practice/laravel-pusher-chat/vendor/laravel/framework/src/Illuminate/Routing/Router.php(784): Illuminate\\Routing\\Router->runRouteWithinStack()
#28 /home/aung/Project/Practice/laravel-pusher-chat/vendor/laravel/framework/src/Illuminate/Routing/Router.php(748): Illuminate\\Routing\\Router->runRoute()
#29 /home/aung/Project/Practice/laravel-pusher-chat/vendor/laravel/framework/src/Illuminate/Routing/Router.php(737): Illuminate\\Routing\\Router->dispatchToRoute()
#30 /home/aung/Project/Practice/laravel-pusher-chat/vendor/laravel/framework/src/Illuminate/Foundation/Http/Kernel.php(200): Illuminate\\Routing\\Router->dispatch()
#31 /home/aung/Project/Practice/laravel-pusher-chat/vendor/laravel/framework/src/Illuminate/Pipeline/Pipeline.php(144): Illuminate\\Foundation\\Http\\Kernel->Illuminate\\Foundation\\Http\\{closure}()
#32 /home/aung/Project/Practice/laravel-pusher-chat/vendor/laravel/framework/src/Illuminate/Foundation/Http/Middleware/TransformsRequest.php(21): Illuminate\\Pipeline\\Pipeline->Illuminate\\Pipeline\\{closure}()
#33 /home/aung/Project/Practice/laravel-pusher-chat/vendor/laravel/framework/src/Illuminate/Foundation/Http/Middleware/ConvertEmptyStringsToNull.php(31): Illuminate\\Foundation\\Http\\Middleware\\TransformsRequest->handle()
#34 /home/aung/Project/Practice/laravel-pusher-chat/vendor/laravel/framework/src/Illuminate/Pipeline/Pipeline.php(183): Illuminate\\Foundation\\Http\\Middleware\\ConvertEmptyStringsToNull->handle()
#35 /home/aung/Project/Practice/laravel-pusher-chat/vendor/laravel/framework/src/Illuminate/Foundation/Http/Middleware/TransformsRequest.php(21): Illuminate\\Pipeline\\Pipeline->Illuminate\\Pipeline\\{closure}()
#36 /home/aung/Project/Practice/laravel-pusher-chat/vendor/laravel/framework/src/Illuminate/Foundation/Http/Middleware/TrimStrings.php(40): Illuminate\\Foundation\\Http\\Middleware\\TransformsRequest->handle()
#37 /home/aung/Project/Practice/laravel-pusher-chat/vendor/laravel/framework/src/Illuminate/Pipeline/Pipeline.php(183): Illuminate\\Foundation\\Http\\Middleware\\TrimStrings->handle()
#38 /home/aung/Project/Practice/laravel-pusher-chat/vendor/laravel/framework/src/Illuminate/Foundation/Http/Middleware/ValidatePostSize.php(27): Illuminate\\Pipeline\\Pipeline->Illuminate\\Pipeline\\{closure}()
#39 /home/aung/Project/Practice/laravel-pusher-chat/vendor/laravel/framework/src/Illuminate/Pipeline/Pipeline.php(183): Illuminate\\Foundation\\Http\\Middleware\\ValidatePostSize->handle()
#40 /home/aung/Project/Practice/laravel-pusher-chat/vendor/laravel/framework/src/Illuminate/Foundation/Http/Middleware/PreventRequestsDuringMaintenance.php(99): Illuminate\\Pipeline\\Pipeline->Illuminate\\Pipeline\\{closure}()
#41 /home/aung/Project/Practice/laravel-pusher-chat/vendor/laravel/framework/src/Illuminate/Pipeline/Pipeline.php(183): Illuminate\\Foundation\\Http\\Middleware\\PreventRequestsDuringMaintenance->handle()
#42 /home/aung/Project/Practice/laravel-pusher-chat/vendor/laravel/framework/src/Illuminate/Http/Middleware/HandleCors.php(62): Illuminate\\Pipeline\\Pipeline->Illuminate\\Pipeline\\{closure}()
#43 /home/aung/Project/Practice/laravel-pusher-chat/vendor/laravel/framework/src/Illuminate/Pipeline/Pipeline.php(183): Illuminate\\Http\\Middleware\\HandleCors->handle()
#44 /home/aung/Project/Practice/laravel-pusher-chat/vendor/laravel/framework/src/Illuminate/Http/Middleware/TrustProxies.php(39): Illuminate\\Pipeline\\Pipeline->Illuminate\\Pipeline\\{closure}()
#45 /home/aung/Project/Practice/laravel-pusher-chat/vendor/laravel/framework/src/Illuminate/Pipeline/Pipeline.php(183): Illuminate\\Http\\Middleware\\TrustProxies->handle()
#46 /home/aung/Project/Practice/laravel-pusher-chat/vendor/laravel/framework/src/Illuminate/Pipeline/Pipeline.php(119): Illuminate\\Pipeline\\Pipeline->Illuminate\\Pipeline\\{closure}()
#47 /home/aung/Project/Practice/laravel-pusher-chat/vendor/laravel/framework/src/Illuminate/Foundation/Http/Kernel.php(175): Illuminate\\Pipeline\\Pipeline->then()
#48 /home/aung/Project/Practice/laravel-pusher-chat/vendor/laravel/framework/src/Illuminate/Foundation/Http/Kernel.php(144): Illuminate\\Foundation\\Http\\Kernel->sendRequestThroughRouter()
#49 /home/aung/Project/Practice/laravel-pusher-chat/public/index.php(51): Illuminate\\Foundation\\Http\\Kernel->handle()
#50 /home/aung/Project/Practice/laravel-pusher-chat/vendor/laravel/framework/src/Illuminate/Foundation/resources/server.php(16): require_once('...')
#51 {main}
"} 
[2024-02-29 03:25:26] local.ERROR: SQLSTATE[42000]: Syntax error or access violation: 1055 Expression #1 of SELECT list is not in GROUP BY clause and contains nonaggregated column 'chat.chat_messages.id' which is not functionally dependent on columns in GROUP BY clause; this is incompatible with sql_mode=only_full_group_by (Connection: mysql, SQL: select * from `chat_messages` where `chat_id` = 4 and (`user_id` = 1 or `user_id` = 4) group by `created_at` order by `id` asc) {"userId":1,"exception":"[object] (Illuminate\\Database\\QueryException(code: 42000): SQLSTATE[42000]: Syntax error or access violation: 1055 Expression #1 of SELECT list is not in GROUP BY clause and contains nonaggregated column 'chat.chat_messages.id' which is not functionally dependent on columns in GROUP BY clause; this is incompatible with sql_mode=only_full_group_by (Connection: mysql, SQL: select * from `chat_messages` where `chat_id` = 4 and (`user_id` = 1 or `user_id` = 4) group by `created_at` order by `id` asc) at /home/aung/Project/Practice/laravel-pusher-chat/vendor/laravel/framework/src/Illuminate/Database/Connection.php:829)
[stacktrace]
#0 /home/aung/Project/Practice/laravel-pusher-chat/vendor/laravel/framework/src/Illuminate/Database/Connection.php(783): Illuminate\\Database\\Connection->runQueryCallback()
#1 /home/aung/Project/Practice/laravel-pusher-chat/vendor/laravel/framework/src/Illuminate/Database/Connection.php(414): Illuminate\\Database\\Connection->run()
#2 /home/aung/Project/Practice/laravel-pusher-chat/vendor/laravel/framework/src/Illuminate/Database/Query/Builder.php(2751): Illuminate\\Database\\Connection->select()
#3 /home/aung/Project/Practice/laravel-pusher-chat/vendor/laravel/framework/src/Illuminate/Database/Query/Builder.php(2740): Illuminate\\Database\\Query\\Builder->runSelect()
#4 /home/aung/Project/Practice/laravel-pusher-chat/vendor/laravel/framework/src/Illuminate/Database/Query/Builder.php(3294): Illuminate\\Database\\Query\\Builder->Illuminate\\Database\\Query\\{closure}()
#5 /home/aung/Project/Practice/laravel-pusher-chat/vendor/laravel/framework/src/Illuminate/Database/Query/Builder.php(2739): Illuminate\\Database\\Query\\Builder->onceWithColumns()
#6 /home/aung/Project/Practice/laravel-pusher-chat/vendor/laravel/framework/src/Illuminate/Database/Eloquent/Builder.php(738): Illuminate\\Database\\Query\\Builder->get()
#7 /home/aung/Project/Practice/laravel-pusher-chat/vendor/laravel/framework/src/Illuminate/Database/Eloquent/Builder.php(722): Illuminate\\Database\\Eloquent\\Builder->getModels()
#8 /home/aung/Project/Practice/laravel-pusher-chat/app/Http/Controllers/ChatMessageController.php(46): Illuminate\\Database\\Eloquent\\Builder->get()
#9 /home/aung/Project/Practice/laravel-pusher-chat/vendor/laravel/framework/src/Illuminate/Routing/Controller.php(54): App\\Http\\Controllers\\ChatMessageController->index()
#10 /home/aung/Project/Practice/laravel-pusher-chat/vendor/laravel/framework/src/Illuminate/Routing/ControllerDispatcher.php(43): Illuminate\\Routing\\Controller->callAction()
#11 /home/aung/Project/Practice/laravel-pusher-chat/vendor/laravel/framework/src/Illuminate/Routing/Route.php(259): Illuminate\\Routing\\ControllerDispatcher->dispatch()
#12 /home/aung/Project/Practice/laravel-pusher-chat/vendor/laravel/framework/src/Illuminate/Routing/Route.php(205): Illuminate\\Routing\\Route->runController()
#13 /home/aung/Project/Practice/laravel-pusher-chat/vendor/laravel/framework/src/Illuminate/Routing/Router.php(806): Illuminate\\Routing\\Route->run()
#14 /home/aung/Project/Practice/laravel-pusher-chat/vendor/laravel/framework/src/Illuminate/Pipeline/Pipeline.php(144): Illuminate\\Routing\\Router->Illuminate\\Routing\\{closure}()
#15 /home/aung/Project/Practice/laravel-pusher-chat/vendor/laravel/framework/src/Illuminate/Routing/Middleware/SubstituteBindings.php(50): Illuminate\\Pipeline\\Pipeline->Illuminate\\Pipeline\\{closure}()
#16 /home/aung/Project/Practice/laravel-pusher-chat/vendor/laravel/framework/src/Illuminate/Pipeline/Pipeline.php(183): Illuminate\\Routing\\Middleware\\SubstituteBindings->handle()
#17 /home/aung/Project/Practice/laravel-pusher-chat/vendor/laravel/framework/src/Illuminate/Routing/Middleware/ThrottleRequests.php(159): Illuminate\\Pipeline\\Pipeline->Illuminate\\Pipeline\\{closure}()
#18 /home/aung/Project/Practice/laravel-pusher-chat/vendor/laravel/framework/src/Illuminate/Routing/Middleware/ThrottleRequests.php(125): Illuminate\\Routing\\Middleware\\ThrottleRequests->handleRequest()
#19 /home/aung/Project/Practice/laravel-pusher-chat/vendor/laravel/framework/src/Illuminate/Routing/Middleware/ThrottleRequests.php(87): Illuminate\\Routing\\Middleware\\ThrottleRequests->handleRequestUsingNamedLimiter()
#20 /home/aung/Project/Practice/laravel-pusher-chat/vendor/laravel/framework/src/Illuminate/Pipeline/Pipeline.php(183): Illuminate\\Routing\\Middleware\\ThrottleRequests->handle()
#21 /home/aung/Project/Practice/laravel-pusher-chat/vendor/laravel/framework/src/Illuminate/Auth/Middleware/Authenticate.php(57): Illuminate\\Pipeline\\Pipeline->Illuminate\\Pipeline\\{closure}()
#22 /home/aung/Project/Practice/laravel-pusher-chat/vendor/laravel/framework/src/Illuminate/Pipeline/Pipeline.php(183): Illuminate\\Auth\\Middleware\\Authenticate->handle()
#23 /home/aung/Project/Practice/laravel-pusher-chat/vendor/laravel/framework/src/Illuminate/Pipeline/Pipeline.php(119): Illuminate\\Pipeline\\Pipeline->Illuminate\\Pipeline\\{closure}()
#24 /home/aung/Project/Practice/laravel-pusher-chat/vendor/laravel/framework/src/Illuminate/Routing/Router.php(805): Illuminate\\Pipeline\\Pipeline->then()
#25 /home/aung/Project/Practice/laravel-pusher-chat/vendor/laravel/framework/src/Illuminate/Routing/Router.php(784): Illuminate\\Routing\\Router->runRouteWithinStack()
#26 /home/aung/Project/Practice/laravel-pusher-chat/vendor/laravel/framework/src/Illuminate/Routing/Router.php(748): Illuminate\\Routing\\Router->runRoute()
#27 /home/aung/Project/Practice/laravel-pusher-chat/vendor/laravel/framework/src/Illuminate/Routing/Router.php(737): Illuminate\\Routing\\Router->dispatchToRoute()
#28 /home/aung/Project/Practice/laravel-pusher-chat/vendor/laravel/framework/src/Illuminate/Foundation/Http/Kernel.php(200): Illuminate\\Routing\\Router->dispatch()
#29 /home/aung/Project/Practice/laravel-pusher-chat/vendor/laravel/framework/src/Illuminate/Pipeline/Pipeline.php(144): Illuminate\\Foundation\\Http\\Kernel->Illuminate\\Foundation\\Http\\{closure}()
#30 /home/aung/Project/Practice/laravel-pusher-chat/vendor/laravel/framework/src/Illuminate/Foundation/Http/Middleware/TransformsRequest.php(21): Illuminate\\Pipeline\\Pipeline->Illuminate\\Pipeline\\{closure}()
#31 /home/aung/Project/Practice/laravel-pusher-chat/vendor/laravel/framework/src/Illuminate/Foundation/Http/Middleware/ConvertEmptyStringsToNull.php(31): Illuminate\\Foundation\\Http\\Middleware\\TransformsRequest->handle()
#32 /home/aung/Project/Practice/laravel-pusher-chat/vendor/laravel/framework/src/Illuminate/Pipeline/Pipeline.php(183): Illuminate\\Foundation\\Http\\Middleware\\ConvertEmptyStringsToNull->handle()
#33 /home/aung/Project/Practice/laravel-pusher-chat/vendor/laravel/framework/src/Illuminate/Foundation/Http/Middleware/TransformsRequest.php(21): Illuminate\\Pipeline\\Pipeline->Illuminate\\Pipeline\\{closure}()
#34 /home/aung/Project/Practice/laravel-pusher-chat/vendor/laravel/framework/src/Illuminate/Foundation/Http/Middleware/TrimStrings.php(40): Illuminate\\Foundation\\Http\\Middleware\\TransformsRequest->handle()
#35 /home/aung/Project/Practice/laravel-pusher-chat/vendor/laravel/framework/src/Illuminate/Pipeline/Pipeline.php(183): Illuminate\\Foundation\\Http\\Middleware\\TrimStrings->handle()
#36 /home/aung/Project/Practice/laravel-pusher-chat/vendor/laravel/framework/src/Illuminate/Foundation/Http/Middleware/ValidatePostSize.php(27): Illuminate\\Pipeline\\Pipeline->Illuminate\\Pipeline\\{closure}()
#37 /home/aung/Project/Practice/laravel-pusher-chat/vendor/laravel/framework/src/Illuminate/Pipeline/Pipeline.php(183): Illuminate\\Foundation\\Http\\Middleware\\ValidatePostSize->handle()
#38 /home/aung/Project/Practice/laravel-pusher-chat/vendor/laravel/framework/src/Illuminate/Foundation/Http/Middleware/PreventRequestsDuringMaintenance.php(99): Illuminate\\Pipeline\\Pipeline->Illuminate\\Pipeline\\{closure}()
#39 /home/aung/Project/Practice/laravel-pusher-chat/vendor/laravel/framework/src/Illuminate/Pipeline/Pipeline.php(183): Illuminate\\Foundation\\Http\\Middleware\\PreventRequestsDuringMaintenance->handle()
#40 /home/aung/Project/Practice/laravel-pusher-chat/vendor/laravel/framework/src/Illuminate/Http/Middleware/HandleCors.php(62): Illuminate\\Pipeline\\Pipeline->Illuminate\\Pipeline\\{closure}()
#41 /home/aung/Project/Practice/laravel-pusher-chat/vendor/laravel/framework/src/Illuminate/Pipeline/Pipeline.php(183): Illuminate\\Http\\Middleware\\HandleCors->handle()
#42 /home/aung/Project/Practice/laravel-pusher-chat/vendor/laravel/framework/src/Illuminate/Http/Middleware/TrustProxies.php(39): Illuminate\\Pipeline\\Pipeline->Illuminate\\Pipeline\\{closure}()
#43 /home/aung/Project/Practice/laravel-pusher-chat/vendor/laravel/framework/src/Illuminate/Pipeline/Pipeline.php(183): Illuminate\\Http\\Middleware\\TrustProxies->handle()
#44 /home/aung/Project/Practice/laravel-pusher-chat/vendor/laravel/framework/src/Illuminate/Pipeline/Pipeline.php(119): Illuminate\\Pipeline\\Pipeline->Illuminate\\Pipeline\\{closure}()
#45 /home/aung/Project/Practice/laravel-pusher-chat/vendor/laravel/framework/src/Illuminate/Foundation/Http/Kernel.php(175): Illuminate\\Pipeline\\Pipeline->then()
#46 /home/aung/Project/Practice/laravel-pusher-chat/vendor/laravel/framework/src/Illuminate/Foundation/Http/Kernel.php(144): Illuminate\\Foundation\\Http\\Kernel->sendRequestThroughRouter()
#47 /home/aung/Project/Practice/laravel-pusher-chat/public/index.php(51): Illuminate\\Foundation\\Http\\Kernel->handle()
#48 /home/aung/Project/Practice/laravel-pusher-chat/vendor/laravel/framework/src/Illuminate/Foundation/resources/server.php(16): require_once('...')
#49 {main}

[previous exception] [object] (PDOException(code: 42000): SQLSTATE[42000]: Syntax error or access violation: 1055 Expression #1 of SELECT list is not in GROUP BY clause and contains nonaggregated column 'chat.chat_messages.id' which is not functionally dependent on columns in GROUP BY clause; this is incompatible with sql_mode=only_full_group_by at /home/aung/Project/Practice/laravel-pusher-chat/vendor/laravel/framework/src/Illuminate/Database/Connection.php:423)
[stacktrace]
#0 /home/aung/Project/Practice/laravel-pusher-chat/vendor/laravel/framework/src/Illuminate/Database/Connection.php(423): PDO->prepare()
#1 /home/aung/Project/Practice/laravel-pusher-chat/vendor/laravel/framework/src/Illuminate/Database/Connection.php(816): Illuminate\\Database\\Connection->Illuminate\\Database\\{closure}()
#2 /home/aung/Project/Practice/laravel-pusher-chat/vendor/laravel/framework/src/Illuminate/Database/Connection.php(783): Illuminate\\Database\\Connection->runQueryCallback()
#3 /home/aung/Project/Practice/laravel-pusher-chat/vendor/laravel/framework/src/Illuminate/Database/Connection.php(414): Illuminate\\Database\\Connection->run()
#4 /home/aung/Project/Practice/laravel-pusher-chat/vendor/laravel/framework/src/Illuminate/Database/Query/Builder.php(2751): Illuminate\\Database\\Connection->select()
#5 /home/aung/Project/Practice/laravel-pusher-chat/vendor/laravel/framework/src/Illuminate/Database/Query/Builder.php(2740): Illuminate\\Database\\Query\\Builder->runSelect()
#6 /home/aung/Project/Practice/laravel-pusher-chat/vendor/laravel/framework/src/Illuminate/Database/Query/Builder.php(3294): Illuminate\\Database\\Query\\Builder->Illuminate\\Database\\Query\\{closure}()
#7 /home/aung/Project/Practice/laravel-pusher-chat/vendor/laravel/framework/src/Illuminate/Database/Query/Builder.php(2739): Illuminate\\Database\\Query\\Builder->onceWithColumns()
#8 /home/aung/Project/Practice/laravel-pusher-chat/vendor/laravel/framework/src/Illuminate/Database/Eloquent/Builder.php(738): Illuminate\\Database\\Query\\Builder->get()
#9 /home/aung/Project/Practice/laravel-pusher-chat/vendor/laravel/framework/src/Illuminate/Database/Eloquent/Builder.php(722): Illuminate\\Database\\Eloquent\\Builder->getModels()
#10 /home/aung/Project/Practice/laravel-pusher-chat/app/Http/Controllers/ChatMessageController.php(46): Illuminate\\Database\\Eloquent\\Builder->get()
#11 /home/aung/Project/Practice/laravel-pusher-chat/vendor/laravel/framework/src/Illuminate/Routing/Controller.php(54): App\\Http\\Controllers\\ChatMessageController->index()
#12 /home/aung/Project/Practice/laravel-pusher-chat/vendor/laravel/framework/src/Illuminate/Routing/ControllerDispatcher.php(43): Illuminate\\Routing\\Controller->callAction()
#13 /home/aung/Project/Practice/laravel-pusher-chat/vendor/laravel/framework/src/Illuminate/Routing/Route.php(259): Illuminate\\Routing\\ControllerDispatcher->dispatch()
#14 /home/aung/Project/Practice/laravel-pusher-chat/vendor/laravel/framework/src/Illuminate/Routing/Route.php(205): Illuminate\\Routing\\Route->runController()
#15 /home/aung/Project/Practice/laravel-pusher-chat/vendor/laravel/framework/src/Illuminate/Routing/Router.php(806): Illuminate\\Routing\\Route->run()
#16 /home/aung/Project/Practice/laravel-pusher-chat/vendor/laravel/framework/src/Illuminate/Pipeline/Pipeline.php(144): Illuminate\\Routing\\Router->Illuminate\\Routing\\{closure}()
#17 /home/aung/Project/Practice/laravel-pusher-chat/vendor/laravel/framework/src/Illuminate/Routing/Middleware/SubstituteBindings.php(50): Illuminate\\Pipeline\\Pipeline->Illuminate\\Pipeline\\{closure}()
#18 /home/aung/Project/Practice/laravel-pusher-chat/vendor/laravel/framework/src/Illuminate/Pipeline/Pipeline.php(183): Illuminate\\Routing\\Middleware\\SubstituteBindings->handle()
#19 /home/aung/Project/Practice/laravel-pusher-chat/vendor/laravel/framework/src/Illuminate/Routing/Middleware/ThrottleRequests.php(159): Illuminate\\Pipeline\\Pipeline->Illuminate\\Pipeline\\{closure}()
#20 /home/aung/Project/Practice/laravel-pusher-chat/vendor/laravel/framework/src/Illuminate/Routing/Middleware/ThrottleRequests.php(125): Illuminate\\Routing\\Middleware\\ThrottleRequests->handleRequest()
#21 /home/aung/Project/Practice/laravel-pusher-chat/vendor/laravel/framework/src/Illuminate/Routing/Middleware/ThrottleRequests.php(87): Illuminate\\Routing\\Middleware\\ThrottleRequests->handleRequestUsingNamedLimiter()
#22 /home/aung/Project/Practice/laravel-pusher-chat/vendor/laravel/framework/src/Illuminate/Pipeline/Pipeline.php(183): Illuminate\\Routing\\Middleware\\ThrottleRequests->handle()
#23 /home/aung/Project/Practice/laravel-pusher-chat/vendor/laravel/framework/src/Illuminate/Auth/Middleware/Authenticate.php(57): Illuminate\\Pipeline\\Pipeline->Illuminate\\Pipeline\\{closure}()
#24 /home/aung/Project/Practice/laravel-pusher-chat/vendor/laravel/framework/src/Illuminate/Pipeline/Pipeline.php(183): Illuminate\\Auth\\Middleware\\Authenticate->handle()
#25 /home/aung/Project/Practice/laravel-pusher-chat/vendor/laravel/framework/src/Illuminate/Pipeline/Pipeline.php(119): Illuminate\\Pipeline\\Pipeline->Illuminate\\Pipeline\\{closure}()
#26 /home/aung/Project/Practice/laravel-pusher-chat/vendor/laravel/framework/src/Illuminate/Routing/Router.php(805): Illuminate\\Pipeline\\Pipeline->then()
#27 /home/aung/Project/Practice/laravel-pusher-chat/vendor/laravel/framework/src/Illuminate/Routing/Router.php(784): Illuminate\\Routing\\Router->runRouteWithinStack()
#28 /home/aung/Project/Practice/laravel-pusher-chat/vendor/laravel/framework/src/Illuminate/Routing/Router.php(748): Illuminate\\Routing\\Router->runRoute()
#29 /home/aung/Project/Practice/laravel-pusher-chat/vendor/laravel/framework/src/Illuminate/Routing/Router.php(737): Illuminate\\Routing\\Router->dispatchToRoute()
#30 /home/aung/Project/Practice/laravel-pusher-chat/vendor/laravel/framework/src/Illuminate/Foundation/Http/Kernel.php(200): Illuminate\\Routing\\Router->dispatch()
#31 /home/aung/Project/Practice/laravel-pusher-chat/vendor/laravel/framework/src/Illuminate/Pipeline/Pipeline.php(144): Illuminate\\Foundation\\Http\\Kernel->Illuminate\\Foundation\\Http\\{closure}()
#32 /home/aung/Project/Practice/laravel-pusher-chat/vendor/laravel/framework/src/Illuminate/Foundation/Http/Middleware/TransformsRequest.php(21): Illuminate\\Pipeline\\Pipeline->Illuminate\\Pipeline\\{closure}()
#33 /home/aung/Project/Practice/laravel-pusher-chat/vendor/laravel/framework/src/Illuminate/Foundation/Http/Middleware/ConvertEmptyStringsToNull.php(31): Illuminate\\Foundation\\Http\\Middleware\\TransformsRequest->handle()
#34 /home/aung/Project/Practice/laravel-pusher-chat/vendor/laravel/framework/src/Illuminate/Pipeline/Pipeline.php(183): Illuminate\\Foundation\\Http\\Middleware\\ConvertEmptyStringsToNull->handle()
#35 /home/aung/Project/Practice/laravel-pusher-chat/vendor/laravel/framework/src/Illuminate/Foundation/Http/Middleware/TransformsRequest.php(21): Illuminate\\Pipeline\\Pipeline->Illuminate\\Pipeline\\{closure}()
#36 /home/aung/Project/Practice/laravel-pusher-chat/vendor/laravel/framework/src/Illuminate/Foundation/Http/Middleware/TrimStrings.php(40): Illuminate\\Foundation\\Http\\Middleware\\TransformsRequest->handle()
#37 /home/aung/Project/Practice/laravel-pusher-chat/vendor/laravel/framework/src/Illuminate/Pipeline/Pipeline.php(183): Illuminate\\Foundation\\Http\\Middleware\\TrimStrings->handle()
#38 /home/aung/Project/Practice/laravel-pusher-chat/vendor/laravel/framework/src/Illuminate/Foundation/Http/Middleware/ValidatePostSize.php(27): Illuminate\\Pipeline\\Pipeline->Illuminate\\Pipeline\\{closure}()
#39 /home/aung/Project/Practice/laravel-pusher-chat/vendor/laravel/framework/src/Illuminate/Pipeline/Pipeline.php(183): Illuminate\\Foundation\\Http\\Middleware\\ValidatePostSize->handle()
#40 /home/aung/Project/Practice/laravel-pusher-chat/vendor/laravel/framework/src/Illuminate/Foundation/Http/Middleware/PreventRequestsDuringMaintenance.php(99): Illuminate\\Pipeline\\Pipeline->Illuminate\\Pipeline\\{closure}()
#41 /home/aung/Project/Practice/laravel-pusher-chat/vendor/laravel/framework/src/Illuminate/Pipeline/Pipeline.php(183): Illuminate\\Foundation\\Http\\Middleware\\PreventRequestsDuringMaintenance->handle()
#42 /home/aung/Project/Practice/laravel-pusher-chat/vendor/laravel/framework/src/Illuminate/Http/Middleware/HandleCors.php(62): Illuminate\\Pipeline\\Pipeline->Illuminate\\Pipeline\\{closure}()
#43 /home/aung/Project/Practice/laravel-pusher-chat/vendor/laravel/framework/src/Illuminate/Pipeline/Pipeline.php(183): Illuminate\\Http\\Middleware\\HandleCors->handle()
#44 /home/aung/Project/Practice/laravel-pusher-chat/vendor/laravel/framework/src/Illuminate/Http/Middleware/TrustProxies.php(39): Illuminate\\Pipeline\\Pipeline->Illuminate\\Pipeline\\{closure}()
#45 /home/aung/Project/Practice/laravel-pusher-chat/vendor/laravel/framework/src/Illuminate/Pipeline/Pipeline.php(183): Illuminate\\Http\\Middleware\\TrustProxies->handle()
#46 /home/aung/Project/Practice/laravel-pusher-chat/vendor/laravel/framework/src/Illuminate/Pipeline/Pipeline.php(119): Illuminate\\Pipeline\\Pipeline->Illuminate\\Pipeline\\{closure}()
#47 /home/aung/Project/Practice/laravel-pusher-chat/vendor/laravel/framework/src/Illuminate/Foundation/Http/Kernel.php(175): Illuminate\\Pipeline\\Pipeline->then()
#48 /home/aung/Project/Practice/laravel-pusher-chat/vendor/laravel/framework/src/Illuminate/Foundation/Http/Kernel.php(144): Illuminate\\Foundation\\Http\\Kernel->sendRequestThroughRouter()
#49 /home/aung/Project/Practice/laravel-pusher-chat/public/index.php(51): Illuminate\\Foundation\\Http\\Kernel->handle()
#50 /home/aung/Project/Practice/laravel-pusher-chat/vendor/laravel/framework/src/Illuminate/Foundation/resources/server.php(16): require_once('...')
#51 {main}
"} 
[2024-02-29 03:30:32] local.ERROR: SQLSTATE[42000]: Syntax error or access violation: 1055 Expression #1 of SELECT list is not in GROUP BY clause and contains nonaggregated column 'chat.chat_messages.id' which is not functionally dependent on columns in GROUP BY clause; this is incompatible with sql_mode=only_full_group_by (Connection: mysql, SQL: select * from `chat_messages` where `chat_id` = 1 and (`user_id` = 1 or `user_id` = 2) group by `created_at` order by `id` asc) {"userId":1,"exception":"[object] (Illuminate\\Database\\QueryException(code: 42000): SQLSTATE[42000]: Syntax error or access violation: 1055 Expression #1 of SELECT list is not in GROUP BY clause and contains nonaggregated column 'chat.chat_messages.id' which is not functionally dependent on columns in GROUP BY clause; this is incompatible with sql_mode=only_full_group_by (Connection: mysql, SQL: select * from `chat_messages` where `chat_id` = 1 and (`user_id` = 1 or `user_id` = 2) group by `created_at` order by `id` asc) at /home/aung/Project/Practice/laravel-pusher-chat/vendor/laravel/framework/src/Illuminate/Database/Connection.php:829)
[stacktrace]
#0 /home/aung/Project/Practice/laravel-pusher-chat/vendor/laravel/framework/src/Illuminate/Database/Connection.php(783): Illuminate\\Database\\Connection->runQueryCallback()
#1 /home/aung/Project/Practice/laravel-pusher-chat/vendor/laravel/framework/src/Illuminate/Database/Connection.php(414): Illuminate\\Database\\Connection->run()
#2 /home/aung/Project/Practice/laravel-pusher-chat/vendor/laravel/framework/src/Illuminate/Database/Query/Builder.php(2751): Illuminate\\Database\\Connection->select()
#3 /home/aung/Project/Practice/laravel-pusher-chat/vendor/laravel/framework/src/Illuminate/Database/Query/Builder.php(2740): Illuminate\\Database\\Query\\Builder->runSelect()
#4 /home/aung/Project/Practice/laravel-pusher-chat/vendor/laravel/framework/src/Illuminate/Database/Query/Builder.php(3294): Illuminate\\Database\\Query\\Builder->Illuminate\\Database\\Query\\{closure}()
#5 /home/aung/Project/Practice/laravel-pusher-chat/vendor/laravel/framework/src/Illuminate/Database/Query/Builder.php(2739): Illuminate\\Database\\Query\\Builder->onceWithColumns()
#6 /home/aung/Project/Practice/laravel-pusher-chat/vendor/laravel/framework/src/Illuminate/Database/Eloquent/Builder.php(738): Illuminate\\Database\\Query\\Builder->get()
#7 /home/aung/Project/Practice/laravel-pusher-chat/vendor/laravel/framework/src/Illuminate/Database/Eloquent/Builder.php(722): Illuminate\\Database\\Eloquent\\Builder->getModels()
#8 /home/aung/Project/Practice/laravel-pusher-chat/app/Http/Controllers/ChatMessageController.php(46): Illuminate\\Database\\Eloquent\\Builder->get()
#9 /home/aung/Project/Practice/laravel-pusher-chat/vendor/laravel/framework/src/Illuminate/Routing/Controller.php(54): App\\Http\\Controllers\\ChatMessageController->index()
#10 /home/aung/Project/Practice/laravel-pusher-chat/vendor/laravel/framework/src/Illuminate/Routing/ControllerDispatcher.php(43): Illuminate\\Routing\\Controller->callAction()
#11 /home/aung/Project/Practice/laravel-pusher-chat/vendor/laravel/framework/src/Illuminate/Routing/Route.php(259): Illuminate\\Routing\\ControllerDispatcher->dispatch()
#12 /home/aung/Project/Practice/laravel-pusher-chat/vendor/laravel/framework/src/Illuminate/Routing/Route.php(205): Illuminate\\Routing\\Route->runController()
#13 /home/aung/Project/Practice/laravel-pusher-chat/vendor/laravel/framework/src/Illuminate/Routing/Router.php(806): Illuminate\\Routing\\Route->run()
#14 /home/aung/Project/Practice/laravel-pusher-chat/vendor/laravel/framework/src/Illuminate/Pipeline/Pipeline.php(144): Illuminate\\Routing\\Router->Illuminate\\Routing\\{closure}()
#15 /home/aung/Project/Practice/laravel-pusher-chat/vendor/laravel/framework/src/Illuminate/Routing/Middleware/SubstituteBindings.php(50): Illuminate\\Pipeline\\Pipeline->Illuminate\\Pipeline\\{closure}()
#16 /home/aung/Project/Practice/laravel-pusher-chat/vendor/laravel/framework/src/Illuminate/Pipeline/Pipeline.php(183): Illuminate\\Routing\\Middleware\\SubstituteBindings->handle()
#17 /home/aung/Project/Practice/laravel-pusher-chat/vendor/laravel/framework/src/Illuminate/Routing/Middleware/ThrottleRequests.php(159): Illuminate\\Pipeline\\Pipeline->Illuminate\\Pipeline\\{closure}()
#18 /home/aung/Project/Practice/laravel-pusher-chat/vendor/laravel/framework/src/Illuminate/Routing/Middleware/ThrottleRequests.php(125): Illuminate\\Routing\\Middleware\\ThrottleRequests->handleRequest()
#19 /home/aung/Project/Practice/laravel-pusher-chat/vendor/laravel/framework/src/Illuminate/Routing/Middleware/ThrottleRequests.php(87): Illuminate\\Routing\\Middleware\\ThrottleRequests->handleRequestUsingNamedLimiter()
#20 /home/aung/Project/Practice/laravel-pusher-chat/vendor/laravel/framework/src/Illuminate/Pipeline/Pipeline.php(183): Illuminate\\Routing\\Middleware\\ThrottleRequests->handle()
#21 /home/aung/Project/Practice/laravel-pusher-chat/vendor/laravel/framework/src/Illuminate/Auth/Middleware/Authenticate.php(57): Illuminate\\Pipeline\\Pipeline->Illuminate\\Pipeline\\{closure}()
#22 /home/aung/Project/Practice/laravel-pusher-chat/vendor/laravel/framework/src/Illuminate/Pipeline/Pipeline.php(183): Illuminate\\Auth\\Middleware\\Authenticate->handle()
#23 /home/aung/Project/Practice/laravel-pusher-chat/vendor/laravel/framework/src/Illuminate/Pipeline/Pipeline.php(119): Illuminate\\Pipeline\\Pipeline->Illuminate\\Pipeline\\{closure}()
#24 /home/aung/Project/Practice/laravel-pusher-chat/vendor/laravel/framework/src/Illuminate/Routing/Router.php(805): Illuminate\\Pipeline\\Pipeline->then()
#25 /home/aung/Project/Practice/laravel-pusher-chat/vendor/laravel/framework/src/Illuminate/Routing/Router.php(784): Illuminate\\Routing\\Router->runRouteWithinStack()
#26 /home/aung/Project/Practice/laravel-pusher-chat/vendor/laravel/framework/src/Illuminate/Routing/Router.php(748): Illuminate\\Routing\\Router->runRoute()
#27 /home/aung/Project/Practice/laravel-pusher-chat/vendor/laravel/framework/src/Illuminate/Routing/Router.php(737): Illuminate\\Routing\\Router->dispatchToRoute()
#28 /home/aung/Project/Practice/laravel-pusher-chat/vendor/laravel/framework/src/Illuminate/Foundation/Http/Kernel.php(200): Illuminate\\Routing\\Router->dispatch()
#29 /home/aung/Project/Practice/laravel-pusher-chat/vendor/laravel/framework/src/Illuminate/Pipeline/Pipeline.php(144): Illuminate\\Foundation\\Http\\Kernel->Illuminate\\Foundation\\Http\\{closure}()
#30 /home/aung/Project/Practice/laravel-pusher-chat/vendor/laravel/framework/src/Illuminate/Foundation/Http/Middleware/TransformsRequest.php(21): Illuminate\\Pipeline\\Pipeline->Illuminate\\Pipeline\\{closure}()
#31 /home/aung/Project/Practice/laravel-pusher-chat/vendor/laravel/framework/src/Illuminate/Foundation/Http/Middleware/ConvertEmptyStringsToNull.php(31): Illuminate\\Foundation\\Http\\Middleware\\TransformsRequest->handle()
#32 /home/aung/Project/Practice/laravel-pusher-chat/vendor/laravel/framework/src/Illuminate/Pipeline/Pipeline.php(183): Illuminate\\Foundation\\Http\\Middleware\\ConvertEmptyStringsToNull->handle()
#33 /home/aung/Project/Practice/laravel-pusher-chat/vendor/laravel/framework/src/Illuminate/Foundation/Http/Middleware/TransformsRequest.php(21): Illuminate\\Pipeline\\Pipeline->Illuminate\\Pipeline\\{closure}()
#34 /home/aung/Project/Practice/laravel-pusher-chat/vendor/laravel/framework/src/Illuminate/Foundation/Http/Middleware/TrimStrings.php(40): Illuminate\\Foundation\\Http\\Middleware\\TransformsRequest->handle()
#35 /home/aung/Project/Practice/laravel-pusher-chat/vendor/laravel/framework/src/Illuminate/Pipeline/Pipeline.php(183): Illuminate\\Foundation\\Http\\Middleware\\TrimStrings->handle()
#36 /home/aung/Project/Practice/laravel-pusher-chat/vendor/laravel/framework/src/Illuminate/Foundation/Http/Middleware/ValidatePostSize.php(27): Illuminate\\Pipeline\\Pipeline->Illuminate\\Pipeline\\{closure}()
#37 /home/aung/Project/Practice/laravel-pusher-chat/vendor/laravel/framework/src/Illuminate/Pipeline/Pipeline.php(183): Illuminate\\Foundation\\Http\\Middleware\\ValidatePostSize->handle()
#38 /home/aung/Project/Practice/laravel-pusher-chat/vendor/laravel/framework/src/Illuminate/Foundation/Http/Middleware/PreventRequestsDuringMaintenance.php(99): Illuminate\\Pipeline\\Pipeline->Illuminate\\Pipeline\\{closure}()
#39 /home/aung/Project/Practice/laravel-pusher-chat/vendor/laravel/framework/src/Illuminate/Pipeline/Pipeline.php(183): Illuminate\\Foundation\\Http\\Middleware\\PreventRequestsDuringMaintenance->handle()
#40 /home/aung/Project/Practice/laravel-pusher-chat/vendor/laravel/framework/src/Illuminate/Http/Middleware/HandleCors.php(62): Illuminate\\Pipeline\\Pipeline->Illuminate\\Pipeline\\{closure}()
#41 /home/aung/Project/Practice/laravel-pusher-chat/vendor/laravel/framework/src/Illuminate/Pipeline/Pipeline.php(183): Illuminate\\Http\\Middleware\\HandleCors->handle()
#42 /home/aung/Project/Practice/laravel-pusher-chat/vendor/laravel/framework/src/Illuminate/Http/Middleware/TrustProxies.php(39): Illuminate\\Pipeline\\Pipeline->Illuminate\\Pipeline\\{closure}()
#43 /home/aung/Project/Practice/laravel-pusher-chat/vendor/laravel/framework/src/Illuminate/Pipeline/Pipeline.php(183): Illuminate\\Http\\Middleware\\TrustProxies->handle()
#44 /home/aung/Project/Practice/laravel-pusher-chat/vendor/laravel/framework/src/Illuminate/Pipeline/Pipeline.php(119): Illuminate\\Pipeline\\Pipeline->Illuminate\\Pipeline\\{closure}()
#45 /home/aung/Project/Practice/laravel-pusher-chat/vendor/laravel/framework/src/Illuminate/Foundation/Http/Kernel.php(175): Illuminate\\Pipeline\\Pipeline->then()
#46 /home/aung/Project/Practice/laravel-pusher-chat/vendor/laravel/framework/src/Illuminate/Foundation/Http/Kernel.php(144): Illuminate\\Foundation\\Http\\Kernel->sendRequestThroughRouter()
#47 /home/aung/Project/Practice/laravel-pusher-chat/public/index.php(51): Illuminate\\Foundation\\Http\\Kernel->handle()
#48 /home/aung/Project/Practice/laravel-pusher-chat/vendor/laravel/framework/src/Illuminate/Foundation/resources/server.php(16): require_once('...')
#49 {main}

[previous exception] [object] (PDOException(code: 42000): SQLSTATE[42000]: Syntax error or access violation: 1055 Expression #1 of SELECT list is not in GROUP BY clause and contains nonaggregated column 'chat.chat_messages.id' which is not functionally dependent on columns in GROUP BY clause; this is incompatible with sql_mode=only_full_group_by at /home/aung/Project/Practice/laravel-pusher-chat/vendor/laravel/framework/src/Illuminate/Database/Connection.php:423)
[stacktrace]
#0 /home/aung/Project/Practice/laravel-pusher-chat/vendor/laravel/framework/src/Illuminate/Database/Connection.php(423): PDO->prepare()
#1 /home/aung/Project/Practice/laravel-pusher-chat/vendor/laravel/framework/src/Illuminate/Database/Connection.php(816): Illuminate\\Database\\Connection->Illuminate\\Database\\{closure}()
#2 /home/aung/Project/Practice/laravel-pusher-chat/vendor/laravel/framework/src/Illuminate/Database/Connection.php(783): Illuminate\\Database\\Connection->runQueryCallback()
#3 /home/aung/Project/Practice/laravel-pusher-chat/vendor/laravel/framework/src/Illuminate/Database/Connection.php(414): Illuminate\\Database\\Connection->run()
#4 /home/aung/Project/Practice/laravel-pusher-chat/vendor/laravel/framework/src/Illuminate/Database/Query/Builder.php(2751): Illuminate\\Database\\Connection->select()
#5 /home/aung/Project/Practice/laravel-pusher-chat/vendor/laravel/framework/src/Illuminate/Database/Query/Builder.php(2740): Illuminate\\Database\\Query\\Builder->runSelect()
#6 /home/aung/Project/Practice/laravel-pusher-chat/vendor/laravel/framework/src/Illuminate/Database/Query/Builder.php(3294): Illuminate\\Database\\Query\\Builder->Illuminate\\Database\\Query\\{closure}()
#7 /home/aung/Project/Practice/laravel-pusher-chat/vendor/laravel/framework/src/Illuminate/Database/Query/Builder.php(2739): Illuminate\\Database\\Query\\Builder->onceWithColumns()
#8 /home/aung/Project/Practice/laravel-pusher-chat/vendor/laravel/framework/src/Illuminate/Database/Eloquent/Builder.php(738): Illuminate\\Database\\Query\\Builder->get()
#9 /home/aung/Project/Practice/laravel-pusher-chat/vendor/laravel/framework/src/Illuminate/Database/Eloquent/Builder.php(722): Illuminate\\Database\\Eloquent\\Builder->getModels()
#10 /home/aung/Project/Practice/laravel-pusher-chat/app/Http/Controllers/ChatMessageController.php(46): Illuminate\\Database\\Eloquent\\Builder->get()
#11 /home/aung/Project/Practice/laravel-pusher-chat/vendor/laravel/framework/src/Illuminate/Routing/Controller.php(54): App\\Http\\Controllers\\ChatMessageController->index()
#12 /home/aung/Project/Practice/laravel-pusher-chat/vendor/laravel/framework/src/Illuminate/Routing/ControllerDispatcher.php(43): Illuminate\\Routing\\Controller->callAction()
#13 /home/aung/Project/Practice/laravel-pusher-chat/vendor/laravel/framework/src/Illuminate/Routing/Route.php(259): Illuminate\\Routing\\ControllerDispatcher->dispatch()
#14 /home/aung/Project/Practice/laravel-pusher-chat/vendor/laravel/framework/src/Illuminate/Routing/Route.php(205): Illuminate\\Routing\\Route->runController()
#15 /home/aung/Project/Practice/laravel-pusher-chat/vendor/laravel/framework/src/Illuminate/Routing/Router.php(806): Illuminate\\Routing\\Route->run()
#16 /home/aung/Project/Practice/laravel-pusher-chat/vendor/laravel/framework/src/Illuminate/Pipeline/Pipeline.php(144): Illuminate\\Routing\\Router->Illuminate\\Routing\\{closure}()
#17 /home/aung/Project/Practice/laravel-pusher-chat/vendor/laravel/framework/src/Illuminate/Routing/Middleware/SubstituteBindings.php(50): Illuminate\\Pipeline\\Pipeline->Illuminate\\Pipeline\\{closure}()
#18 /home/aung/Project/Practice/laravel-pusher-chat/vendor/laravel/framework/src/Illuminate/Pipeline/Pipeline.php(183): Illuminate\\Routing\\Middleware\\SubstituteBindings->handle()
#19 /home/aung/Project/Practice/laravel-pusher-chat/vendor/laravel/framework/src/Illuminate/Routing/Middleware/ThrottleRequests.php(159): Illuminate\\Pipeline\\Pipeline->Illuminate\\Pipeline\\{closure}()
#20 /home/aung/Project/Practice/laravel-pusher-chat/vendor/laravel/framework/src/Illuminate/Routing/Middleware/ThrottleRequests.php(125): Illuminate\\Routing\\Middleware\\ThrottleRequests->handleRequest()
#21 /home/aung/Project/Practice/laravel-pusher-chat/vendor/laravel/framework/src/Illuminate/Routing/Middleware/ThrottleRequests.php(87): Illuminate\\Routing\\Middleware\\ThrottleRequests->handleRequestUsingNamedLimiter()
#22 /home/aung/Project/Practice/laravel-pusher-chat/vendor/laravel/framework/src/Illuminate/Pipeline/Pipeline.php(183): Illuminate\\Routing\\Middleware\\ThrottleRequests->handle()
#23 /home/aung/Project/Practice/laravel-pusher-chat/vendor/laravel/framework/src/Illuminate/Auth/Middleware/Authenticate.php(57): Illuminate\\Pipeline\\Pipeline->Illuminate\\Pipeline\\{closure}()
#24 /home/aung/Project/Practice/laravel-pusher-chat/vendor/laravel/framework/src/Illuminate/Pipeline/Pipeline.php(183): Illuminate\\Auth\\Middleware\\Authenticate->handle()
#25 /home/aung/Project/Practice/laravel-pusher-chat/vendor/laravel/framework/src/Illuminate/Pipeline/Pipeline.php(119): Illuminate\\Pipeline\\Pipeline->Illuminate\\Pipeline\\{closure}()
#26 /home/aung/Project/Practice/laravel-pusher-chat/vendor/laravel/framework/src/Illuminate/Routing/Router.php(805): Illuminate\\Pipeline\\Pipeline->then()
#27 /home/aung/Project/Practice/laravel-pusher-chat/vendor/laravel/framework/src/Illuminate/Routing/Router.php(784): Illuminate\\Routing\\Router->runRouteWithinStack()
#28 /home/aung/Project/Practice/laravel-pusher-chat/vendor/laravel/framework/src/Illuminate/Routing/Router.php(748): Illuminate\\Routing\\Router->runRoute()
#29 /home/aung/Project/Practice/laravel-pusher-chat/vendor/laravel/framework/src/Illuminate/Routing/Router.php(737): Illuminate\\Routing\\Router->dispatchToRoute()
#30 /home/aung/Project/Practice/laravel-pusher-chat/vendor/laravel/framework/src/Illuminate/Foundation/Http/Kernel.php(200): Illuminate\\Routing\\Router->dispatch()
#31 /home/aung/Project/Practice/laravel-pusher-chat/vendor/laravel/framework/src/Illuminate/Pipeline/Pipeline.php(144): Illuminate\\Foundation\\Http\\Kernel->Illuminate\\Foundation\\Http\\{closure}()
#32 /home/aung/Project/Practice/laravel-pusher-chat/vendor/laravel/framework/src/Illuminate/Foundation/Http/Middleware/TransformsRequest.php(21): Illuminate\\Pipeline\\Pipeline->Illuminate\\Pipeline\\{closure}()
#33 /home/aung/Project/Practice/laravel-pusher-chat/vendor/laravel/framework/src/Illuminate/Foundation/Http/Middleware/ConvertEmptyStringsToNull.php(31): Illuminate\\Foundation\\Http\\Middleware\\TransformsRequest->handle()
#34 /home/aung/Project/Practice/laravel-pusher-chat/vendor/laravel/framework/src/Illuminate/Pipeline/Pipeline.php(183): Illuminate\\Foundation\\Http\\Middleware\\ConvertEmptyStringsToNull->handle()
#35 /home/aung/Project/Practice/laravel-pusher-chat/vendor/laravel/framework/src/Illuminate/Foundation/Http/Middleware/TransformsRequest.php(21): Illuminate\\Pipeline\\Pipeline->Illuminate\\Pipeline\\{closure}()
#36 /home/aung/Project/Practice/laravel-pusher-chat/vendor/laravel/framework/src/Illuminate/Foundation/Http/Middleware/TrimStrings.php(40): Illuminate\\Foundation\\Http\\Middleware\\TransformsRequest->handle()
#37 /home/aung/Project/Practice/laravel-pusher-chat/vendor/laravel/framework/src/Illuminate/Pipeline/Pipeline.php(183): Illuminate\\Foundation\\Http\\Middleware\\TrimStrings->handle()
#38 /home/aung/Project/Practice/laravel-pusher-chat/vendor/laravel/framework/src/Illuminate/Foundation/Http/Middleware/ValidatePostSize.php(27): Illuminate\\Pipeline\\Pipeline->Illuminate\\Pipeline\\{closure}()
#39 /home/aung/Project/Practice/laravel-pusher-chat/vendor/laravel/framework/src/Illuminate/Pipeline/Pipeline.php(183): Illuminate\\Foundation\\Http\\Middleware\\ValidatePostSize->handle()
#40 /home/aung/Project/Practice/laravel-pusher-chat/vendor/laravel/framework/src/Illuminate/Foundation/Http/Middleware/PreventRequestsDuringMaintenance.php(99): Illuminate\\Pipeline\\Pipeline->Illuminate\\Pipeline\\{closure}()
#41 /home/aung/Project/Practice/laravel-pusher-chat/vendor/laravel/framework/src/Illuminate/Pipeline/Pipeline.php(183): Illuminate\\Foundation\\Http\\Middleware\\PreventRequestsDuringMaintenance->handle()
#42 /home/aung/Project/Practice/laravel-pusher-chat/vendor/laravel/framework/src/Illuminate/Http/Middleware/HandleCors.php(62): Illuminate\\Pipeline\\Pipeline->Illuminate\\Pipeline\\{closure}()
#43 /home/aung/Project/Practice/laravel-pusher-chat/vendor/laravel/framework/src/Illuminate/Pipeline/Pipeline.php(183): Illuminate\\Http\\Middleware\\HandleCors->handle()
#44 /home/aung/Project/Practice/laravel-pusher-chat/vendor/laravel/framework/src/Illuminate/Http/Middleware/TrustProxies.php(39): Illuminate\\Pipeline\\Pipeline->Illuminate\\Pipeline\\{closure}()
#45 /home/aung/Project/Practice/laravel-pusher-chat/vendor/laravel/framework/src/Illuminate/Pipeline/Pipeline.php(183): Illuminate\\Http\\Middleware\\TrustProxies->handle()
#46 /home/aung/Project/Practice/laravel-pusher-chat/vendor/laravel/framework/src/Illuminate/Pipeline/Pipeline.php(119): Illuminate\\Pipeline\\Pipeline->Illuminate\\Pipeline\\{closure}()
#47 /home/aung/Project/Practice/laravel-pusher-chat/vendor/laravel/framework/src/Illuminate/Foundation/Http/Kernel.php(175): Illuminate\\Pipeline\\Pipeline->then()
#48 /home/aung/Project/Practice/laravel-pusher-chat/vendor/laravel/framework/src/Illuminate/Foundation/Http/Kernel.php(144): Illuminate\\Foundation\\Http\\Kernel->sendRequestThroughRouter()
#49 /home/aung/Project/Practice/laravel-pusher-chat/public/index.php(51): Illuminate\\Foundation\\Http\\Kernel->handle()
#50 /home/aung/Project/Practice/laravel-pusher-chat/vendor/laravel/framework/src/Illuminate/Foundation/resources/server.php(16): require_once('...')
#51 {main}
"} 
[2024-02-29 03:30:32] local.ERROR: SQLSTATE[42000]: Syntax error or access violation: 1055 Expression #1 of SELECT list is not in GROUP BY clause and contains nonaggregated column 'chat.chat_messages.id' which is not functionally dependent on columns in GROUP BY clause; this is incompatible with sql_mode=only_full_group_by (Connection: mysql, SQL: select * from `chat_messages` where `chat_id` = 4 and (`user_id` = 1 or `user_id` = 4) group by `created_at` order by `id` asc) {"userId":1,"exception":"[object] (Illuminate\\Database\\QueryException(code: 42000): SQLSTATE[42000]: Syntax error or access violation: 1055 Expression #1 of SELECT list is not in GROUP BY clause and contains nonaggregated column 'chat.chat_messages.id' which is not functionally dependent on columns in GROUP BY clause; this is incompatible with sql_mode=only_full_group_by (Connection: mysql, SQL: select * from `chat_messages` where `chat_id` = 4 and (`user_id` = 1 or `user_id` = 4) group by `created_at` order by `id` asc) at /home/aung/Project/Practice/laravel-pusher-chat/vendor/laravel/framework/src/Illuminate/Database/Connection.php:829)
[stacktrace]
#0 /home/aung/Project/Practice/laravel-pusher-chat/vendor/laravel/framework/src/Illuminate/Database/Connection.php(783): Illuminate\\Database\\Connection->runQueryCallback()
#1 /home/aung/Project/Practice/laravel-pusher-chat/vendor/laravel/framework/src/Illuminate/Database/Connection.php(414): Illuminate\\Database\\Connection->run()
#2 /home/aung/Project/Practice/laravel-pusher-chat/vendor/laravel/framework/src/Illuminate/Database/Query/Builder.php(2751): Illuminate\\Database\\Connection->select()
#3 /home/aung/Project/Practice/laravel-pusher-chat/vendor/laravel/framework/src/Illuminate/Database/Query/Builder.php(2740): Illuminate\\Database\\Query\\Builder->runSelect()
#4 /home/aung/Project/Practice/laravel-pusher-chat/vendor/laravel/framework/src/Illuminate/Database/Query/Builder.php(3294): Illuminate\\Database\\Query\\Builder->Illuminate\\Database\\Query\\{closure}()
#5 /home/aung/Project/Practice/laravel-pusher-chat/vendor/laravel/framework/src/Illuminate/Database/Query/Builder.php(2739): Illuminate\\Database\\Query\\Builder->onceWithColumns()
#6 /home/aung/Project/Practice/laravel-pusher-chat/vendor/laravel/framework/src/Illuminate/Database/Eloquent/Builder.php(738): Illuminate\\Database\\Query\\Builder->get()
#7 /home/aung/Project/Practice/laravel-pusher-chat/vendor/laravel/framework/src/Illuminate/Database/Eloquent/Builder.php(722): Illuminate\\Database\\Eloquent\\Builder->getModels()
#8 /home/aung/Project/Practice/laravel-pusher-chat/app/Http/Controllers/ChatMessageController.php(46): Illuminate\\Database\\Eloquent\\Builder->get()
#9 /home/aung/Project/Practice/laravel-pusher-chat/vendor/laravel/framework/src/Illuminate/Routing/Controller.php(54): App\\Http\\Controllers\\ChatMessageController->index()
#10 /home/aung/Project/Practice/laravel-pusher-chat/vendor/laravel/framework/src/Illuminate/Routing/ControllerDispatcher.php(43): Illuminate\\Routing\\Controller->callAction()
#11 /home/aung/Project/Practice/laravel-pusher-chat/vendor/laravel/framework/src/Illuminate/Routing/Route.php(259): Illuminate\\Routing\\ControllerDispatcher->dispatch()
#12 /home/aung/Project/Practice/laravel-pusher-chat/vendor/laravel/framework/src/Illuminate/Routing/Route.php(205): Illuminate\\Routing\\Route->runController()
#13 /home/aung/Project/Practice/laravel-pusher-chat/vendor/laravel/framework/src/Illuminate/Routing/Router.php(806): Illuminate\\Routing\\Route->run()
#14 /home/aung/Project/Practice/laravel-pusher-chat/vendor/laravel/framework/src/Illuminate/Pipeline/Pipeline.php(144): Illuminate\\Routing\\Router->Illuminate\\Routing\\{closure}()
#15 /home/aung/Project/Practice/laravel-pusher-chat/vendor/laravel/framework/src/Illuminate/Routing/Middleware/SubstituteBindings.php(50): Illuminate\\Pipeline\\Pipeline->Illuminate\\Pipeline\\{closure}()
#16 /home/aung/Project/Practice/laravel-pusher-chat/vendor/laravel/framework/src/Illuminate/Pipeline/Pipeline.php(183): Illuminate\\Routing\\Middleware\\SubstituteBindings->handle()
#17 /home/aung/Project/Practice/laravel-pusher-chat/vendor/laravel/framework/src/Illuminate/Routing/Middleware/ThrottleRequests.php(159): Illuminate\\Pipeline\\Pipeline->Illuminate\\Pipeline\\{closure}()
#18 /home/aung/Project/Practice/laravel-pusher-chat/vendor/laravel/framework/src/Illuminate/Routing/Middleware/ThrottleRequests.php(125): Illuminate\\Routing\\Middleware\\ThrottleRequests->handleRequest()
#19 /home/aung/Project/Practice/laravel-pusher-chat/vendor/laravel/framework/src/Illuminate/Routing/Middleware/ThrottleRequests.php(87): Illuminate\\Routing\\Middleware\\ThrottleRequests->handleRequestUsingNamedLimiter()
#20 /home/aung/Project/Practice/laravel-pusher-chat/vendor/laravel/framework/src/Illuminate/Pipeline/Pipeline.php(183): Illuminate\\Routing\\Middleware\\ThrottleRequests->handle()
#21 /home/aung/Project/Practice/laravel-pusher-chat/vendor/laravel/framework/src/Illuminate/Auth/Middleware/Authenticate.php(57): Illuminate\\Pipeline\\Pipeline->Illuminate\\Pipeline\\{closure}()
#22 /home/aung/Project/Practice/laravel-pusher-chat/vendor/laravel/framework/src/Illuminate/Pipeline/Pipeline.php(183): Illuminate\\Auth\\Middleware\\Authenticate->handle()
#23 /home/aung/Project/Practice/laravel-pusher-chat/vendor/laravel/framework/src/Illuminate/Pipeline/Pipeline.php(119): Illuminate\\Pipeline\\Pipeline->Illuminate\\Pipeline\\{closure}()
#24 /home/aung/Project/Practice/laravel-pusher-chat/vendor/laravel/framework/src/Illuminate/Routing/Router.php(805): Illuminate\\Pipeline\\Pipeline->then()
#25 /home/aung/Project/Practice/laravel-pusher-chat/vendor/laravel/framework/src/Illuminate/Routing/Router.php(784): Illuminate\\Routing\\Router->runRouteWithinStack()
#26 /home/aung/Project/Practice/laravel-pusher-chat/vendor/laravel/framework/src/Illuminate/Routing/Router.php(748): Illuminate\\Routing\\Router->runRoute()
#27 /home/aung/Project/Practice/laravel-pusher-chat/vendor/laravel/framework/src/Illuminate/Routing/Router.php(737): Illuminate\\Routing\\Router->dispatchToRoute()
#28 /home/aung/Project/Practice/laravel-pusher-chat/vendor/laravel/framework/src/Illuminate/Foundation/Http/Kernel.php(200): Illuminate\\Routing\\Router->dispatch()
#29 /home/aung/Project/Practice/laravel-pusher-chat/vendor/laravel/framework/src/Illuminate/Pipeline/Pipeline.php(144): Illuminate\\Foundation\\Http\\Kernel->Illuminate\\Foundation\\Http\\{closure}()
#30 /home/aung/Project/Practice/laravel-pusher-chat/vendor/laravel/framework/src/Illuminate/Foundation/Http/Middleware/TransformsRequest.php(21): Illuminate\\Pipeline\\Pipeline->Illuminate\\Pipeline\\{closure}()
#31 /home/aung/Project/Practice/laravel-pusher-chat/vendor/laravel/framework/src/Illuminate/Foundation/Http/Middleware/ConvertEmptyStringsToNull.php(31): Illuminate\\Foundation\\Http\\Middleware\\TransformsRequest->handle()
#32 /home/aung/Project/Practice/laravel-pusher-chat/vendor/laravel/framework/src/Illuminate/Pipeline/Pipeline.php(183): Illuminate\\Foundation\\Http\\Middleware\\ConvertEmptyStringsToNull->handle()
#33 /home/aung/Project/Practice/laravel-pusher-chat/vendor/laravel/framework/src/Illuminate/Foundation/Http/Middleware/TransformsRequest.php(21): Illuminate\\Pipeline\\Pipeline->Illuminate\\Pipeline\\{closure}()
#34 /home/aung/Project/Practice/laravel-pusher-chat/vendor/laravel/framework/src/Illuminate/Foundation/Http/Middleware/TrimStrings.php(40): Illuminate\\Foundation\\Http\\Middleware\\TransformsRequest->handle()
#35 /home/aung/Project/Practice/laravel-pusher-chat/vendor/laravel/framework/src/Illuminate/Pipeline/Pipeline.php(183): Illuminate\\Foundation\\Http\\Middleware\\TrimStrings->handle()
#36 /home/aung/Project/Practice/laravel-pusher-chat/vendor/laravel/framework/src/Illuminate/Foundation/Http/Middleware/ValidatePostSize.php(27): Illuminate\\Pipeline\\Pipeline->Illuminate\\Pipeline\\{closure}()
#37 /home/aung/Project/Practice/laravel-pusher-chat/vendor/laravel/framework/src/Illuminate/Pipeline/Pipeline.php(183): Illuminate\\Foundation\\Http\\Middleware\\ValidatePostSize->handle()
#38 /home/aung/Project/Practice/laravel-pusher-chat/vendor/laravel/framework/src/Illuminate/Foundation/Http/Middleware/PreventRequestsDuringMaintenance.php(99): Illuminate\\Pipeline\\Pipeline->Illuminate\\Pipeline\\{closure}()
#39 /home/aung/Project/Practice/laravel-pusher-chat/vendor/laravel/framework/src/Illuminate/Pipeline/Pipeline.php(183): Illuminate\\Foundation\\Http\\Middleware\\PreventRequestsDuringMaintenance->handle()
#40 /home/aung/Project/Practice/laravel-pusher-chat/vendor/laravel/framework/src/Illuminate/Http/Middleware/HandleCors.php(62): Illuminate\\Pipeline\\Pipeline->Illuminate\\Pipeline\\{closure}()
#41 /home/aung/Project/Practice/laravel-pusher-chat/vendor/laravel/framework/src/Illuminate/Pipeline/Pipeline.php(183): Illuminate\\Http\\Middleware\\HandleCors->handle()
#42 /home/aung/Project/Practice/laravel-pusher-chat/vendor/laravel/framework/src/Illuminate/Http/Middleware/TrustProxies.php(39): Illuminate\\Pipeline\\Pipeline->Illuminate\\Pipeline\\{closure}()
#43 /home/aung/Project/Practice/laravel-pusher-chat/vendor/laravel/framework/src/Illuminate/Pipeline/Pipeline.php(183): Illuminate\\Http\\Middleware\\TrustProxies->handle()
#44 /home/aung/Project/Practice/laravel-pusher-chat/vendor/laravel/framework/src/Illuminate/Pipeline/Pipeline.php(119): Illuminate\\Pipeline\\Pipeline->Illuminate\\Pipeline\\{closure}()
#45 /home/aung/Project/Practice/laravel-pusher-chat/vendor/laravel/framework/src/Illuminate/Foundation/Http/Kernel.php(175): Illuminate\\Pipeline\\Pipeline->then()
#46 /home/aung/Project/Practice/laravel-pusher-chat/vendor/laravel/framework/src/Illuminate/Foundation/Http/Kernel.php(144): Illuminate\\Foundation\\Http\\Kernel->sendRequestThroughRouter()
#47 /home/aung/Project/Practice/laravel-pusher-chat/public/index.php(51): Illuminate\\Foundation\\Http\\Kernel->handle()
#48 /home/aung/Project/Practice/laravel-pusher-chat/vendor/laravel/framework/src/Illuminate/Foundation/resources/server.php(16): require_once('...')
#49 {main}

[previous exception] [object] (PDOException(code: 42000): SQLSTATE[42000]: Syntax error or access violation: 1055 Expression #1 of SELECT list is not in GROUP BY clause and contains nonaggregated column 'chat.chat_messages.id' which is not functionally dependent on columns in GROUP BY clause; this is incompatible with sql_mode=only_full_group_by at /home/aung/Project/Practice/laravel-pusher-chat/vendor/laravel/framework/src/Illuminate/Database/Connection.php:423)
[stacktrace]
#0 /home/aung/Project/Practice/laravel-pusher-chat/vendor/laravel/framework/src/Illuminate/Database/Connection.php(423): PDO->prepare()
#1 /home/aung/Project/Practice/laravel-pusher-chat/vendor/laravel/framework/src/Illuminate/Database/Connection.php(816): Illuminate\\Database\\Connection->Illuminate\\Database\\{closure}()
#2 /home/aung/Project/Practice/laravel-pusher-chat/vendor/laravel/framework/src/Illuminate/Database/Connection.php(783): Illuminate\\Database\\Connection->runQueryCallback()
#3 /home/aung/Project/Practice/laravel-pusher-chat/vendor/laravel/framework/src/Illuminate/Database/Connection.php(414): Illuminate\\Database\\Connection->run()
#4 /home/aung/Project/Practice/laravel-pusher-chat/vendor/laravel/framework/src/Illuminate/Database/Query/Builder.php(2751): Illuminate\\Database\\Connection->select()
#5 /home/aung/Project/Practice/laravel-pusher-chat/vendor/laravel/framework/src/Illuminate/Database/Query/Builder.php(2740): Illuminate\\Database\\Query\\Builder->runSelect()
#6 /home/aung/Project/Practice/laravel-pusher-chat/vendor/laravel/framework/src/Illuminate/Database/Query/Builder.php(3294): Illuminate\\Database\\Query\\Builder->Illuminate\\Database\\Query\\{closure}()
#7 /home/aung/Project/Practice/laravel-pusher-chat/vendor/laravel/framework/src/Illuminate/Database/Query/Builder.php(2739): Illuminate\\Database\\Query\\Builder->onceWithColumns()
#8 /home/aung/Project/Practice/laravel-pusher-chat/vendor/laravel/framework/src/Illuminate/Database/Eloquent/Builder.php(738): Illuminate\\Database\\Query\\Builder->get()
#9 /home/aung/Project/Practice/laravel-pusher-chat/vendor/laravel/framework/src/Illuminate/Database/Eloquent/Builder.php(722): Illuminate\\Database\\Eloquent\\Builder->getModels()
#10 /home/aung/Project/Practice/laravel-pusher-chat/app/Http/Controllers/ChatMessageController.php(46): Illuminate\\Database\\Eloquent\\Builder->get()
#11 /home/aung/Project/Practice/laravel-pusher-chat/vendor/laravel/framework/src/Illuminate/Routing/Controller.php(54): App\\Http\\Controllers\\ChatMessageController->index()
#12 /home/aung/Project/Practice/laravel-pusher-chat/vendor/laravel/framework/src/Illuminate/Routing/ControllerDispatcher.php(43): Illuminate\\Routing\\Controller->callAction()
#13 /home/aung/Project/Practice/laravel-pusher-chat/vendor/laravel/framework/src/Illuminate/Routing/Route.php(259): Illuminate\\Routing\\ControllerDispatcher->dispatch()
#14 /home/aung/Project/Practice/laravel-pusher-chat/vendor/laravel/framework/src/Illuminate/Routing/Route.php(205): Illuminate\\Routing\\Route->runController()
#15 /home/aung/Project/Practice/laravel-pusher-chat/vendor/laravel/framework/src/Illuminate/Routing/Router.php(806): Illuminate\\Routing\\Route->run()
#16 /home/aung/Project/Practice/laravel-pusher-chat/vendor/laravel/framework/src/Illuminate/Pipeline/Pipeline.php(144): Illuminate\\Routing\\Router->Illuminate\\Routing\\{closure}()
#17 /home/aung/Project/Practice/laravel-pusher-chat/vendor/laravel/framework/src/Illuminate/Routing/Middleware/SubstituteBindings.php(50): Illuminate\\Pipeline\\Pipeline->Illuminate\\Pipeline\\{closure}()
#18 /home/aung/Project/Practice/laravel-pusher-chat/vendor/laravel/framework/src/Illuminate/Pipeline/Pipeline.php(183): Illuminate\\Routing\\Middleware\\SubstituteBindings->handle()
#19 /home/aung/Project/Practice/laravel-pusher-chat/vendor/laravel/framework/src/Illuminate/Routing/Middleware/ThrottleRequests.php(159): Illuminate\\Pipeline\\Pipeline->Illuminate\\Pipeline\\{closure}()
#20 /home/aung/Project/Practice/laravel-pusher-chat/vendor/laravel/framework/src/Illuminate/Routing/Middleware/ThrottleRequests.php(125): Illuminate\\Routing\\Middleware\\ThrottleRequests->handleRequest()
#21 /home/aung/Project/Practice/laravel-pusher-chat/vendor/laravel/framework/src/Illuminate/Routing/Middleware/ThrottleRequests.php(87): Illuminate\\Routing\\Middleware\\ThrottleRequests->handleRequestUsingNamedLimiter()
#22 /home/aung/Project/Practice/laravel-pusher-chat/vendor/laravel/framework/src/Illuminate/Pipeline/Pipeline.php(183): Illuminate\\Routing\\Middleware\\ThrottleRequests->handle()
#23 /home/aung/Project/Practice/laravel-pusher-chat/vendor/laravel/framework/src/Illuminate/Auth/Middleware/Authenticate.php(57): Illuminate\\Pipeline\\Pipeline->Illuminate\\Pipeline\\{closure}()
#24 /home/aung/Project/Practice/laravel-pusher-chat/vendor/laravel/framework/src/Illuminate/Pipeline/Pipeline.php(183): Illuminate\\Auth\\Middleware\\Authenticate->handle()
#25 /home/aung/Project/Practice/laravel-pusher-chat/vendor/laravel/framework/src/Illuminate/Pipeline/Pipeline.php(119): Illuminate\\Pipeline\\Pipeline->Illuminate\\Pipeline\\{closure}()
#26 /home/aung/Project/Practice/laravel-pusher-chat/vendor/laravel/framework/src/Illuminate/Routing/Router.php(805): Illuminate\\Pipeline\\Pipeline->then()
#27 /home/aung/Project/Practice/laravel-pusher-chat/vendor/laravel/framework/src/Illuminate/Routing/Router.php(784): Illuminate\\Routing\\Router->runRouteWithinStack()
#28 /home/aung/Project/Practice/laravel-pusher-chat/vendor/laravel/framework/src/Illuminate/Routing/Router.php(748): Illuminate\\Routing\\Router->runRoute()
#29 /home/aung/Project/Practice/laravel-pusher-chat/vendor/laravel/framework/src/Illuminate/Routing/Router.php(737): Illuminate\\Routing\\Router->dispatchToRoute()
#30 /home/aung/Project/Practice/laravel-pusher-chat/vendor/laravel/framework/src/Illuminate/Foundation/Http/Kernel.php(200): Illuminate\\Routing\\Router->dispatch()
#31 /home/aung/Project/Practice/laravel-pusher-chat/vendor/laravel/framework/src/Illuminate/Pipeline/Pipeline.php(144): Illuminate\\Foundation\\Http\\Kernel->Illuminate\\Foundation\\Http\\{closure}()
#32 /home/aung/Project/Practice/laravel-pusher-chat/vendor/laravel/framework/src/Illuminate/Foundation/Http/Middleware/TransformsRequest.php(21): Illuminate\\Pipeline\\Pipeline->Illuminate\\Pipeline\\{closure}()
#33 /home/aung/Project/Practice/laravel-pusher-chat/vendor/laravel/framework/src/Illuminate/Foundation/Http/Middleware/ConvertEmptyStringsToNull.php(31): Illuminate\\Foundation\\Http\\Middleware\\TransformsRequest->handle()
#34 /home/aung/Project/Practice/laravel-pusher-chat/vendor/laravel/framework/src/Illuminate/Pipeline/Pipeline.php(183): Illuminate\\Foundation\\Http\\Middleware\\ConvertEmptyStringsToNull->handle()
#35 /home/aung/Project/Practice/laravel-pusher-chat/vendor/laravel/framework/src/Illuminate/Foundation/Http/Middleware/TransformsRequest.php(21): Illuminate\\Pipeline\\Pipeline->Illuminate\\Pipeline\\{closure}()
#36 /home/aung/Project/Practice/laravel-pusher-chat/vendor/laravel/framework/src/Illuminate/Foundation/Http/Middleware/TrimStrings.php(40): Illuminate\\Foundation\\Http\\Middleware\\TransformsRequest->handle()
#37 /home/aung/Project/Practice/laravel-pusher-chat/vendor/laravel/framework/src/Illuminate/Pipeline/Pipeline.php(183): Illuminate\\Foundation\\Http\\Middleware\\TrimStrings->handle()
#38 /home/aung/Project/Practice/laravel-pusher-chat/vendor/laravel/framework/src/Illuminate/Foundation/Http/Middleware/ValidatePostSize.php(27): Illuminate\\Pipeline\\Pipeline->Illuminate\\Pipeline\\{closure}()
#39 /home/aung/Project/Practice/laravel-pusher-chat/vendor/laravel/framework/src/Illuminate/Pipeline/Pipeline.php(183): Illuminate\\Foundation\\Http\\Middleware\\ValidatePostSize->handle()
#40 /home/aung/Project/Practice/laravel-pusher-chat/vendor/laravel/framework/src/Illuminate/Foundation/Http/Middleware/PreventRequestsDuringMaintenance.php(99): Illuminate\\Pipeline\\Pipeline->Illuminate\\Pipeline\\{closure}()
#41 /home/aung/Project/Practice/laravel-pusher-chat/vendor/laravel/framework/src/Illuminate/Pipeline/Pipeline.php(183): Illuminate\\Foundation\\Http\\Middleware\\PreventRequestsDuringMaintenance->handle()
#42 /home/aung/Project/Practice/laravel-pusher-chat/vendor/laravel/framework/src/Illuminate/Http/Middleware/HandleCors.php(62): Illuminate\\Pipeline\\Pipeline->Illuminate\\Pipeline\\{closure}()
#43 /home/aung/Project/Practice/laravel-pusher-chat/vendor/laravel/framework/src/Illuminate/Pipeline/Pipeline.php(183): Illuminate\\Http\\Middleware\\HandleCors->handle()
#44 /home/aung/Project/Practice/laravel-pusher-chat/vendor/laravel/framework/src/Illuminate/Http/Middleware/TrustProxies.php(39): Illuminate\\Pipeline\\Pipeline->Illuminate\\Pipeline\\{closure}()
#45 /home/aung/Project/Practice/laravel-pusher-chat/vendor/laravel/framework/src/Illuminate/Pipeline/Pipeline.php(183): Illuminate\\Http\\Middleware\\TrustProxies->handle()
#46 /home/aung/Project/Practice/laravel-pusher-chat/vendor/laravel/framework/src/Illuminate/Pipeline/Pipeline.php(119): Illuminate\\Pipeline\\Pipeline->Illuminate\\Pipeline\\{closure}()
#47 /home/aung/Project/Practice/laravel-pusher-chat/vendor/laravel/framework/src/Illuminate/Foundation/Http/Kernel.php(175): Illuminate\\Pipeline\\Pipeline->then()
#48 /home/aung/Project/Practice/laravel-pusher-chat/vendor/laravel/framework/src/Illuminate/Foundation/Http/Kernel.php(144): Illuminate\\Foundation\\Http\\Kernel->sendRequestThroughRouter()
#49 /home/aung/Project/Practice/laravel-pusher-chat/public/index.php(51): Illuminate\\Foundation\\Http\\Kernel->handle()
#50 /home/aung/Project/Practice/laravel-pusher-chat/vendor/laravel/framework/src/Illuminate/Foundation/resources/server.php(16): require_once('...')
#51 {main}
"} 
[2024-02-29 03:30:35] local.ERROR: SQLSTATE[42000]: Syntax error or access violation: 1055 Expression #1 of SELECT list is not in GROUP BY clause and contains nonaggregated column 'chat.chat_messages.id' which is not functionally dependent on columns in GROUP BY clause; this is incompatible with sql_mode=only_full_group_by (Connection: mysql, SQL: select * from `chat_messages` where `chat_id` = 5 and (`user_id` = 1 or `user_id` = 6) group by `created_at` order by `id` asc) {"userId":1,"exception":"[object] (Illuminate\\Database\\QueryException(code: 42000): SQLSTATE[42000]: Syntax error or access violation: 1055 Expression #1 of SELECT list is not in GROUP BY clause and contains nonaggregated column 'chat.chat_messages.id' which is not functionally dependent on columns in GROUP BY clause; this is incompatible with sql_mode=only_full_group_by (Connection: mysql, SQL: select * from `chat_messages` where `chat_id` = 5 and (`user_id` = 1 or `user_id` = 6) group by `created_at` order by `id` asc) at /home/aung/Project/Practice/laravel-pusher-chat/vendor/laravel/framework/src/Illuminate/Database/Connection.php:829)
[stacktrace]
#0 /home/aung/Project/Practice/laravel-pusher-chat/vendor/laravel/framework/src/Illuminate/Database/Connection.php(783): Illuminate\\Database\\Connection->runQueryCallback()
#1 /home/aung/Project/Practice/laravel-pusher-chat/vendor/laravel/framework/src/Illuminate/Database/Connection.php(414): Illuminate\\Database\\Connection->run()
#2 /home/aung/Project/Practice/laravel-pusher-chat/vendor/laravel/framework/src/Illuminate/Database/Query/Builder.php(2751): Illuminate\\Database\\Connection->select()
#3 /home/aung/Project/Practice/laravel-pusher-chat/vendor/laravel/framework/src/Illuminate/Database/Query/Builder.php(2740): Illuminate\\Database\\Query\\Builder->runSelect()
#4 /home/aung/Project/Practice/laravel-pusher-chat/vendor/laravel/framework/src/Illuminate/Database/Query/Builder.php(3294): Illuminate\\Database\\Query\\Builder->Illuminate\\Database\\Query\\{closure}()
#5 /home/aung/Project/Practice/laravel-pusher-chat/vendor/laravel/framework/src/Illuminate/Database/Query/Builder.php(2739): Illuminate\\Database\\Query\\Builder->onceWithColumns()
#6 /home/aung/Project/Practice/laravel-pusher-chat/vendor/laravel/framework/src/Illuminate/Database/Eloquent/Builder.php(738): Illuminate\\Database\\Query\\Builder->get()
#7 /home/aung/Project/Practice/laravel-pusher-chat/vendor/laravel/framework/src/Illuminate/Database/Eloquent/Builder.php(722): Illuminate\\Database\\Eloquent\\Builder->getModels()
#8 /home/aung/Project/Practice/laravel-pusher-chat/app/Http/Controllers/ChatMessageController.php(46): Illuminate\\Database\\Eloquent\\Builder->get()
#9 /home/aung/Project/Practice/laravel-pusher-chat/vendor/laravel/framework/src/Illuminate/Routing/Controller.php(54): App\\Http\\Controllers\\ChatMessageController->index()
#10 /home/aung/Project/Practice/laravel-pusher-chat/vendor/laravel/framework/src/Illuminate/Routing/ControllerDispatcher.php(43): Illuminate\\Routing\\Controller->callAction()
#11 /home/aung/Project/Practice/laravel-pusher-chat/vendor/laravel/framework/src/Illuminate/Routing/Route.php(259): Illuminate\\Routing\\ControllerDispatcher->dispatch()
#12 /home/aung/Project/Practice/laravel-pusher-chat/vendor/laravel/framework/src/Illuminate/Routing/Route.php(205): Illuminate\\Routing\\Route->runController()
#13 /home/aung/Project/Practice/laravel-pusher-chat/vendor/laravel/framework/src/Illuminate/Routing/Router.php(806): Illuminate\\Routing\\Route->run()
#14 /home/aung/Project/Practice/laravel-pusher-chat/vendor/laravel/framework/src/Illuminate/Pipeline/Pipeline.php(144): Illuminate\\Routing\\Router->Illuminate\\Routing\\{closure}()
#15 /home/aung/Project/Practice/laravel-pusher-chat/vendor/laravel/framework/src/Illuminate/Routing/Middleware/SubstituteBindings.php(50): Illuminate\\Pipeline\\Pipeline->Illuminate\\Pipeline\\{closure}()
#16 /home/aung/Project/Practice/laravel-pusher-chat/vendor/laravel/framework/src/Illuminate/Pipeline/Pipeline.php(183): Illuminate\\Routing\\Middleware\\SubstituteBindings->handle()
#17 /home/aung/Project/Practice/laravel-pusher-chat/vendor/laravel/framework/src/Illuminate/Routing/Middleware/ThrottleRequests.php(159): Illuminate\\Pipeline\\Pipeline->Illuminate\\Pipeline\\{closure}()
#18 /home/aung/Project/Practice/laravel-pusher-chat/vendor/laravel/framework/src/Illuminate/Routing/Middleware/ThrottleRequests.php(125): Illuminate\\Routing\\Middleware\\ThrottleRequests->handleRequest()
#19 /home/aung/Project/Practice/laravel-pusher-chat/vendor/laravel/framework/src/Illuminate/Routing/Middleware/ThrottleRequests.php(87): Illuminate\\Routing\\Middleware\\ThrottleRequests->handleRequestUsingNamedLimiter()
#20 /home/aung/Project/Practice/laravel-pusher-chat/vendor/laravel/framework/src/Illuminate/Pipeline/Pipeline.php(183): Illuminate\\Routing\\Middleware\\ThrottleRequests->handle()
#21 /home/aung/Project/Practice/laravel-pusher-chat/vendor/laravel/framework/src/Illuminate/Auth/Middleware/Authenticate.php(57): Illuminate\\Pipeline\\Pipeline->Illuminate\\Pipeline\\{closure}()
#22 /home/aung/Project/Practice/laravel-pusher-chat/vendor/laravel/framework/src/Illuminate/Pipeline/Pipeline.php(183): Illuminate\\Auth\\Middleware\\Authenticate->handle()
#23 /home/aung/Project/Practice/laravel-pusher-chat/vendor/laravel/framework/src/Illuminate/Pipeline/Pipeline.php(119): Illuminate\\Pipeline\\Pipeline->Illuminate\\Pipeline\\{closure}()
#24 /home/aung/Project/Practice/laravel-pusher-chat/vendor/laravel/framework/src/Illuminate/Routing/Router.php(805): Illuminate\\Pipeline\\Pipeline->then()
#25 /home/aung/Project/Practice/laravel-pusher-chat/vendor/laravel/framework/src/Illuminate/Routing/Router.php(784): Illuminate\\Routing\\Router->runRouteWithinStack()
#26 /home/aung/Project/Practice/laravel-pusher-chat/vendor/laravel/framework/src/Illuminate/Routing/Router.php(748): Illuminate\\Routing\\Router->runRoute()
#27 /home/aung/Project/Practice/laravel-pusher-chat/vendor/laravel/framework/src/Illuminate/Routing/Router.php(737): Illuminate\\Routing\\Router->dispatchToRoute()
#28 /home/aung/Project/Practice/laravel-pusher-chat/vendor/laravel/framework/src/Illuminate/Foundation/Http/Kernel.php(200): Illuminate\\Routing\\Router->dispatch()
#29 /home/aung/Project/Practice/laravel-pusher-chat/vendor/laravel/framework/src/Illuminate/Pipeline/Pipeline.php(144): Illuminate\\Foundation\\Http\\Kernel->Illuminate\\Foundation\\Http\\{closure}()
#30 /home/aung/Project/Practice/laravel-pusher-chat/vendor/laravel/framework/src/Illuminate/Foundation/Http/Middleware/TransformsRequest.php(21): Illuminate\\Pipeline\\Pipeline->Illuminate\\Pipeline\\{closure}()
#31 /home/aung/Project/Practice/laravel-pusher-chat/vendor/laravel/framework/src/Illuminate/Foundation/Http/Middleware/ConvertEmptyStringsToNull.php(31): Illuminate\\Foundation\\Http\\Middleware\\TransformsRequest->handle()
#32 /home/aung/Project/Practice/laravel-pusher-chat/vendor/laravel/framework/src/Illuminate/Pipeline/Pipeline.php(183): Illuminate\\Foundation\\Http\\Middleware\\ConvertEmptyStringsToNull->handle()
#33 /home/aung/Project/Practice/laravel-pusher-chat/vendor/laravel/framework/src/Illuminate/Foundation/Http/Middleware/TransformsRequest.php(21): Illuminate\\Pipeline\\Pipeline->Illuminate\\Pipeline\\{closure}()
#34 /home/aung/Project/Practice/laravel-pusher-chat/vendor/laravel/framework/src/Illuminate/Foundation/Http/Middleware/TrimStrings.php(40): Illuminate\\Foundation\\Http\\Middleware\\TransformsRequest->handle()
#35 /home/aung/Project/Practice/laravel-pusher-chat/vendor/laravel/framework/src/Illuminate/Pipeline/Pipeline.php(183): Illuminate\\Foundation\\Http\\Middleware\\TrimStrings->handle()
#36 /home/aung/Project/Practice/laravel-pusher-chat/vendor/laravel/framework/src/Illuminate/Foundation/Http/Middleware/ValidatePostSize.php(27): Illuminate\\Pipeline\\Pipeline->Illuminate\\Pipeline\\{closure}()
#37 /home/aung/Project/Practice/laravel-pusher-chat/vendor/laravel/framework/src/Illuminate/Pipeline/Pipeline.php(183): Illuminate\\Foundation\\Http\\Middleware\\ValidatePostSize->handle()
#38 /home/aung/Project/Practice/laravel-pusher-chat/vendor/laravel/framework/src/Illuminate/Foundation/Http/Middleware/PreventRequestsDuringMaintenance.php(99): Illuminate\\Pipeline\\Pipeline->Illuminate\\Pipeline\\{closure}()
#39 /home/aung/Project/Practice/laravel-pusher-chat/vendor/laravel/framework/src/Illuminate/Pipeline/Pipeline.php(183): Illuminate\\Foundation\\Http\\Middleware\\PreventRequestsDuringMaintenance->handle()
#40 /home/aung/Project/Practice/laravel-pusher-chat/vendor/laravel/framework/src/Illuminate/Http/Middleware/HandleCors.php(62): Illuminate\\Pipeline\\Pipeline->Illuminate\\Pipeline\\{closure}()
#41 /home/aung/Project/Practice/laravel-pusher-chat/vendor/laravel/framework/src/Illuminate/Pipeline/Pipeline.php(183): Illuminate\\Http\\Middleware\\HandleCors->handle()
#42 /home/aung/Project/Practice/laravel-pusher-chat/vendor/laravel/framework/src/Illuminate/Http/Middleware/TrustProxies.php(39): Illuminate\\Pipeline\\Pipeline->Illuminate\\Pipeline\\{closure}()
#43 /home/aung/Project/Practice/laravel-pusher-chat/vendor/laravel/framework/src/Illuminate/Pipeline/Pipeline.php(183): Illuminate\\Http\\Middleware\\TrustProxies->handle()
#44 /home/aung/Project/Practice/laravel-pusher-chat/vendor/laravel/framework/src/Illuminate/Pipeline/Pipeline.php(119): Illuminate\\Pipeline\\Pipeline->Illuminate\\Pipeline\\{closure}()
#45 /home/aung/Project/Practice/laravel-pusher-chat/vendor/laravel/framework/src/Illuminate/Foundation/Http/Kernel.php(175): Illuminate\\Pipeline\\Pipeline->then()
#46 /home/aung/Project/Practice/laravel-pusher-chat/vendor/laravel/framework/src/Illuminate/Foundation/Http/Kernel.php(144): Illuminate\\Foundation\\Http\\Kernel->sendRequestThroughRouter()
#47 /home/aung/Project/Practice/laravel-pusher-chat/public/index.php(51): Illuminate\\Foundation\\Http\\Kernel->handle()
#48 /home/aung/Project/Practice/laravel-pusher-chat/vendor/laravel/framework/src/Illuminate/Foundation/resources/server.php(16): require_once('...')
#49 {main}

[previous exception] [object] (PDOException(code: 42000): SQLSTATE[42000]: Syntax error or access violation: 1055 Expression #1 of SELECT list is not in GROUP BY clause and contains nonaggregated column 'chat.chat_messages.id' which is not functionally dependent on columns in GROUP BY clause; this is incompatible with sql_mode=only_full_group_by at /home/aung/Project/Practice/laravel-pusher-chat/vendor/laravel/framework/src/Illuminate/Database/Connection.php:423)
[stacktrace]
#0 /home/aung/Project/Practice/laravel-pusher-chat/vendor/laravel/framework/src/Illuminate/Database/Connection.php(423): PDO->prepare()
#1 /home/aung/Project/Practice/laravel-pusher-chat/vendor/laravel/framework/src/Illuminate/Database/Connection.php(816): Illuminate\\Database\\Connection->Illuminate\\Database\\{closure}()
#2 /home/aung/Project/Practice/laravel-pusher-chat/vendor/laravel/framework/src/Illuminate/Database/Connection.php(783): Illuminate\\Database\\Connection->runQueryCallback()
#3 /home/aung/Project/Practice/laravel-pusher-chat/vendor/laravel/framework/src/Illuminate/Database/Connection.php(414): Illuminate\\Database\\Connection->run()
#4 /home/aung/Project/Practice/laravel-pusher-chat/vendor/laravel/framework/src/Illuminate/Database/Query/Builder.php(2751): Illuminate\\Database\\Connection->select()
#5 /home/aung/Project/Practice/laravel-pusher-chat/vendor/laravel/framework/src/Illuminate/Database/Query/Builder.php(2740): Illuminate\\Database\\Query\\Builder->runSelect()
#6 /home/aung/Project/Practice/laravel-pusher-chat/vendor/laravel/framework/src/Illuminate/Database/Query/Builder.php(3294): Illuminate\\Database\\Query\\Builder->Illuminate\\Database\\Query\\{closure}()
#7 /home/aung/Project/Practice/laravel-pusher-chat/vendor/laravel/framework/src/Illuminate/Database/Query/Builder.php(2739): Illuminate\\Database\\Query\\Builder->onceWithColumns()
#8 /home/aung/Project/Practice/laravel-pusher-chat/vendor/laravel/framework/src/Illuminate/Database/Eloquent/Builder.php(738): Illuminate\\Database\\Query\\Builder->get()
#9 /home/aung/Project/Practice/laravel-pusher-chat/vendor/laravel/framework/src/Illuminate/Database/Eloquent/Builder.php(722): Illuminate\\Database\\Eloquent\\Builder->getModels()
#10 /home/aung/Project/Practice/laravel-pusher-chat/app/Http/Controllers/ChatMessageController.php(46): Illuminate\\Database\\Eloquent\\Builder->get()
#11 /home/aung/Project/Practice/laravel-pusher-chat/vendor/laravel/framework/src/Illuminate/Routing/Controller.php(54): App\\Http\\Controllers\\ChatMessageController->index()
#12 /home/aung/Project/Practice/laravel-pusher-chat/vendor/laravel/framework/src/Illuminate/Routing/ControllerDispatcher.php(43): Illuminate\\Routing\\Controller->callAction()
#13 /home/aung/Project/Practice/laravel-pusher-chat/vendor/laravel/framework/src/Illuminate/Routing/Route.php(259): Illuminate\\Routing\\ControllerDispatcher->dispatch()
#14 /home/aung/Project/Practice/laravel-pusher-chat/vendor/laravel/framework/src/Illuminate/Routing/Route.php(205): Illuminate\\Routing\\Route->runController()
#15 /home/aung/Project/Practice/laravel-pusher-chat/vendor/laravel/framework/src/Illuminate/Routing/Router.php(806): Illuminate\\Routing\\Route->run()
#16 /home/aung/Project/Practice/laravel-pusher-chat/vendor/laravel/framework/src/Illuminate/Pipeline/Pipeline.php(144): Illuminate\\Routing\\Router->Illuminate\\Routing\\{closure}()
#17 /home/aung/Project/Practice/laravel-pusher-chat/vendor/laravel/framework/src/Illuminate/Routing/Middleware/SubstituteBindings.php(50): Illuminate\\Pipeline\\Pipeline->Illuminate\\Pipeline\\{closure}()
#18 /home/aung/Project/Practice/laravel-pusher-chat/vendor/laravel/framework/src/Illuminate/Pipeline/Pipeline.php(183): Illuminate\\Routing\\Middleware\\SubstituteBindings->handle()
#19 /home/aung/Project/Practice/laravel-pusher-chat/vendor/laravel/framework/src/Illuminate/Routing/Middleware/ThrottleRequests.php(159): Illuminate\\Pipeline\\Pipeline->Illuminate\\Pipeline\\{closure}()
#20 /home/aung/Project/Practice/laravel-pusher-chat/vendor/laravel/framework/src/Illuminate/Routing/Middleware/ThrottleRequests.php(125): Illuminate\\Routing\\Middleware\\ThrottleRequests->handleRequest()
#21 /home/aung/Project/Practice/laravel-pusher-chat/vendor/laravel/framework/src/Illuminate/Routing/Middleware/ThrottleRequests.php(87): Illuminate\\Routing\\Middleware\\ThrottleRequests->handleRequestUsingNamedLimiter()
#22 /home/aung/Project/Practice/laravel-pusher-chat/vendor/laravel/framework/src/Illuminate/Pipeline/Pipeline.php(183): Illuminate\\Routing\\Middleware\\ThrottleRequests->handle()
#23 /home/aung/Project/Practice/laravel-pusher-chat/vendor/laravel/framework/src/Illuminate/Auth/Middleware/Authenticate.php(57): Illuminate\\Pipeline\\Pipeline->Illuminate\\Pipeline\\{closure}()
#24 /home/aung/Project/Practice/laravel-pusher-chat/vendor/laravel/framework/src/Illuminate/Pipeline/Pipeline.php(183): Illuminate\\Auth\\Middleware\\Authenticate->handle()
#25 /home/aung/Project/Practice/laravel-pusher-chat/vendor/laravel/framework/src/Illuminate/Pipeline/Pipeline.php(119): Illuminate\\Pipeline\\Pipeline->Illuminate\\Pipeline\\{closure}()
#26 /home/aung/Project/Practice/laravel-pusher-chat/vendor/laravel/framework/src/Illuminate/Routing/Router.php(805): Illuminate\\Pipeline\\Pipeline->then()
#27 /home/aung/Project/Practice/laravel-pusher-chat/vendor/laravel/framework/src/Illuminate/Routing/Router.php(784): Illuminate\\Routing\\Router->runRouteWithinStack()
#28 /home/aung/Project/Practice/laravel-pusher-chat/vendor/laravel/framework/src/Illuminate/Routing/Router.php(748): Illuminate\\Routing\\Router->runRoute()
#29 /home/aung/Project/Practice/laravel-pusher-chat/vendor/laravel/framework/src/Illuminate/Routing/Router.php(737): Illuminate\\Routing\\Router->dispatchToRoute()
#30 /home/aung/Project/Practice/laravel-pusher-chat/vendor/laravel/framework/src/Illuminate/Foundation/Http/Kernel.php(200): Illuminate\\Routing\\Router->dispatch()
#31 /home/aung/Project/Practice/laravel-pusher-chat/vendor/laravel/framework/src/Illuminate/Pipeline/Pipeline.php(144): Illuminate\\Foundation\\Http\\Kernel->Illuminate\\Foundation\\Http\\{closure}()
#32 /home/aung/Project/Practice/laravel-pusher-chat/vendor/laravel/framework/src/Illuminate/Foundation/Http/Middleware/TransformsRequest.php(21): Illuminate\\Pipeline\\Pipeline->Illuminate\\Pipeline\\{closure}()
#33 /home/aung/Project/Practice/laravel-pusher-chat/vendor/laravel/framework/src/Illuminate/Foundation/Http/Middleware/ConvertEmptyStringsToNull.php(31): Illuminate\\Foundation\\Http\\Middleware\\TransformsRequest->handle()
#34 /home/aung/Project/Practice/laravel-pusher-chat/vendor/laravel/framework/src/Illuminate/Pipeline/Pipeline.php(183): Illuminate\\Foundation\\Http\\Middleware\\ConvertEmptyStringsToNull->handle()
#35 /home/aung/Project/Practice/laravel-pusher-chat/vendor/laravel/framework/src/Illuminate/Foundation/Http/Middleware/TransformsRequest.php(21): Illuminate\\Pipeline\\Pipeline->Illuminate\\Pipeline\\{closure}()
#36 /home/aung/Project/Practice/laravel-pusher-chat/vendor/laravel/framework/src/Illuminate/Foundation/Http/Middleware/TrimStrings.php(40): Illuminate\\Foundation\\Http\\Middleware\\TransformsRequest->handle()
#37 /home/aung/Project/Practice/laravel-pusher-chat/vendor/laravel/framework/src/Illuminate/Pipeline/Pipeline.php(183): Illuminate\\Foundation\\Http\\Middleware\\TrimStrings->handle()
#38 /home/aung/Project/Practice/laravel-pusher-chat/vendor/laravel/framework/src/Illuminate/Foundation/Http/Middleware/ValidatePostSize.php(27): Illuminate\\Pipeline\\Pipeline->Illuminate\\Pipeline\\{closure}()
#39 /home/aung/Project/Practice/laravel-pusher-chat/vendor/laravel/framework/src/Illuminate/Pipeline/Pipeline.php(183): Illuminate\\Foundation\\Http\\Middleware\\ValidatePostSize->handle()
#40 /home/aung/Project/Practice/laravel-pusher-chat/vendor/laravel/framework/src/Illuminate/Foundation/Http/Middleware/PreventRequestsDuringMaintenance.php(99): Illuminate\\Pipeline\\Pipeline->Illuminate\\Pipeline\\{closure}()
#41 /home/aung/Project/Practice/laravel-pusher-chat/vendor/laravel/framework/src/Illuminate/Pipeline/Pipeline.php(183): Illuminate\\Foundation\\Http\\Middleware\\PreventRequestsDuringMaintenance->handle()
#42 /home/aung/Project/Practice/laravel-pusher-chat/vendor/laravel/framework/src/Illuminate/Http/Middleware/HandleCors.php(62): Illuminate\\Pipeline\\Pipeline->Illuminate\\Pipeline\\{closure}()
#43 /home/aung/Project/Practice/laravel-pusher-chat/vendor/laravel/framework/src/Illuminate/Pipeline/Pipeline.php(183): Illuminate\\Http\\Middleware\\HandleCors->handle()
#44 /home/aung/Project/Practice/laravel-pusher-chat/vendor/laravel/framework/src/Illuminate/Http/Middleware/TrustProxies.php(39): Illuminate\\Pipeline\\Pipeline->Illuminate\\Pipeline\\{closure}()
#45 /home/aung/Project/Practice/laravel-pusher-chat/vendor/laravel/framework/src/Illuminate/Pipeline/Pipeline.php(183): Illuminate\\Http\\Middleware\\TrustProxies->handle()
#46 /home/aung/Project/Practice/laravel-pusher-chat/vendor/laravel/framework/src/Illuminate/Pipeline/Pipeline.php(119): Illuminate\\Pipeline\\Pipeline->Illuminate\\Pipeline\\{closure}()
#47 /home/aung/Project/Practice/laravel-pusher-chat/vendor/laravel/framework/src/Illuminate/Foundation/Http/Kernel.php(175): Illuminate\\Pipeline\\Pipeline->then()
#48 /home/aung/Project/Practice/laravel-pusher-chat/vendor/laravel/framework/src/Illuminate/Foundation/Http/Kernel.php(144): Illuminate\\Foundation\\Http\\Kernel->sendRequestThroughRouter()
#49 /home/aung/Project/Practice/laravel-pusher-chat/public/index.php(51): Illuminate\\Foundation\\Http\\Kernel->handle()
#50 /home/aung/Project/Practice/laravel-pusher-chat/vendor/laravel/framework/src/Illuminate/Foundation/resources/server.php(16): require_once('...')
#51 {main}
"} 
[2024-02-29 03:33:04] local.ERROR: SQLSTATE[42000]: Syntax error or access violation: 1055 Expression #1 of SELECT list is not in GROUP BY clause and contains nonaggregated column 'chat.chat_messages.id' which is not functionally dependent on columns in GROUP BY clause; this is incompatible with sql_mode=only_full_group_by (Connection: mysql, SQL: select * from `chat_messages` where `chat_id` = 3 and (`user_id` = 1 or `user_id` = 3) group by `created_at` order by `id` asc) {"userId":1,"exception":"[object] (Illuminate\\Database\\QueryException(code: 42000): SQLSTATE[42000]: Syntax error or access violation: 1055 Expression #1 of SELECT list is not in GROUP BY clause and contains nonaggregated column 'chat.chat_messages.id' which is not functionally dependent on columns in GROUP BY clause; this is incompatible with sql_mode=only_full_group_by (Connection: mysql, SQL: select * from `chat_messages` where `chat_id` = 3 and (`user_id` = 1 or `user_id` = 3) group by `created_at` order by `id` asc) at /home/aung/Project/Practice/laravel-pusher-chat/vendor/laravel/framework/src/Illuminate/Database/Connection.php:829)
[stacktrace]
#0 /home/aung/Project/Practice/laravel-pusher-chat/vendor/laravel/framework/src/Illuminate/Database/Connection.php(783): Illuminate\\Database\\Connection->runQueryCallback()
#1 /home/aung/Project/Practice/laravel-pusher-chat/vendor/laravel/framework/src/Illuminate/Database/Connection.php(414): Illuminate\\Database\\Connection->run()
#2 /home/aung/Project/Practice/laravel-pusher-chat/vendor/laravel/framework/src/Illuminate/Database/Query/Builder.php(2751): Illuminate\\Database\\Connection->select()
#3 /home/aung/Project/Practice/laravel-pusher-chat/vendor/laravel/framework/src/Illuminate/Database/Query/Builder.php(2740): Illuminate\\Database\\Query\\Builder->runSelect()
#4 /home/aung/Project/Practice/laravel-pusher-chat/vendor/laravel/framework/src/Illuminate/Database/Query/Builder.php(3294): Illuminate\\Database\\Query\\Builder->Illuminate\\Database\\Query\\{closure}()
#5 /home/aung/Project/Practice/laravel-pusher-chat/vendor/laravel/framework/src/Illuminate/Database/Query/Builder.php(2739): Illuminate\\Database\\Query\\Builder->onceWithColumns()
#6 /home/aung/Project/Practice/laravel-pusher-chat/vendor/laravel/framework/src/Illuminate/Database/Eloquent/Builder.php(738): Illuminate\\Database\\Query\\Builder->get()
#7 /home/aung/Project/Practice/laravel-pusher-chat/vendor/laravel/framework/src/Illuminate/Database/Eloquent/Builder.php(722): Illuminate\\Database\\Eloquent\\Builder->getModels()
#8 /home/aung/Project/Practice/laravel-pusher-chat/app/Http/Controllers/ChatMessageController.php(46): Illuminate\\Database\\Eloquent\\Builder->get()
#9 /home/aung/Project/Practice/laravel-pusher-chat/vendor/laravel/framework/src/Illuminate/Routing/Controller.php(54): App\\Http\\Controllers\\ChatMessageController->index()
#10 /home/aung/Project/Practice/laravel-pusher-chat/vendor/laravel/framework/src/Illuminate/Routing/ControllerDispatcher.php(43): Illuminate\\Routing\\Controller->callAction()
#11 /home/aung/Project/Practice/laravel-pusher-chat/vendor/laravel/framework/src/Illuminate/Routing/Route.php(259): Illuminate\\Routing\\ControllerDispatcher->dispatch()
#12 /home/aung/Project/Practice/laravel-pusher-chat/vendor/laravel/framework/src/Illuminate/Routing/Route.php(205): Illuminate\\Routing\\Route->runController()
#13 /home/aung/Project/Practice/laravel-pusher-chat/vendor/laravel/framework/src/Illuminate/Routing/Router.php(806): Illuminate\\Routing\\Route->run()
#14 /home/aung/Project/Practice/laravel-pusher-chat/vendor/laravel/framework/src/Illuminate/Pipeline/Pipeline.php(144): Illuminate\\Routing\\Router->Illuminate\\Routing\\{closure}()
#15 /home/aung/Project/Practice/laravel-pusher-chat/vendor/laravel/framework/src/Illuminate/Routing/Middleware/SubstituteBindings.php(50): Illuminate\\Pipeline\\Pipeline->Illuminate\\Pipeline\\{closure}()
#16 /home/aung/Project/Practice/laravel-pusher-chat/vendor/laravel/framework/src/Illuminate/Pipeline/Pipeline.php(183): Illuminate\\Routing\\Middleware\\SubstituteBindings->handle()
#17 /home/aung/Project/Practice/laravel-pusher-chat/vendor/laravel/framework/src/Illuminate/Routing/Middleware/ThrottleRequests.php(159): Illuminate\\Pipeline\\Pipeline->Illuminate\\Pipeline\\{closure}()
#18 /home/aung/Project/Practice/laravel-pusher-chat/vendor/laravel/framework/src/Illuminate/Routing/Middleware/ThrottleRequests.php(125): Illuminate\\Routing\\Middleware\\ThrottleRequests->handleRequest()
#19 /home/aung/Project/Practice/laravel-pusher-chat/vendor/laravel/framework/src/Illuminate/Routing/Middleware/ThrottleRequests.php(87): Illuminate\\Routing\\Middleware\\ThrottleRequests->handleRequestUsingNamedLimiter()
#20 /home/aung/Project/Practice/laravel-pusher-chat/vendor/laravel/framework/src/Illuminate/Pipeline/Pipeline.php(183): Illuminate\\Routing\\Middleware\\ThrottleRequests->handle()
#21 /home/aung/Project/Practice/laravel-pusher-chat/vendor/laravel/framework/src/Illuminate/Auth/Middleware/Authenticate.php(57): Illuminate\\Pipeline\\Pipeline->Illuminate\\Pipeline\\{closure}()
#22 /home/aung/Project/Practice/laravel-pusher-chat/vendor/laravel/framework/src/Illuminate/Pipeline/Pipeline.php(183): Illuminate\\Auth\\Middleware\\Authenticate->handle()
#23 /home/aung/Project/Practice/laravel-pusher-chat/vendor/laravel/framework/src/Illuminate/Pipeline/Pipeline.php(119): Illuminate\\Pipeline\\Pipeline->Illuminate\\Pipeline\\{closure}()
#24 /home/aung/Project/Practice/laravel-pusher-chat/vendor/laravel/framework/src/Illuminate/Routing/Router.php(805): Illuminate\\Pipeline\\Pipeline->then()
#25 /home/aung/Project/Practice/laravel-pusher-chat/vendor/laravel/framework/src/Illuminate/Routing/Router.php(784): Illuminate\\Routing\\Router->runRouteWithinStack()
#26 /home/aung/Project/Practice/laravel-pusher-chat/vendor/laravel/framework/src/Illuminate/Routing/Router.php(748): Illuminate\\Routing\\Router->runRoute()
#27 /home/aung/Project/Practice/laravel-pusher-chat/vendor/laravel/framework/src/Illuminate/Routing/Router.php(737): Illuminate\\Routing\\Router->dispatchToRoute()
#28 /home/aung/Project/Practice/laravel-pusher-chat/vendor/laravel/framework/src/Illuminate/Foundation/Http/Kernel.php(200): Illuminate\\Routing\\Router->dispatch()
#29 /home/aung/Project/Practice/laravel-pusher-chat/vendor/laravel/framework/src/Illuminate/Pipeline/Pipeline.php(144): Illuminate\\Foundation\\Http\\Kernel->Illuminate\\Foundation\\Http\\{closure}()
#30 /home/aung/Project/Practice/laravel-pusher-chat/vendor/laravel/framework/src/Illuminate/Foundation/Http/Middleware/TransformsRequest.php(21): Illuminate\\Pipeline\\Pipeline->Illuminate\\Pipeline\\{closure}()
#31 /home/aung/Project/Practice/laravel-pusher-chat/vendor/laravel/framework/src/Illuminate/Foundation/Http/Middleware/ConvertEmptyStringsToNull.php(31): Illuminate\\Foundation\\Http\\Middleware\\TransformsRequest->handle()
#32 /home/aung/Project/Practice/laravel-pusher-chat/vendor/laravel/framework/src/Illuminate/Pipeline/Pipeline.php(183): Illuminate\\Foundation\\Http\\Middleware\\ConvertEmptyStringsToNull->handle()
#33 /home/aung/Project/Practice/laravel-pusher-chat/vendor/laravel/framework/src/Illuminate/Foundation/Http/Middleware/TransformsRequest.php(21): Illuminate\\Pipeline\\Pipeline->Illuminate\\Pipeline\\{closure}()
#34 /home/aung/Project/Practice/laravel-pusher-chat/vendor/laravel/framework/src/Illuminate/Foundation/Http/Middleware/TrimStrings.php(40): Illuminate\\Foundation\\Http\\Middleware\\TransformsRequest->handle()
#35 /home/aung/Project/Practice/laravel-pusher-chat/vendor/laravel/framework/src/Illuminate/Pipeline/Pipeline.php(183): Illuminate\\Foundation\\Http\\Middleware\\TrimStrings->handle()
#36 /home/aung/Project/Practice/laravel-pusher-chat/vendor/laravel/framework/src/Illuminate/Foundation/Http/Middleware/ValidatePostSize.php(27): Illuminate\\Pipeline\\Pipeline->Illuminate\\Pipeline\\{closure}()
#37 /home/aung/Project/Practice/laravel-pusher-chat/vendor/laravel/framework/src/Illuminate/Pipeline/Pipeline.php(183): Illuminate\\Foundation\\Http\\Middleware\\ValidatePostSize->handle()
#38 /home/aung/Project/Practice/laravel-pusher-chat/vendor/laravel/framework/src/Illuminate/Foundation/Http/Middleware/PreventRequestsDuringMaintenance.php(99): Illuminate\\Pipeline\\Pipeline->Illuminate\\Pipeline\\{closure}()
#39 /home/aung/Project/Practice/laravel-pusher-chat/vendor/laravel/framework/src/Illuminate/Pipeline/Pipeline.php(183): Illuminate\\Foundation\\Http\\Middleware\\PreventRequestsDuringMaintenance->handle()
#40 /home/aung/Project/Practice/laravel-pusher-chat/vendor/laravel/framework/src/Illuminate/Http/Middleware/HandleCors.php(62): Illuminate\\Pipeline\\Pipeline->Illuminate\\Pipeline\\{closure}()
#41 /home/aung/Project/Practice/laravel-pusher-chat/vendor/laravel/framework/src/Illuminate/Pipeline/Pipeline.php(183): Illuminate\\Http\\Middleware\\HandleCors->handle()
#42 /home/aung/Project/Practice/laravel-pusher-chat/vendor/laravel/framework/src/Illuminate/Http/Middleware/TrustProxies.php(39): Illuminate\\Pipeline\\Pipeline->Illuminate\\Pipeline\\{closure}()
#43 /home/aung/Project/Practice/laravel-pusher-chat/vendor/laravel/framework/src/Illuminate/Pipeline/Pipeline.php(183): Illuminate\\Http\\Middleware\\TrustProxies->handle()
#44 /home/aung/Project/Practice/laravel-pusher-chat/vendor/laravel/framework/src/Illuminate/Pipeline/Pipeline.php(119): Illuminate\\Pipeline\\Pipeline->Illuminate\\Pipeline\\{closure}()
#45 /home/aung/Project/Practice/laravel-pusher-chat/vendor/laravel/framework/src/Illuminate/Foundation/Http/Kernel.php(175): Illuminate\\Pipeline\\Pipeline->then()
#46 /home/aung/Project/Practice/laravel-pusher-chat/vendor/laravel/framework/src/Illuminate/Foundation/Http/Kernel.php(144): Illuminate\\Foundation\\Http\\Kernel->sendRequestThroughRouter()
#47 /home/aung/Project/Practice/laravel-pusher-chat/public/index.php(51): Illuminate\\Foundation\\Http\\Kernel->handle()
#48 /home/aung/Project/Practice/laravel-pusher-chat/vendor/laravel/framework/src/Illuminate/Foundation/resources/server.php(16): require_once('...')
#49 {main}

[previous exception] [object] (PDOException(code: 42000): SQLSTATE[42000]: Syntax error or access violation: 1055 Expression #1 of SELECT list is not in GROUP BY clause and contains nonaggregated column 'chat.chat_messages.id' which is not functionally dependent on columns in GROUP BY clause; this is incompatible with sql_mode=only_full_group_by at /home/aung/Project/Practice/laravel-pusher-chat/vendor/laravel/framework/src/Illuminate/Database/Connection.php:423)
[stacktrace]
#0 /home/aung/Project/Practice/laravel-pusher-chat/vendor/laravel/framework/src/Illuminate/Database/Connection.php(423): PDO->prepare()
#1 /home/aung/Project/Practice/laravel-pusher-chat/vendor/laravel/framework/src/Illuminate/Database/Connection.php(816): Illuminate\\Database\\Connection->Illuminate\\Database\\{closure}()
#2 /home/aung/Project/Practice/laravel-pusher-chat/vendor/laravel/framework/src/Illuminate/Database/Connection.php(783): Illuminate\\Database\\Connection->runQueryCallback()
#3 /home/aung/Project/Practice/laravel-pusher-chat/vendor/laravel/framework/src/Illuminate/Database/Connection.php(414): Illuminate\\Database\\Connection->run()
#4 /home/aung/Project/Practice/laravel-pusher-chat/vendor/laravel/framework/src/Illuminate/Database/Query/Builder.php(2751): Illuminate\\Database\\Connection->select()
#5 /home/aung/Project/Practice/laravel-pusher-chat/vendor/laravel/framework/src/Illuminate/Database/Query/Builder.php(2740): Illuminate\\Database\\Query\\Builder->runSelect()
#6 /home/aung/Project/Practice/laravel-pusher-chat/vendor/laravel/framework/src/Illuminate/Database/Query/Builder.php(3294): Illuminate\\Database\\Query\\Builder->Illuminate\\Database\\Query\\{closure}()
#7 /home/aung/Project/Practice/laravel-pusher-chat/vendor/laravel/framework/src/Illuminate/Database/Query/Builder.php(2739): Illuminate\\Database\\Query\\Builder->onceWithColumns()
#8 /home/aung/Project/Practice/laravel-pusher-chat/vendor/laravel/framework/src/Illuminate/Database/Eloquent/Builder.php(738): Illuminate\\Database\\Query\\Builder->get()
#9 /home/aung/Project/Practice/laravel-pusher-chat/vendor/laravel/framework/src/Illuminate/Database/Eloquent/Builder.php(722): Illuminate\\Database\\Eloquent\\Builder->getModels()
#10 /home/aung/Project/Practice/laravel-pusher-chat/app/Http/Controllers/ChatMessageController.php(46): Illuminate\\Database\\Eloquent\\Builder->get()
#11 /home/aung/Project/Practice/laravel-pusher-chat/vendor/laravel/framework/src/Illuminate/Routing/Controller.php(54): App\\Http\\Controllers\\ChatMessageController->index()
#12 /home/aung/Project/Practice/laravel-pusher-chat/vendor/laravel/framework/src/Illuminate/Routing/ControllerDispatcher.php(43): Illuminate\\Routing\\Controller->callAction()
#13 /home/aung/Project/Practice/laravel-pusher-chat/vendor/laravel/framework/src/Illuminate/Routing/Route.php(259): Illuminate\\Routing\\ControllerDispatcher->dispatch()
#14 /home/aung/Project/Practice/laravel-pusher-chat/vendor/laravel/framework/src/Illuminate/Routing/Route.php(205): Illuminate\\Routing\\Route->runController()
#15 /home/aung/Project/Practice/laravel-pusher-chat/vendor/laravel/framework/src/Illuminate/Routing/Router.php(806): Illuminate\\Routing\\Route->run()
#16 /home/aung/Project/Practice/laravel-pusher-chat/vendor/laravel/framework/src/Illuminate/Pipeline/Pipeline.php(144): Illuminate\\Routing\\Router->Illuminate\\Routing\\{closure}()
#17 /home/aung/Project/Practice/laravel-pusher-chat/vendor/laravel/framework/src/Illuminate/Routing/Middleware/SubstituteBindings.php(50): Illuminate\\Pipeline\\Pipeline->Illuminate\\Pipeline\\{closure}()
#18 /home/aung/Project/Practice/laravel-pusher-chat/vendor/laravel/framework/src/Illuminate/Pipeline/Pipeline.php(183): Illuminate\\Routing\\Middleware\\SubstituteBindings->handle()
#19 /home/aung/Project/Practice/laravel-pusher-chat/vendor/laravel/framework/src/Illuminate/Routing/Middleware/ThrottleRequests.php(159): Illuminate\\Pipeline\\Pipeline->Illuminate\\Pipeline\\{closure}()
#20 /home/aung/Project/Practice/laravel-pusher-chat/vendor/laravel/framework/src/Illuminate/Routing/Middleware/ThrottleRequests.php(125): Illuminate\\Routing\\Middleware\\ThrottleRequests->handleRequest()
#21 /home/aung/Project/Practice/laravel-pusher-chat/vendor/laravel/framework/src/Illuminate/Routing/Middleware/ThrottleRequests.php(87): Illuminate\\Routing\\Middleware\\ThrottleRequests->handleRequestUsingNamedLimiter()
#22 /home/aung/Project/Practice/laravel-pusher-chat/vendor/laravel/framework/src/Illuminate/Pipeline/Pipeline.php(183): Illuminate\\Routing\\Middleware\\ThrottleRequests->handle()
#23 /home/aung/Project/Practice/laravel-pusher-chat/vendor/laravel/framework/src/Illuminate/Auth/Middleware/Authenticate.php(57): Illuminate\\Pipeline\\Pipeline->Illuminate\\Pipeline\\{closure}()
#24 /home/aung/Project/Practice/laravel-pusher-chat/vendor/laravel/framework/src/Illuminate/Pipeline/Pipeline.php(183): Illuminate\\Auth\\Middleware\\Authenticate->handle()
#25 /home/aung/Project/Practice/laravel-pusher-chat/vendor/laravel/framework/src/Illuminate/Pipeline/Pipeline.php(119): Illuminate\\Pipeline\\Pipeline->Illuminate\\Pipeline\\{closure}()
#26 /home/aung/Project/Practice/laravel-pusher-chat/vendor/laravel/framework/src/Illuminate/Routing/Router.php(805): Illuminate\\Pipeline\\Pipeline->then()
#27 /home/aung/Project/Practice/laravel-pusher-chat/vendor/laravel/framework/src/Illuminate/Routing/Router.php(784): Illuminate\\Routing\\Router->runRouteWithinStack()
#28 /home/aung/Project/Practice/laravel-pusher-chat/vendor/laravel/framework/src/Illuminate/Routing/Router.php(748): Illuminate\\Routing\\Router->runRoute()
#29 /home/aung/Project/Practice/laravel-pusher-chat/vendor/laravel/framework/src/Illuminate/Routing/Router.php(737): Illuminate\\Routing\\Router->dispatchToRoute()
#30 /home/aung/Project/Practice/laravel-pusher-chat/vendor/laravel/framework/src/Illuminate/Foundation/Http/Kernel.php(200): Illuminate\\Routing\\Router->dispatch()
#31 /home/aung/Project/Practice/laravel-pusher-chat/vendor/laravel/framework/src/Illuminate/Pipeline/Pipeline.php(144): Illuminate\\Foundation\\Http\\Kernel->Illuminate\\Foundation\\Http\\{closure}()
#32 /home/aung/Project/Practice/laravel-pusher-chat/vendor/laravel/framework/src/Illuminate/Foundation/Http/Middleware/TransformsRequest.php(21): Illuminate\\Pipeline\\Pipeline->Illuminate\\Pipeline\\{closure}()
#33 /home/aung/Project/Practice/laravel-pusher-chat/vendor/laravel/framework/src/Illuminate/Foundation/Http/Middleware/ConvertEmptyStringsToNull.php(31): Illuminate\\Foundation\\Http\\Middleware\\TransformsRequest->handle()
#34 /home/aung/Project/Practice/laravel-pusher-chat/vendor/laravel/framework/src/Illuminate/Pipeline/Pipeline.php(183): Illuminate\\Foundation\\Http\\Middleware\\ConvertEmptyStringsToNull->handle()
#35 /home/aung/Project/Practice/laravel-pusher-chat/vendor/laravel/framework/src/Illuminate/Foundation/Http/Middleware/TransformsRequest.php(21): Illuminate\\Pipeline\\Pipeline->Illuminate\\Pipeline\\{closure}()
#36 /home/aung/Project/Practice/laravel-pusher-chat/vendor/laravel/framework/src/Illuminate/Foundation/Http/Middleware/TrimStrings.php(40): Illuminate\\Foundation\\Http\\Middleware\\TransformsRequest->handle()
#37 /home/aung/Project/Practice/laravel-pusher-chat/vendor/laravel/framework/src/Illuminate/Pipeline/Pipeline.php(183): Illuminate\\Foundation\\Http\\Middleware\\TrimStrings->handle()
#38 /home/aung/Project/Practice/laravel-pusher-chat/vendor/laravel/framework/src/Illuminate/Foundation/Http/Middleware/ValidatePostSize.php(27): Illuminate\\Pipeline\\Pipeline->Illuminate\\Pipeline\\{closure}()
#39 /home/aung/Project/Practice/laravel-pusher-chat/vendor/laravel/framework/src/Illuminate/Pipeline/Pipeline.php(183): Illuminate\\Foundation\\Http\\Middleware\\ValidatePostSize->handle()
#40 /home/aung/Project/Practice/laravel-pusher-chat/vendor/laravel/framework/src/Illuminate/Foundation/Http/Middleware/PreventRequestsDuringMaintenance.php(99): Illuminate\\Pipeline\\Pipeline->Illuminate\\Pipeline\\{closure}()
#41 /home/aung/Project/Practice/laravel-pusher-chat/vendor/laravel/framework/src/Illuminate/Pipeline/Pipeline.php(183): Illuminate\\Foundation\\Http\\Middleware\\PreventRequestsDuringMaintenance->handle()
#42 /home/aung/Project/Practice/laravel-pusher-chat/vendor/laravel/framework/src/Illuminate/Http/Middleware/HandleCors.php(62): Illuminate\\Pipeline\\Pipeline->Illuminate\\Pipeline\\{closure}()
#43 /home/aung/Project/Practice/laravel-pusher-chat/vendor/laravel/framework/src/Illuminate/Pipeline/Pipeline.php(183): Illuminate\\Http\\Middleware\\HandleCors->handle()
#44 /home/aung/Project/Practice/laravel-pusher-chat/vendor/laravel/framework/src/Illuminate/Http/Middleware/TrustProxies.php(39): Illuminate\\Pipeline\\Pipeline->Illuminate\\Pipeline\\{closure}()
#45 /home/aung/Project/Practice/laravel-pusher-chat/vendor/laravel/framework/src/Illuminate/Pipeline/Pipeline.php(183): Illuminate\\Http\\Middleware\\TrustProxies->handle()
#46 /home/aung/Project/Practice/laravel-pusher-chat/vendor/laravel/framework/src/Illuminate/Pipeline/Pipeline.php(119): Illuminate\\Pipeline\\Pipeline->Illuminate\\Pipeline\\{closure}()
#47 /home/aung/Project/Practice/laravel-pusher-chat/vendor/laravel/framework/src/Illuminate/Foundation/Http/Kernel.php(175): Illuminate\\Pipeline\\Pipeline->then()
#48 /home/aung/Project/Practice/laravel-pusher-chat/vendor/laravel/framework/src/Illuminate/Foundation/Http/Kernel.php(144): Illuminate\\Foundation\\Http\\Kernel->sendRequestThroughRouter()
#49 /home/aung/Project/Practice/laravel-pusher-chat/public/index.php(51): Illuminate\\Foundation\\Http\\Kernel->handle()
#50 /home/aung/Project/Practice/laravel-pusher-chat/vendor/laravel/framework/src/Illuminate/Foundation/resources/server.php(16): require_once('...')
#51 {main}
"} 
[2024-02-29 03:33:04] local.ERROR: SQLSTATE[42000]: Syntax error or access violation: 1055 Expression #1 of SELECT list is not in GROUP BY clause and contains nonaggregated column 'chat.chat_messages.id' which is not functionally dependent on columns in GROUP BY clause; this is incompatible with sql_mode=only_full_group_by (Connection: mysql, SQL: select * from `chat_messages` where `chat_id` = 5 and (`user_id` = 1 or `user_id` = 6) group by `created_at` order by `id` asc) {"userId":1,"exception":"[object] (Illuminate\\Database\\QueryException(code: 42000): SQLSTATE[42000]: Syntax error or access violation: 1055 Expression #1 of SELECT list is not in GROUP BY clause and contains nonaggregated column 'chat.chat_messages.id' which is not functionally dependent on columns in GROUP BY clause; this is incompatible with sql_mode=only_full_group_by (Connection: mysql, SQL: select * from `chat_messages` where `chat_id` = 5 and (`user_id` = 1 or `user_id` = 6) group by `created_at` order by `id` asc) at /home/aung/Project/Practice/laravel-pusher-chat/vendor/laravel/framework/src/Illuminate/Database/Connection.php:829)
[stacktrace]
#0 /home/aung/Project/Practice/laravel-pusher-chat/vendor/laravel/framework/src/Illuminate/Database/Connection.php(783): Illuminate\\Database\\Connection->runQueryCallback()
#1 /home/aung/Project/Practice/laravel-pusher-chat/vendor/laravel/framework/src/Illuminate/Database/Connection.php(414): Illuminate\\Database\\Connection->run()
#2 /home/aung/Project/Practice/laravel-pusher-chat/vendor/laravel/framework/src/Illuminate/Database/Query/Builder.php(2751): Illuminate\\Database\\Connection->select()
#3 /home/aung/Project/Practice/laravel-pusher-chat/vendor/laravel/framework/src/Illuminate/Database/Query/Builder.php(2740): Illuminate\\Database\\Query\\Builder->runSelect()
#4 /home/aung/Project/Practice/laravel-pusher-chat/vendor/laravel/framework/src/Illuminate/Database/Query/Builder.php(3294): Illuminate\\Database\\Query\\Builder->Illuminate\\Database\\Query\\{closure}()
#5 /home/aung/Project/Practice/laravel-pusher-chat/vendor/laravel/framework/src/Illuminate/Database/Query/Builder.php(2739): Illuminate\\Database\\Query\\Builder->onceWithColumns()
#6 /home/aung/Project/Practice/laravel-pusher-chat/vendor/laravel/framework/src/Illuminate/Database/Eloquent/Builder.php(738): Illuminate\\Database\\Query\\Builder->get()
#7 /home/aung/Project/Practice/laravel-pusher-chat/vendor/laravel/framework/src/Illuminate/Database/Eloquent/Builder.php(722): Illuminate\\Database\\Eloquent\\Builder->getModels()
#8 /home/aung/Project/Practice/laravel-pusher-chat/app/Http/Controllers/ChatMessageController.php(46): Illuminate\\Database\\Eloquent\\Builder->get()
#9 /home/aung/Project/Practice/laravel-pusher-chat/vendor/laravel/framework/src/Illuminate/Routing/Controller.php(54): App\\Http\\Controllers\\ChatMessageController->index()
#10 /home/aung/Project/Practice/laravel-pusher-chat/vendor/laravel/framework/src/Illuminate/Routing/ControllerDispatcher.php(43): Illuminate\\Routing\\Controller->callAction()
#11 /home/aung/Project/Practice/laravel-pusher-chat/vendor/laravel/framework/src/Illuminate/Routing/Route.php(259): Illuminate\\Routing\\ControllerDispatcher->dispatch()
#12 /home/aung/Project/Practice/laravel-pusher-chat/vendor/laravel/framework/src/Illuminate/Routing/Route.php(205): Illuminate\\Routing\\Route->runController()
#13 /home/aung/Project/Practice/laravel-pusher-chat/vendor/laravel/framework/src/Illuminate/Routing/Router.php(806): Illuminate\\Routing\\Route->run()
#14 /home/aung/Project/Practice/laravel-pusher-chat/vendor/laravel/framework/src/Illuminate/Pipeline/Pipeline.php(144): Illuminate\\Routing\\Router->Illuminate\\Routing\\{closure}()
#15 /home/aung/Project/Practice/laravel-pusher-chat/vendor/laravel/framework/src/Illuminate/Routing/Middleware/SubstituteBindings.php(50): Illuminate\\Pipeline\\Pipeline->Illuminate\\Pipeline\\{closure}()
#16 /home/aung/Project/Practice/laravel-pusher-chat/vendor/laravel/framework/src/Illuminate/Pipeline/Pipeline.php(183): Illuminate\\Routing\\Middleware\\SubstituteBindings->handle()
#17 /home/aung/Project/Practice/laravel-pusher-chat/vendor/laravel/framework/src/Illuminate/Routing/Middleware/ThrottleRequests.php(159): Illuminate\\Pipeline\\Pipeline->Illuminate\\Pipeline\\{closure}()
#18 /home/aung/Project/Practice/laravel-pusher-chat/vendor/laravel/framework/src/Illuminate/Routing/Middleware/ThrottleRequests.php(125): Illuminate\\Routing\\Middleware\\ThrottleRequests->handleRequest()
#19 /home/aung/Project/Practice/laravel-pusher-chat/vendor/laravel/framework/src/Illuminate/Routing/Middleware/ThrottleRequests.php(87): Illuminate\\Routing\\Middleware\\ThrottleRequests->handleRequestUsingNamedLimiter()
#20 /home/aung/Project/Practice/laravel-pusher-chat/vendor/laravel/framework/src/Illuminate/Pipeline/Pipeline.php(183): Illuminate\\Routing\\Middleware\\ThrottleRequests->handle()
#21 /home/aung/Project/Practice/laravel-pusher-chat/vendor/laravel/framework/src/Illuminate/Auth/Middleware/Authenticate.php(57): Illuminate\\Pipeline\\Pipeline->Illuminate\\Pipeline\\{closure}()
#22 /home/aung/Project/Practice/laravel-pusher-chat/vendor/laravel/framework/src/Illuminate/Pipeline/Pipeline.php(183): Illuminate\\Auth\\Middleware\\Authenticate->handle()
#23 /home/aung/Project/Practice/laravel-pusher-chat/vendor/laravel/framework/src/Illuminate/Pipeline/Pipeline.php(119): Illuminate\\Pipeline\\Pipeline->Illuminate\\Pipeline\\{closure}()
#24 /home/aung/Project/Practice/laravel-pusher-chat/vendor/laravel/framework/src/Illuminate/Routing/Router.php(805): Illuminate\\Pipeline\\Pipeline->then()
#25 /home/aung/Project/Practice/laravel-pusher-chat/vendor/laravel/framework/src/Illuminate/Routing/Router.php(784): Illuminate\\Routing\\Router->runRouteWithinStack()
#26 /home/aung/Project/Practice/laravel-pusher-chat/vendor/laravel/framework/src/Illuminate/Routing/Router.php(748): Illuminate\\Routing\\Router->runRoute()
#27 /home/aung/Project/Practice/laravel-pusher-chat/vendor/laravel/framework/src/Illuminate/Routing/Router.php(737): Illuminate\\Routing\\Router->dispatchToRoute()
#28 /home/aung/Project/Practice/laravel-pusher-chat/vendor/laravel/framework/src/Illuminate/Foundation/Http/Kernel.php(200): Illuminate\\Routing\\Router->dispatch()
#29 /home/aung/Project/Practice/laravel-pusher-chat/vendor/laravel/framework/src/Illuminate/Pipeline/Pipeline.php(144): Illuminate\\Foundation\\Http\\Kernel->Illuminate\\Foundation\\Http\\{closure}()
#30 /home/aung/Project/Practice/laravel-pusher-chat/vendor/laravel/framework/src/Illuminate/Foundation/Http/Middleware/TransformsRequest.php(21): Illuminate\\Pipeline\\Pipeline->Illuminate\\Pipeline\\{closure}()
#31 /home/aung/Project/Practice/laravel-pusher-chat/vendor/laravel/framework/src/Illuminate/Foundation/Http/Middleware/ConvertEmptyStringsToNull.php(31): Illuminate\\Foundation\\Http\\Middleware\\TransformsRequest->handle()
#32 /home/aung/Project/Practice/laravel-pusher-chat/vendor/laravel/framework/src/Illuminate/Pipeline/Pipeline.php(183): Illuminate\\Foundation\\Http\\Middleware\\ConvertEmptyStringsToNull->handle()
#33 /home/aung/Project/Practice/laravel-pusher-chat/vendor/laravel/framework/src/Illuminate/Foundation/Http/Middleware/TransformsRequest.php(21): Illuminate\\Pipeline\\Pipeline->Illuminate\\Pipeline\\{closure}()
#34 /home/aung/Project/Practice/laravel-pusher-chat/vendor/laravel/framework/src/Illuminate/Foundation/Http/Middleware/TrimStrings.php(40): Illuminate\\Foundation\\Http\\Middleware\\TransformsRequest->handle()
#35 /home/aung/Project/Practice/laravel-pusher-chat/vendor/laravel/framework/src/Illuminate/Pipeline/Pipeline.php(183): Illuminate\\Foundation\\Http\\Middleware\\TrimStrings->handle()
#36 /home/aung/Project/Practice/laravel-pusher-chat/vendor/laravel/framework/src/Illuminate/Foundation/Http/Middleware/ValidatePostSize.php(27): Illuminate\\Pipeline\\Pipeline->Illuminate\\Pipeline\\{closure}()
#37 /home/aung/Project/Practice/laravel-pusher-chat/vendor/laravel/framework/src/Illuminate/Pipeline/Pipeline.php(183): Illuminate\\Foundation\\Http\\Middleware\\ValidatePostSize->handle()
#38 /home/aung/Project/Practice/laravel-pusher-chat/vendor/laravel/framework/src/Illuminate/Foundation/Http/Middleware/PreventRequestsDuringMaintenance.php(99): Illuminate\\Pipeline\\Pipeline->Illuminate\\Pipeline\\{closure}()
#39 /home/aung/Project/Practice/laravel-pusher-chat/vendor/laravel/framework/src/Illuminate/Pipeline/Pipeline.php(183): Illuminate\\Foundation\\Http\\Middleware\\PreventRequestsDuringMaintenance->handle()
#40 /home/aung/Project/Practice/laravel-pusher-chat/vendor/laravel/framework/src/Illuminate/Http/Middleware/HandleCors.php(62): Illuminate\\Pipeline\\Pipeline->Illuminate\\Pipeline\\{closure}()
#41 /home/aung/Project/Practice/laravel-pusher-chat/vendor/laravel/framework/src/Illuminate/Pipeline/Pipeline.php(183): Illuminate\\Http\\Middleware\\HandleCors->handle()
#42 /home/aung/Project/Practice/laravel-pusher-chat/vendor/laravel/framework/src/Illuminate/Http/Middleware/TrustProxies.php(39): Illuminate\\Pipeline\\Pipeline->Illuminate\\Pipeline\\{closure}()
#43 /home/aung/Project/Practice/laravel-pusher-chat/vendor/laravel/framework/src/Illuminate/Pipeline/Pipeline.php(183): Illuminate\\Http\\Middleware\\TrustProxies->handle()
#44 /home/aung/Project/Practice/laravel-pusher-chat/vendor/laravel/framework/src/Illuminate/Pipeline/Pipeline.php(119): Illuminate\\Pipeline\\Pipeline->Illuminate\\Pipeline\\{closure}()
#45 /home/aung/Project/Practice/laravel-pusher-chat/vendor/laravel/framework/src/Illuminate/Foundation/Http/Kernel.php(175): Illuminate\\Pipeline\\Pipeline->then()
#46 /home/aung/Project/Practice/laravel-pusher-chat/vendor/laravel/framework/src/Illuminate/Foundation/Http/Kernel.php(144): Illuminate\\Foundation\\Http\\Kernel->sendRequestThroughRouter()
#47 /home/aung/Project/Practice/laravel-pusher-chat/public/index.php(51): Illuminate\\Foundation\\Http\\Kernel->handle()
#48 /home/aung/Project/Practice/laravel-pusher-chat/vendor/laravel/framework/src/Illuminate/Foundation/resources/server.php(16): require_once('...')
#49 {main}

[previous exception] [object] (PDOException(code: 42000): SQLSTATE[42000]: Syntax error or access violation: 1055 Expression #1 of SELECT list is not in GROUP BY clause and contains nonaggregated column 'chat.chat_messages.id' which is not functionally dependent on columns in GROUP BY clause; this is incompatible with sql_mode=only_full_group_by at /home/aung/Project/Practice/laravel-pusher-chat/vendor/laravel/framework/src/Illuminate/Database/Connection.php:423)
[stacktrace]
#0 /home/aung/Project/Practice/laravel-pusher-chat/vendor/laravel/framework/src/Illuminate/Database/Connection.php(423): PDO->prepare()
#1 /home/aung/Project/Practice/laravel-pusher-chat/vendor/laravel/framework/src/Illuminate/Database/Connection.php(816): Illuminate\\Database\\Connection->Illuminate\\Database\\{closure}()
#2 /home/aung/Project/Practice/laravel-pusher-chat/vendor/laravel/framework/src/Illuminate/Database/Connection.php(783): Illuminate\\Database\\Connection->runQueryCallback()
#3 /home/aung/Project/Practice/laravel-pusher-chat/vendor/laravel/framework/src/Illuminate/Database/Connection.php(414): Illuminate\\Database\\Connection->run()
#4 /home/aung/Project/Practice/laravel-pusher-chat/vendor/laravel/framework/src/Illuminate/Database/Query/Builder.php(2751): Illuminate\\Database\\Connection->select()
#5 /home/aung/Project/Practice/laravel-pusher-chat/vendor/laravel/framework/src/Illuminate/Database/Query/Builder.php(2740): Illuminate\\Database\\Query\\Builder->runSelect()
#6 /home/aung/Project/Practice/laravel-pusher-chat/vendor/laravel/framework/src/Illuminate/Database/Query/Builder.php(3294): Illuminate\\Database\\Query\\Builder->Illuminate\\Database\\Query\\{closure}()
#7 /home/aung/Project/Practice/laravel-pusher-chat/vendor/laravel/framework/src/Illuminate/Database/Query/Builder.php(2739): Illuminate\\Database\\Query\\Builder->onceWithColumns()
#8 /home/aung/Project/Practice/laravel-pusher-chat/vendor/laravel/framework/src/Illuminate/Database/Eloquent/Builder.php(738): Illuminate\\Database\\Query\\Builder->get()
#9 /home/aung/Project/Practice/laravel-pusher-chat/vendor/laravel/framework/src/Illuminate/Database/Eloquent/Builder.php(722): Illuminate\\Database\\Eloquent\\Builder->getModels()
#10 /home/aung/Project/Practice/laravel-pusher-chat/app/Http/Controllers/ChatMessageController.php(46): Illuminate\\Database\\Eloquent\\Builder->get()
#11 /home/aung/Project/Practice/laravel-pusher-chat/vendor/laravel/framework/src/Illuminate/Routing/Controller.php(54): App\\Http\\Controllers\\ChatMessageController->index()
#12 /home/aung/Project/Practice/laravel-pusher-chat/vendor/laravel/framework/src/Illuminate/Routing/ControllerDispatcher.php(43): Illuminate\\Routing\\Controller->callAction()
#13 /home/aung/Project/Practice/laravel-pusher-chat/vendor/laravel/framework/src/Illuminate/Routing/Route.php(259): Illuminate\\Routing\\ControllerDispatcher->dispatch()
#14 /home/aung/Project/Practice/laravel-pusher-chat/vendor/laravel/framework/src/Illuminate/Routing/Route.php(205): Illuminate\\Routing\\Route->runController()
#15 /home/aung/Project/Practice/laravel-pusher-chat/vendor/laravel/framework/src/Illuminate/Routing/Router.php(806): Illuminate\\Routing\\Route->run()
#16 /home/aung/Project/Practice/laravel-pusher-chat/vendor/laravel/framework/src/Illuminate/Pipeline/Pipeline.php(144): Illuminate\\Routing\\Router->Illuminate\\Routing\\{closure}()
#17 /home/aung/Project/Practice/laravel-pusher-chat/vendor/laravel/framework/src/Illuminate/Routing/Middleware/SubstituteBindings.php(50): Illuminate\\Pipeline\\Pipeline->Illuminate\\Pipeline\\{closure}()
#18 /home/aung/Project/Practice/laravel-pusher-chat/vendor/laravel/framework/src/Illuminate/Pipeline/Pipeline.php(183): Illuminate\\Routing\\Middleware\\SubstituteBindings->handle()
#19 /home/aung/Project/Practice/laravel-pusher-chat/vendor/laravel/framework/src/Illuminate/Routing/Middleware/ThrottleRequests.php(159): Illuminate\\Pipeline\\Pipeline->Illuminate\\Pipeline\\{closure}()
#20 /home/aung/Project/Practice/laravel-pusher-chat/vendor/laravel/framework/src/Illuminate/Routing/Middleware/ThrottleRequests.php(125): Illuminate\\Routing\\Middleware\\ThrottleRequests->handleRequest()
#21 /home/aung/Project/Practice/laravel-pusher-chat/vendor/laravel/framework/src/Illuminate/Routing/Middleware/ThrottleRequests.php(87): Illuminate\\Routing\\Middleware\\ThrottleRequests->handleRequestUsingNamedLimiter()
#22 /home/aung/Project/Practice/laravel-pusher-chat/vendor/laravel/framework/src/Illuminate/Pipeline/Pipeline.php(183): Illuminate\\Routing\\Middleware\\ThrottleRequests->handle()
#23 /home/aung/Project/Practice/laravel-pusher-chat/vendor/laravel/framework/src/Illuminate/Auth/Middleware/Authenticate.php(57): Illuminate\\Pipeline\\Pipeline->Illuminate\\Pipeline\\{closure}()
#24 /home/aung/Project/Practice/laravel-pusher-chat/vendor/laravel/framework/src/Illuminate/Pipeline/Pipeline.php(183): Illuminate\\Auth\\Middleware\\Authenticate->handle()
#25 /home/aung/Project/Practice/laravel-pusher-chat/vendor/laravel/framework/src/Illuminate/Pipeline/Pipeline.php(119): Illuminate\\Pipeline\\Pipeline->Illuminate\\Pipeline\\{closure}()
#26 /home/aung/Project/Practice/laravel-pusher-chat/vendor/laravel/framework/src/Illuminate/Routing/Router.php(805): Illuminate\\Pipeline\\Pipeline->then()
#27 /home/aung/Project/Practice/laravel-pusher-chat/vendor/laravel/framework/src/Illuminate/Routing/Router.php(784): Illuminate\\Routing\\Router->runRouteWithinStack()
#28 /home/aung/Project/Practice/laravel-pusher-chat/vendor/laravel/framework/src/Illuminate/Routing/Router.php(748): Illuminate\\Routing\\Router->runRoute()
#29 /home/aung/Project/Practice/laravel-pusher-chat/vendor/laravel/framework/src/Illuminate/Routing/Router.php(737): Illuminate\\Routing\\Router->dispatchToRoute()
#30 /home/aung/Project/Practice/laravel-pusher-chat/vendor/laravel/framework/src/Illuminate/Foundation/Http/Kernel.php(200): Illuminate\\Routing\\Router->dispatch()
#31 /home/aung/Project/Practice/laravel-pusher-chat/vendor/laravel/framework/src/Illuminate/Pipeline/Pipeline.php(144): Illuminate\\Foundation\\Http\\Kernel->Illuminate\\Foundation\\Http\\{closure}()
#32 /home/aung/Project/Practice/laravel-pusher-chat/vendor/laravel/framework/src/Illuminate/Foundation/Http/Middleware/TransformsRequest.php(21): Illuminate\\Pipeline\\Pipeline->Illuminate\\Pipeline\\{closure}()
#33 /home/aung/Project/Practice/laravel-pusher-chat/vendor/laravel/framework/src/Illuminate/Foundation/Http/Middleware/ConvertEmptyStringsToNull.php(31): Illuminate\\Foundation\\Http\\Middleware\\TransformsRequest->handle()
#34 /home/aung/Project/Practice/laravel-pusher-chat/vendor/laravel/framework/src/Illuminate/Pipeline/Pipeline.php(183): Illuminate\\Foundation\\Http\\Middleware\\ConvertEmptyStringsToNull->handle()
#35 /home/aung/Project/Practice/laravel-pusher-chat/vendor/laravel/framework/src/Illuminate/Foundation/Http/Middleware/TransformsRequest.php(21): Illuminate\\Pipeline\\Pipeline->Illuminate\\Pipeline\\{closure}()
#36 /home/aung/Project/Practice/laravel-pusher-chat/vendor/laravel/framework/src/Illuminate/Foundation/Http/Middleware/TrimStrings.php(40): Illuminate\\Foundation\\Http\\Middleware\\TransformsRequest->handle()
#37 /home/aung/Project/Practice/laravel-pusher-chat/vendor/laravel/framework/src/Illuminate/Pipeline/Pipeline.php(183): Illuminate\\Foundation\\Http\\Middleware\\TrimStrings->handle()
#38 /home/aung/Project/Practice/laravel-pusher-chat/vendor/laravel/framework/src/Illuminate/Foundation/Http/Middleware/ValidatePostSize.php(27): Illuminate\\Pipeline\\Pipeline->Illuminate\\Pipeline\\{closure}()
#39 /home/aung/Project/Practice/laravel-pusher-chat/vendor/laravel/framework/src/Illuminate/Pipeline/Pipeline.php(183): Illuminate\\Foundation\\Http\\Middleware\\ValidatePostSize->handle()
#40 /home/aung/Project/Practice/laravel-pusher-chat/vendor/laravel/framework/src/Illuminate/Foundation/Http/Middleware/PreventRequestsDuringMaintenance.php(99): Illuminate\\Pipeline\\Pipeline->Illuminate\\Pipeline\\{closure}()
#41 /home/aung/Project/Practice/laravel-pusher-chat/vendor/laravel/framework/src/Illuminate/Pipeline/Pipeline.php(183): Illuminate\\Foundation\\Http\\Middleware\\PreventRequestsDuringMaintenance->handle()
#42 /home/aung/Project/Practice/laravel-pusher-chat/vendor/laravel/framework/src/Illuminate/Http/Middleware/HandleCors.php(62): Illuminate\\Pipeline\\Pipeline->Illuminate\\Pipeline\\{closure}()
#43 /home/aung/Project/Practice/laravel-pusher-chat/vendor/laravel/framework/src/Illuminate/Pipeline/Pipeline.php(183): Illuminate\\Http\\Middleware\\HandleCors->handle()
#44 /home/aung/Project/Practice/laravel-pusher-chat/vendor/laravel/framework/src/Illuminate/Http/Middleware/TrustProxies.php(39): Illuminate\\Pipeline\\Pipeline->Illuminate\\Pipeline\\{closure}()
#45 /home/aung/Project/Practice/laravel-pusher-chat/vendor/laravel/framework/src/Illuminate/Pipeline/Pipeline.php(183): Illuminate\\Http\\Middleware\\TrustProxies->handle()
#46 /home/aung/Project/Practice/laravel-pusher-chat/vendor/laravel/framework/src/Illuminate/Pipeline/Pipeline.php(119): Illuminate\\Pipeline\\Pipeline->Illuminate\\Pipeline\\{closure}()
#47 /home/aung/Project/Practice/laravel-pusher-chat/vendor/laravel/framework/src/Illuminate/Foundation/Http/Kernel.php(175): Illuminate\\Pipeline\\Pipeline->then()
#48 /home/aung/Project/Practice/laravel-pusher-chat/vendor/laravel/framework/src/Illuminate/Foundation/Http/Kernel.php(144): Illuminate\\Foundation\\Http\\Kernel->sendRequestThroughRouter()
#49 /home/aung/Project/Practice/laravel-pusher-chat/public/index.php(51): Illuminate\\Foundation\\Http\\Kernel->handle()
#50 /home/aung/Project/Practice/laravel-pusher-chat/vendor/laravel/framework/src/Illuminate/Foundation/resources/server.php(16): require_once('...')
#51 {main}
"} 
[2024-02-29 03:34:53] local.ERROR: SQLSTATE[42000]: Syntax error or access violation: 1055 Expression #1 of SELECT list is not in GROUP BY clause and contains nonaggregated column 'chat.chat_messages.id' which is not functionally dependent on columns in GROUP BY clause; this is incompatible with sql_mode=only_full_group_by (Connection: mysql, SQL: select * from `chat_messages` where `chat_id` = 3 and (`user_id` = 1 or `user_id` = 3) group by `created_at` order by `id` asc) {"userId":1,"exception":"[object] (Illuminate\\Database\\QueryException(code: 42000): SQLSTATE[42000]: Syntax error or access violation: 1055 Expression #1 of SELECT list is not in GROUP BY clause and contains nonaggregated column 'chat.chat_messages.id' which is not functionally dependent on columns in GROUP BY clause; this is incompatible with sql_mode=only_full_group_by (Connection: mysql, SQL: select * from `chat_messages` where `chat_id` = 3 and (`user_id` = 1 or `user_id` = 3) group by `created_at` order by `id` asc) at /home/aung/Project/Practice/laravel-pusher-chat/vendor/laravel/framework/src/Illuminate/Database/Connection.php:829)
[stacktrace]
#0 /home/aung/Project/Practice/laravel-pusher-chat/vendor/laravel/framework/src/Illuminate/Database/Connection.php(783): Illuminate\\Database\\Connection->runQueryCallback()
#1 /home/aung/Project/Practice/laravel-pusher-chat/vendor/laravel/framework/src/Illuminate/Database/Connection.php(414): Illuminate\\Database\\Connection->run()
#2 /home/aung/Project/Practice/laravel-pusher-chat/vendor/laravel/framework/src/Illuminate/Database/Query/Builder.php(2751): Illuminate\\Database\\Connection->select()
#3 /home/aung/Project/Practice/laravel-pusher-chat/vendor/laravel/framework/src/Illuminate/Database/Query/Builder.php(2740): Illuminate\\Database\\Query\\Builder->runSelect()
#4 /home/aung/Project/Practice/laravel-pusher-chat/vendor/laravel/framework/src/Illuminate/Database/Query/Builder.php(3294): Illuminate\\Database\\Query\\Builder->Illuminate\\Database\\Query\\{closure}()
#5 /home/aung/Project/Practice/laravel-pusher-chat/vendor/laravel/framework/src/Illuminate/Database/Query/Builder.php(2739): Illuminate\\Database\\Query\\Builder->onceWithColumns()
#6 /home/aung/Project/Practice/laravel-pusher-chat/vendor/laravel/framework/src/Illuminate/Database/Eloquent/Builder.php(738): Illuminate\\Database\\Query\\Builder->get()
#7 /home/aung/Project/Practice/laravel-pusher-chat/vendor/laravel/framework/src/Illuminate/Database/Eloquent/Builder.php(722): Illuminate\\Database\\Eloquent\\Builder->getModels()
#8 /home/aung/Project/Practice/laravel-pusher-chat/app/Http/Controllers/ChatMessageController.php(46): Illuminate\\Database\\Eloquent\\Builder->get()
#9 /home/aung/Project/Practice/laravel-pusher-chat/vendor/laravel/framework/src/Illuminate/Routing/Controller.php(54): App\\Http\\Controllers\\ChatMessageController->index()
#10 /home/aung/Project/Practice/laravel-pusher-chat/vendor/laravel/framework/src/Illuminate/Routing/ControllerDispatcher.php(43): Illuminate\\Routing\\Controller->callAction()
#11 /home/aung/Project/Practice/laravel-pusher-chat/vendor/laravel/framework/src/Illuminate/Routing/Route.php(259): Illuminate\\Routing\\ControllerDispatcher->dispatch()
#12 /home/aung/Project/Practice/laravel-pusher-chat/vendor/laravel/framework/src/Illuminate/Routing/Route.php(205): Illuminate\\Routing\\Route->runController()
#13 /home/aung/Project/Practice/laravel-pusher-chat/vendor/laravel/framework/src/Illuminate/Routing/Router.php(806): Illuminate\\Routing\\Route->run()
#14 /home/aung/Project/Practice/laravel-pusher-chat/vendor/laravel/framework/src/Illuminate/Pipeline/Pipeline.php(144): Illuminate\\Routing\\Router->Illuminate\\Routing\\{closure}()
#15 /home/aung/Project/Practice/laravel-pusher-chat/vendor/laravel/framework/src/Illuminate/Routing/Middleware/SubstituteBindings.php(50): Illuminate\\Pipeline\\Pipeline->Illuminate\\Pipeline\\{closure}()
#16 /home/aung/Project/Practice/laravel-pusher-chat/vendor/laravel/framework/src/Illuminate/Pipeline/Pipeline.php(183): Illuminate\\Routing\\Middleware\\SubstituteBindings->handle()
#17 /home/aung/Project/Practice/laravel-pusher-chat/vendor/laravel/framework/src/Illuminate/Routing/Middleware/ThrottleRequests.php(159): Illuminate\\Pipeline\\Pipeline->Illuminate\\Pipeline\\{closure}()
#18 /home/aung/Project/Practice/laravel-pusher-chat/vendor/laravel/framework/src/Illuminate/Routing/Middleware/ThrottleRequests.php(125): Illuminate\\Routing\\Middleware\\ThrottleRequests->handleRequest()
#19 /home/aung/Project/Practice/laravel-pusher-chat/vendor/laravel/framework/src/Illuminate/Routing/Middleware/ThrottleRequests.php(87): Illuminate\\Routing\\Middleware\\ThrottleRequests->handleRequestUsingNamedLimiter()
#20 /home/aung/Project/Practice/laravel-pusher-chat/vendor/laravel/framework/src/Illuminate/Pipeline/Pipeline.php(183): Illuminate\\Routing\\Middleware\\ThrottleRequests->handle()
#21 /home/aung/Project/Practice/laravel-pusher-chat/vendor/laravel/framework/src/Illuminate/Auth/Middleware/Authenticate.php(57): Illuminate\\Pipeline\\Pipeline->Illuminate\\Pipeline\\{closure}()
#22 /home/aung/Project/Practice/laravel-pusher-chat/vendor/laravel/framework/src/Illuminate/Pipeline/Pipeline.php(183): Illuminate\\Auth\\Middleware\\Authenticate->handle()
#23 /home/aung/Project/Practice/laravel-pusher-chat/vendor/laravel/framework/src/Illuminate/Pipeline/Pipeline.php(119): Illuminate\\Pipeline\\Pipeline->Illuminate\\Pipeline\\{closure}()
#24 /home/aung/Project/Practice/laravel-pusher-chat/vendor/laravel/framework/src/Illuminate/Routing/Router.php(805): Illuminate\\Pipeline\\Pipeline->then()
#25 /home/aung/Project/Practice/laravel-pusher-chat/vendor/laravel/framework/src/Illuminate/Routing/Router.php(784): Illuminate\\Routing\\Router->runRouteWithinStack()
#26 /home/aung/Project/Practice/laravel-pusher-chat/vendor/laravel/framework/src/Illuminate/Routing/Router.php(748): Illuminate\\Routing\\Router->runRoute()
#27 /home/aung/Project/Practice/laravel-pusher-chat/vendor/laravel/framework/src/Illuminate/Routing/Router.php(737): Illuminate\\Routing\\Router->dispatchToRoute()
#28 /home/aung/Project/Practice/laravel-pusher-chat/vendor/laravel/framework/src/Illuminate/Foundation/Http/Kernel.php(200): Illuminate\\Routing\\Router->dispatch()
#29 /home/aung/Project/Practice/laravel-pusher-chat/vendor/laravel/framework/src/Illuminate/Pipeline/Pipeline.php(144): Illuminate\\Foundation\\Http\\Kernel->Illuminate\\Foundation\\Http\\{closure}()
#30 /home/aung/Project/Practice/laravel-pusher-chat/vendor/laravel/framework/src/Illuminate/Foundation/Http/Middleware/TransformsRequest.php(21): Illuminate\\Pipeline\\Pipeline->Illuminate\\Pipeline\\{closure}()
#31 /home/aung/Project/Practice/laravel-pusher-chat/vendor/laravel/framework/src/Illuminate/Foundation/Http/Middleware/ConvertEmptyStringsToNull.php(31): Illuminate\\Foundation\\Http\\Middleware\\TransformsRequest->handle()
#32 /home/aung/Project/Practice/laravel-pusher-chat/vendor/laravel/framework/src/Illuminate/Pipeline/Pipeline.php(183): Illuminate\\Foundation\\Http\\Middleware\\ConvertEmptyStringsToNull->handle()
#33 /home/aung/Project/Practice/laravel-pusher-chat/vendor/laravel/framework/src/Illuminate/Foundation/Http/Middleware/TransformsRequest.php(21): Illuminate\\Pipeline\\Pipeline->Illuminate\\Pipeline\\{closure}()
#34 /home/aung/Project/Practice/laravel-pusher-chat/vendor/laravel/framework/src/Illuminate/Foundation/Http/Middleware/TrimStrings.php(40): Illuminate\\Foundation\\Http\\Middleware\\TransformsRequest->handle()
#35 /home/aung/Project/Practice/laravel-pusher-chat/vendor/laravel/framework/src/Illuminate/Pipeline/Pipeline.php(183): Illuminate\\Foundation\\Http\\Middleware\\TrimStrings->handle()
#36 /home/aung/Project/Practice/laravel-pusher-chat/vendor/laravel/framework/src/Illuminate/Foundation/Http/Middleware/ValidatePostSize.php(27): Illuminate\\Pipeline\\Pipeline->Illuminate\\Pipeline\\{closure}()
#37 /home/aung/Project/Practice/laravel-pusher-chat/vendor/laravel/framework/src/Illuminate/Pipeline/Pipeline.php(183): Illuminate\\Foundation\\Http\\Middleware\\ValidatePostSize->handle()
#38 /home/aung/Project/Practice/laravel-pusher-chat/vendor/laravel/framework/src/Illuminate/Foundation/Http/Middleware/PreventRequestsDuringMaintenance.php(99): Illuminate\\Pipeline\\Pipeline->Illuminate\\Pipeline\\{closure}()
#39 /home/aung/Project/Practice/laravel-pusher-chat/vendor/laravel/framework/src/Illuminate/Pipeline/Pipeline.php(183): Illuminate\\Foundation\\Http\\Middleware\\PreventRequestsDuringMaintenance->handle()
#40 /home/aung/Project/Practice/laravel-pusher-chat/vendor/laravel/framework/src/Illuminate/Http/Middleware/HandleCors.php(62): Illuminate\\Pipeline\\Pipeline->Illuminate\\Pipeline\\{closure}()
#41 /home/aung/Project/Practice/laravel-pusher-chat/vendor/laravel/framework/src/Illuminate/Pipeline/Pipeline.php(183): Illuminate\\Http\\Middleware\\HandleCors->handle()
#42 /home/aung/Project/Practice/laravel-pusher-chat/vendor/laravel/framework/src/Illuminate/Http/Middleware/TrustProxies.php(39): Illuminate\\Pipeline\\Pipeline->Illuminate\\Pipeline\\{closure}()
#43 /home/aung/Project/Practice/laravel-pusher-chat/vendor/laravel/framework/src/Illuminate/Pipeline/Pipeline.php(183): Illuminate\\Http\\Middleware\\TrustProxies->handle()
#44 /home/aung/Project/Practice/laravel-pusher-chat/vendor/laravel/framework/src/Illuminate/Pipeline/Pipeline.php(119): Illuminate\\Pipeline\\Pipeline->Illuminate\\Pipeline\\{closure}()
#45 /home/aung/Project/Practice/laravel-pusher-chat/vendor/laravel/framework/src/Illuminate/Foundation/Http/Kernel.php(175): Illuminate\\Pipeline\\Pipeline->then()
#46 /home/aung/Project/Practice/laravel-pusher-chat/vendor/laravel/framework/src/Illuminate/Foundation/Http/Kernel.php(144): Illuminate\\Foundation\\Http\\Kernel->sendRequestThroughRouter()
#47 /home/aung/Project/Practice/laravel-pusher-chat/public/index.php(51): Illuminate\\Foundation\\Http\\Kernel->handle()
#48 /home/aung/Project/Practice/laravel-pusher-chat/vendor/laravel/framework/src/Illuminate/Foundation/resources/server.php(16): require_once('...')
#49 {main}

[previous exception] [object] (PDOException(code: 42000): SQLSTATE[42000]: Syntax error or access violation: 1055 Expression #1 of SELECT list is not in GROUP BY clause and contains nonaggregated column 'chat.chat_messages.id' which is not functionally dependent on columns in GROUP BY clause; this is incompatible with sql_mode=only_full_group_by at /home/aung/Project/Practice/laravel-pusher-chat/vendor/laravel/framework/src/Illuminate/Database/Connection.php:423)
[stacktrace]
#0 /home/aung/Project/Practice/laravel-pusher-chat/vendor/laravel/framework/src/Illuminate/Database/Connection.php(423): PDO->prepare()
#1 /home/aung/Project/Practice/laravel-pusher-chat/vendor/laravel/framework/src/Illuminate/Database/Connection.php(816): Illuminate\\Database\\Connection->Illuminate\\Database\\{closure}()
#2 /home/aung/Project/Practice/laravel-pusher-chat/vendor/laravel/framework/src/Illuminate/Database/Connection.php(783): Illuminate\\Database\\Connection->runQueryCallback()
#3 /home/aung/Project/Practice/laravel-pusher-chat/vendor/laravel/framework/src/Illuminate/Database/Connection.php(414): Illuminate\\Database\\Connection->run()
#4 /home/aung/Project/Practice/laravel-pusher-chat/vendor/laravel/framework/src/Illuminate/Database/Query/Builder.php(2751): Illuminate\\Database\\Connection->select()
#5 /home/aung/Project/Practice/laravel-pusher-chat/vendor/laravel/framework/src/Illuminate/Database/Query/Builder.php(2740): Illuminate\\Database\\Query\\Builder->runSelect()
#6 /home/aung/Project/Practice/laravel-pusher-chat/vendor/laravel/framework/src/Illuminate/Database/Query/Builder.php(3294): Illuminate\\Database\\Query\\Builder->Illuminate\\Database\\Query\\{closure}()
#7 /home/aung/Project/Practice/laravel-pusher-chat/vendor/laravel/framework/src/Illuminate/Database/Query/Builder.php(2739): Illuminate\\Database\\Query\\Builder->onceWithColumns()
#8 /home/aung/Project/Practice/laravel-pusher-chat/vendor/laravel/framework/src/Illuminate/Database/Eloquent/Builder.php(738): Illuminate\\Database\\Query\\Builder->get()
#9 /home/aung/Project/Practice/laravel-pusher-chat/vendor/laravel/framework/src/Illuminate/Database/Eloquent/Builder.php(722): Illuminate\\Database\\Eloquent\\Builder->getModels()
#10 /home/aung/Project/Practice/laravel-pusher-chat/app/Http/Controllers/ChatMessageController.php(46): Illuminate\\Database\\Eloquent\\Builder->get()
#11 /home/aung/Project/Practice/laravel-pusher-chat/vendor/laravel/framework/src/Illuminate/Routing/Controller.php(54): App\\Http\\Controllers\\ChatMessageController->index()
#12 /home/aung/Project/Practice/laravel-pusher-chat/vendor/laravel/framework/src/Illuminate/Routing/ControllerDispatcher.php(43): Illuminate\\Routing\\Controller->callAction()
#13 /home/aung/Project/Practice/laravel-pusher-chat/vendor/laravel/framework/src/Illuminate/Routing/Route.php(259): Illuminate\\Routing\\ControllerDispatcher->dispatch()
#14 /home/aung/Project/Practice/laravel-pusher-chat/vendor/laravel/framework/src/Illuminate/Routing/Route.php(205): Illuminate\\Routing\\Route->runController()
#15 /home/aung/Project/Practice/laravel-pusher-chat/vendor/laravel/framework/src/Illuminate/Routing/Router.php(806): Illuminate\\Routing\\Route->run()
#16 /home/aung/Project/Practice/laravel-pusher-chat/vendor/laravel/framework/src/Illuminate/Pipeline/Pipeline.php(144): Illuminate\\Routing\\Router->Illuminate\\Routing\\{closure}()
#17 /home/aung/Project/Practice/laravel-pusher-chat/vendor/laravel/framework/src/Illuminate/Routing/Middleware/SubstituteBindings.php(50): Illuminate\\Pipeline\\Pipeline->Illuminate\\Pipeline\\{closure}()
#18 /home/aung/Project/Practice/laravel-pusher-chat/vendor/laravel/framework/src/Illuminate/Pipeline/Pipeline.php(183): Illuminate\\Routing\\Middleware\\SubstituteBindings->handle()
#19 /home/aung/Project/Practice/laravel-pusher-chat/vendor/laravel/framework/src/Illuminate/Routing/Middleware/ThrottleRequests.php(159): Illuminate\\Pipeline\\Pipeline->Illuminate\\Pipeline\\{closure}()
#20 /home/aung/Project/Practice/laravel-pusher-chat/vendor/laravel/framework/src/Illuminate/Routing/Middleware/ThrottleRequests.php(125): Illuminate\\Routing\\Middleware\\ThrottleRequests->handleRequest()
#21 /home/aung/Project/Practice/laravel-pusher-chat/vendor/laravel/framework/src/Illuminate/Routing/Middleware/ThrottleRequests.php(87): Illuminate\\Routing\\Middleware\\ThrottleRequests->handleRequestUsingNamedLimiter()
#22 /home/aung/Project/Practice/laravel-pusher-chat/vendor/laravel/framework/src/Illuminate/Pipeline/Pipeline.php(183): Illuminate\\Routing\\Middleware\\ThrottleRequests->handle()
#23 /home/aung/Project/Practice/laravel-pusher-chat/vendor/laravel/framework/src/Illuminate/Auth/Middleware/Authenticate.php(57): Illuminate\\Pipeline\\Pipeline->Illuminate\\Pipeline\\{closure}()
#24 /home/aung/Project/Practice/laravel-pusher-chat/vendor/laravel/framework/src/Illuminate/Pipeline/Pipeline.php(183): Illuminate\\Auth\\Middleware\\Authenticate->handle()
#25 /home/aung/Project/Practice/laravel-pusher-chat/vendor/laravel/framework/src/Illuminate/Pipeline/Pipeline.php(119): Illuminate\\Pipeline\\Pipeline->Illuminate\\Pipeline\\{closure}()
#26 /home/aung/Project/Practice/laravel-pusher-chat/vendor/laravel/framework/src/Illuminate/Routing/Router.php(805): Illuminate\\Pipeline\\Pipeline->then()
#27 /home/aung/Project/Practice/laravel-pusher-chat/vendor/laravel/framework/src/Illuminate/Routing/Router.php(784): Illuminate\\Routing\\Router->runRouteWithinStack()
#28 /home/aung/Project/Practice/laravel-pusher-chat/vendor/laravel/framework/src/Illuminate/Routing/Router.php(748): Illuminate\\Routing\\Router->runRoute()
#29 /home/aung/Project/Practice/laravel-pusher-chat/vendor/laravel/framework/src/Illuminate/Routing/Router.php(737): Illuminate\\Routing\\Router->dispatchToRoute()
#30 /home/aung/Project/Practice/laravel-pusher-chat/vendor/laravel/framework/src/Illuminate/Foundation/Http/Kernel.php(200): Illuminate\\Routing\\Router->dispatch()
#31 /home/aung/Project/Practice/laravel-pusher-chat/vendor/laravel/framework/src/Illuminate/Pipeline/Pipeline.php(144): Illuminate\\Foundation\\Http\\Kernel->Illuminate\\Foundation\\Http\\{closure}()
#32 /home/aung/Project/Practice/laravel-pusher-chat/vendor/laravel/framework/src/Illuminate/Foundation/Http/Middleware/TransformsRequest.php(21): Illuminate\\Pipeline\\Pipeline->Illuminate\\Pipeline\\{closure}()
#33 /home/aung/Project/Practice/laravel-pusher-chat/vendor/laravel/framework/src/Illuminate/Foundation/Http/Middleware/ConvertEmptyStringsToNull.php(31): Illuminate\\Foundation\\Http\\Middleware\\TransformsRequest->handle()
#34 /home/aung/Project/Practice/laravel-pusher-chat/vendor/laravel/framework/src/Illuminate/Pipeline/Pipeline.php(183): Illuminate\\Foundation\\Http\\Middleware\\ConvertEmptyStringsToNull->handle()
#35 /home/aung/Project/Practice/laravel-pusher-chat/vendor/laravel/framework/src/Illuminate/Foundation/Http/Middleware/TransformsRequest.php(21): Illuminate\\Pipeline\\Pipeline->Illuminate\\Pipeline\\{closure}()
#36 /home/aung/Project/Practice/laravel-pusher-chat/vendor/laravel/framework/src/Illuminate/Foundation/Http/Middleware/TrimStrings.php(40): Illuminate\\Foundation\\Http\\Middleware\\TransformsRequest->handle()
#37 /home/aung/Project/Practice/laravel-pusher-chat/vendor/laravel/framework/src/Illuminate/Pipeline/Pipeline.php(183): Illuminate\\Foundation\\Http\\Middleware\\TrimStrings->handle()
#38 /home/aung/Project/Practice/laravel-pusher-chat/vendor/laravel/framework/src/Illuminate/Foundation/Http/Middleware/ValidatePostSize.php(27): Illuminate\\Pipeline\\Pipeline->Illuminate\\Pipeline\\{closure}()
#39 /home/aung/Project/Practice/laravel-pusher-chat/vendor/laravel/framework/src/Illuminate/Pipeline/Pipeline.php(183): Illuminate\\Foundation\\Http\\Middleware\\ValidatePostSize->handle()
#40 /home/aung/Project/Practice/laravel-pusher-chat/vendor/laravel/framework/src/Illuminate/Foundation/Http/Middleware/PreventRequestsDuringMaintenance.php(99): Illuminate\\Pipeline\\Pipeline->Illuminate\\Pipeline\\{closure}()
#41 /home/aung/Project/Practice/laravel-pusher-chat/vendor/laravel/framework/src/Illuminate/Pipeline/Pipeline.php(183): Illuminate\\Foundation\\Http\\Middleware\\PreventRequestsDuringMaintenance->handle()
#42 /home/aung/Project/Practice/laravel-pusher-chat/vendor/laravel/framework/src/Illuminate/Http/Middleware/HandleCors.php(62): Illuminate\\Pipeline\\Pipeline->Illuminate\\Pipeline\\{closure}()
#43 /home/aung/Project/Practice/laravel-pusher-chat/vendor/laravel/framework/src/Illuminate/Pipeline/Pipeline.php(183): Illuminate\\Http\\Middleware\\HandleCors->handle()
#44 /home/aung/Project/Practice/laravel-pusher-chat/vendor/laravel/framework/src/Illuminate/Http/Middleware/TrustProxies.php(39): Illuminate\\Pipeline\\Pipeline->Illuminate\\Pipeline\\{closure}()
#45 /home/aung/Project/Practice/laravel-pusher-chat/vendor/laravel/framework/src/Illuminate/Pipeline/Pipeline.php(183): Illuminate\\Http\\Middleware\\TrustProxies->handle()
#46 /home/aung/Project/Practice/laravel-pusher-chat/vendor/laravel/framework/src/Illuminate/Pipeline/Pipeline.php(119): Illuminate\\Pipeline\\Pipeline->Illuminate\\Pipeline\\{closure}()
#47 /home/aung/Project/Practice/laravel-pusher-chat/vendor/laravel/framework/src/Illuminate/Foundation/Http/Kernel.php(175): Illuminate\\Pipeline\\Pipeline->then()
#48 /home/aung/Project/Practice/laravel-pusher-chat/vendor/laravel/framework/src/Illuminate/Foundation/Http/Kernel.php(144): Illuminate\\Foundation\\Http\\Kernel->sendRequestThroughRouter()
#49 /home/aung/Project/Practice/laravel-pusher-chat/public/index.php(51): Illuminate\\Foundation\\Http\\Kernel->handle()
#50 /home/aung/Project/Practice/laravel-pusher-chat/vendor/laravel/framework/src/Illuminate/Foundation/resources/server.php(16): require_once('...')
#51 {main}
"} 
[2024-02-29 03:34:54] local.ERROR: SQLSTATE[42000]: Syntax error or access violation: 1055 Expression #1 of SELECT list is not in GROUP BY clause and contains nonaggregated column 'chat.chat_messages.id' which is not functionally dependent on columns in GROUP BY clause; this is incompatible with sql_mode=only_full_group_by (Connection: mysql, SQL: select * from `chat_messages` where `chat_id` = 5 and (`user_id` = 1 or `user_id` = 6) group by `created_at` order by `id` asc) {"userId":1,"exception":"[object] (Illuminate\\Database\\QueryException(code: 42000): SQLSTATE[42000]: Syntax error or access violation: 1055 Expression #1 of SELECT list is not in GROUP BY clause and contains nonaggregated column 'chat.chat_messages.id' which is not functionally dependent on columns in GROUP BY clause; this is incompatible with sql_mode=only_full_group_by (Connection: mysql, SQL: select * from `chat_messages` where `chat_id` = 5 and (`user_id` = 1 or `user_id` = 6) group by `created_at` order by `id` asc) at /home/aung/Project/Practice/laravel-pusher-chat/vendor/laravel/framework/src/Illuminate/Database/Connection.php:829)
[stacktrace]
#0 /home/aung/Project/Practice/laravel-pusher-chat/vendor/laravel/framework/src/Illuminate/Database/Connection.php(783): Illuminate\\Database\\Connection->runQueryCallback()
#1 /home/aung/Project/Practice/laravel-pusher-chat/vendor/laravel/framework/src/Illuminate/Database/Connection.php(414): Illuminate\\Database\\Connection->run()
#2 /home/aung/Project/Practice/laravel-pusher-chat/vendor/laravel/framework/src/Illuminate/Database/Query/Builder.php(2751): Illuminate\\Database\\Connection->select()
#3 /home/aung/Project/Practice/laravel-pusher-chat/vendor/laravel/framework/src/Illuminate/Database/Query/Builder.php(2740): Illuminate\\Database\\Query\\Builder->runSelect()
#4 /home/aung/Project/Practice/laravel-pusher-chat/vendor/laravel/framework/src/Illuminate/Database/Query/Builder.php(3294): Illuminate\\Database\\Query\\Builder->Illuminate\\Database\\Query\\{closure}()
#5 /home/aung/Project/Practice/laravel-pusher-chat/vendor/laravel/framework/src/Illuminate/Database/Query/Builder.php(2739): Illuminate\\Database\\Query\\Builder->onceWithColumns()
#6 /home/aung/Project/Practice/laravel-pusher-chat/vendor/laravel/framework/src/Illuminate/Database/Eloquent/Builder.php(738): Illuminate\\Database\\Query\\Builder->get()
#7 /home/aung/Project/Practice/laravel-pusher-chat/vendor/laravel/framework/src/Illuminate/Database/Eloquent/Builder.php(722): Illuminate\\Database\\Eloquent\\Builder->getModels()
#8 /home/aung/Project/Practice/laravel-pusher-chat/app/Http/Controllers/ChatMessageController.php(46): Illuminate\\Database\\Eloquent\\Builder->get()
#9 /home/aung/Project/Practice/laravel-pusher-chat/vendor/laravel/framework/src/Illuminate/Routing/Controller.php(54): App\\Http\\Controllers\\ChatMessageController->index()
#10 /home/aung/Project/Practice/laravel-pusher-chat/vendor/laravel/framework/src/Illuminate/Routing/ControllerDispatcher.php(43): Illuminate\\Routing\\Controller->callAction()
#11 /home/aung/Project/Practice/laravel-pusher-chat/vendor/laravel/framework/src/Illuminate/Routing/Route.php(259): Illuminate\\Routing\\ControllerDispatcher->dispatch()
#12 /home/aung/Project/Practice/laravel-pusher-chat/vendor/laravel/framework/src/Illuminate/Routing/Route.php(205): Illuminate\\Routing\\Route->runController()
#13 /home/aung/Project/Practice/laravel-pusher-chat/vendor/laravel/framework/src/Illuminate/Routing/Router.php(806): Illuminate\\Routing\\Route->run()
#14 /home/aung/Project/Practice/laravel-pusher-chat/vendor/laravel/framework/src/Illuminate/Pipeline/Pipeline.php(144): Illuminate\\Routing\\Router->Illuminate\\Routing\\{closure}()
#15 /home/aung/Project/Practice/laravel-pusher-chat/vendor/laravel/framework/src/Illuminate/Routing/Middleware/SubstituteBindings.php(50): Illuminate\\Pipeline\\Pipeline->Illuminate\\Pipeline\\{closure}()
#16 /home/aung/Project/Practice/laravel-pusher-chat/vendor/laravel/framework/src/Illuminate/Pipeline/Pipeline.php(183): Illuminate\\Routing\\Middleware\\SubstituteBindings->handle()
#17 /home/aung/Project/Practice/laravel-pusher-chat/vendor/laravel/framework/src/Illuminate/Routing/Middleware/ThrottleRequests.php(159): Illuminate\\Pipeline\\Pipeline->Illuminate\\Pipeline\\{closure}()
#18 /home/aung/Project/Practice/laravel-pusher-chat/vendor/laravel/framework/src/Illuminate/Routing/Middleware/ThrottleRequests.php(125): Illuminate\\Routing\\Middleware\\ThrottleRequests->handleRequest()
#19 /home/aung/Project/Practice/laravel-pusher-chat/vendor/laravel/framework/src/Illuminate/Routing/Middleware/ThrottleRequests.php(87): Illuminate\\Routing\\Middleware\\ThrottleRequests->handleRequestUsingNamedLimiter()
#20 /home/aung/Project/Practice/laravel-pusher-chat/vendor/laravel/framework/src/Illuminate/Pipeline/Pipeline.php(183): Illuminate\\Routing\\Middleware\\ThrottleRequests->handle()
#21 /home/aung/Project/Practice/laravel-pusher-chat/vendor/laravel/framework/src/Illuminate/Auth/Middleware/Authenticate.php(57): Illuminate\\Pipeline\\Pipeline->Illuminate\\Pipeline\\{closure}()
#22 /home/aung/Project/Practice/laravel-pusher-chat/vendor/laravel/framework/src/Illuminate/Pipeline/Pipeline.php(183): Illuminate\\Auth\\Middleware\\Authenticate->handle()
#23 /home/aung/Project/Practice/laravel-pusher-chat/vendor/laravel/framework/src/Illuminate/Pipeline/Pipeline.php(119): Illuminate\\Pipeline\\Pipeline->Illuminate\\Pipeline\\{closure}()
#24 /home/aung/Project/Practice/laravel-pusher-chat/vendor/laravel/framework/src/Illuminate/Routing/Router.php(805): Illuminate\\Pipeline\\Pipeline->then()
#25 /home/aung/Project/Practice/laravel-pusher-chat/vendor/laravel/framework/src/Illuminate/Routing/Router.php(784): Illuminate\\Routing\\Router->runRouteWithinStack()
#26 /home/aung/Project/Practice/laravel-pusher-chat/vendor/laravel/framework/src/Illuminate/Routing/Router.php(748): Illuminate\\Routing\\Router->runRoute()
#27 /home/aung/Project/Practice/laravel-pusher-chat/vendor/laravel/framework/src/Illuminate/Routing/Router.php(737): Illuminate\\Routing\\Router->dispatchToRoute()
#28 /home/aung/Project/Practice/laravel-pusher-chat/vendor/laravel/framework/src/Illuminate/Foundation/Http/Kernel.php(200): Illuminate\\Routing\\Router->dispatch()
#29 /home/aung/Project/Practice/laravel-pusher-chat/vendor/laravel/framework/src/Illuminate/Pipeline/Pipeline.php(144): Illuminate\\Foundation\\Http\\Kernel->Illuminate\\Foundation\\Http\\{closure}()
#30 /home/aung/Project/Practice/laravel-pusher-chat/vendor/laravel/framework/src/Illuminate/Foundation/Http/Middleware/TransformsRequest.php(21): Illuminate\\Pipeline\\Pipeline->Illuminate\\Pipeline\\{closure}()
#31 /home/aung/Project/Practice/laravel-pusher-chat/vendor/laravel/framework/src/Illuminate/Foundation/Http/Middleware/ConvertEmptyStringsToNull.php(31): Illuminate\\Foundation\\Http\\Middleware\\TransformsRequest->handle()
#32 /home/aung/Project/Practice/laravel-pusher-chat/vendor/laravel/framework/src/Illuminate/Pipeline/Pipeline.php(183): Illuminate\\Foundation\\Http\\Middleware\\ConvertEmptyStringsToNull->handle()
#33 /home/aung/Project/Practice/laravel-pusher-chat/vendor/laravel/framework/src/Illuminate/Foundation/Http/Middleware/TransformsRequest.php(21): Illuminate\\Pipeline\\Pipeline->Illuminate\\Pipeline\\{closure}()
#34 /home/aung/Project/Practice/laravel-pusher-chat/vendor/laravel/framework/src/Illuminate/Foundation/Http/Middleware/TrimStrings.php(40): Illuminate\\Foundation\\Http\\Middleware\\TransformsRequest->handle()
#35 /home/aung/Project/Practice/laravel-pusher-chat/vendor/laravel/framework/src/Illuminate/Pipeline/Pipeline.php(183): Illuminate\\Foundation\\Http\\Middleware\\TrimStrings->handle()
#36 /home/aung/Project/Practice/laravel-pusher-chat/vendor/laravel/framework/src/Illuminate/Foundation/Http/Middleware/ValidatePostSize.php(27): Illuminate\\Pipeline\\Pipeline->Illuminate\\Pipeline\\{closure}()
#37 /home/aung/Project/Practice/laravel-pusher-chat/vendor/laravel/framework/src/Illuminate/Pipeline/Pipeline.php(183): Illuminate\\Foundation\\Http\\Middleware\\ValidatePostSize->handle()
#38 /home/aung/Project/Practice/laravel-pusher-chat/vendor/laravel/framework/src/Illuminate/Foundation/Http/Middleware/PreventRequestsDuringMaintenance.php(99): Illuminate\\Pipeline\\Pipeline->Illuminate\\Pipeline\\{closure}()
#39 /home/aung/Project/Practice/laravel-pusher-chat/vendor/laravel/framework/src/Illuminate/Pipeline/Pipeline.php(183): Illuminate\\Foundation\\Http\\Middleware\\PreventRequestsDuringMaintenance->handle()
#40 /home/aung/Project/Practice/laravel-pusher-chat/vendor/laravel/framework/src/Illuminate/Http/Middleware/HandleCors.php(62): Illuminate\\Pipeline\\Pipeline->Illuminate\\Pipeline\\{closure}()
#41 /home/aung/Project/Practice/laravel-pusher-chat/vendor/laravel/framework/src/Illuminate/Pipeline/Pipeline.php(183): Illuminate\\Http\\Middleware\\HandleCors->handle()
#42 /home/aung/Project/Practice/laravel-pusher-chat/vendor/laravel/framework/src/Illuminate/Http/Middleware/TrustProxies.php(39): Illuminate\\Pipeline\\Pipeline->Illuminate\\Pipeline\\{closure}()
#43 /home/aung/Project/Practice/laravel-pusher-chat/vendor/laravel/framework/src/Illuminate/Pipeline/Pipeline.php(183): Illuminate\\Http\\Middleware\\TrustProxies->handle()
#44 /home/aung/Project/Practice/laravel-pusher-chat/vendor/laravel/framework/src/Illuminate/Pipeline/Pipeline.php(119): Illuminate\\Pipeline\\Pipeline->Illuminate\\Pipeline\\{closure}()
#45 /home/aung/Project/Practice/laravel-pusher-chat/vendor/laravel/framework/src/Illuminate/Foundation/Http/Kernel.php(175): Illuminate\\Pipeline\\Pipeline->then()
#46 /home/aung/Project/Practice/laravel-pusher-chat/vendor/laravel/framework/src/Illuminate/Foundation/Http/Kernel.php(144): Illuminate\\Foundation\\Http\\Kernel->sendRequestThroughRouter()
#47 /home/aung/Project/Practice/laravel-pusher-chat/public/index.php(51): Illuminate\\Foundation\\Http\\Kernel->handle()
#48 /home/aung/Project/Practice/laravel-pusher-chat/vendor/laravel/framework/src/Illuminate/Foundation/resources/server.php(16): require_once('...')
#49 {main}

[previous exception] [object] (PDOException(code: 42000): SQLSTATE[42000]: Syntax error or access violation: 1055 Expression #1 of SELECT list is not in GROUP BY clause and contains nonaggregated column 'chat.chat_messages.id' which is not functionally dependent on columns in GROUP BY clause; this is incompatible with sql_mode=only_full_group_by at /home/aung/Project/Practice/laravel-pusher-chat/vendor/laravel/framework/src/Illuminate/Database/Connection.php:423)
[stacktrace]
#0 /home/aung/Project/Practice/laravel-pusher-chat/vendor/laravel/framework/src/Illuminate/Database/Connection.php(423): PDO->prepare()
#1 /home/aung/Project/Practice/laravel-pusher-chat/vendor/laravel/framework/src/Illuminate/Database/Connection.php(816): Illuminate\\Database\\Connection->Illuminate\\Database\\{closure}()
#2 /home/aung/Project/Practice/laravel-pusher-chat/vendor/laravel/framework/src/Illuminate/Database/Connection.php(783): Illuminate\\Database\\Connection->runQueryCallback()
#3 /home/aung/Project/Practice/laravel-pusher-chat/vendor/laravel/framework/src/Illuminate/Database/Connection.php(414): Illuminate\\Database\\Connection->run()
#4 /home/aung/Project/Practice/laravel-pusher-chat/vendor/laravel/framework/src/Illuminate/Database/Query/Builder.php(2751): Illuminate\\Database\\Connection->select()
#5 /home/aung/Project/Practice/laravel-pusher-chat/vendor/laravel/framework/src/Illuminate/Database/Query/Builder.php(2740): Illuminate\\Database\\Query\\Builder->runSelect()
#6 /home/aung/Project/Practice/laravel-pusher-chat/vendor/laravel/framework/src/Illuminate/Database/Query/Builder.php(3294): Illuminate\\Database\\Query\\Builder->Illuminate\\Database\\Query\\{closure}()
#7 /home/aung/Project/Practice/laravel-pusher-chat/vendor/laravel/framework/src/Illuminate/Database/Query/Builder.php(2739): Illuminate\\Database\\Query\\Builder->onceWithColumns()
#8 /home/aung/Project/Practice/laravel-pusher-chat/vendor/laravel/framework/src/Illuminate/Database/Eloquent/Builder.php(738): Illuminate\\Database\\Query\\Builder->get()
#9 /home/aung/Project/Practice/laravel-pusher-chat/vendor/laravel/framework/src/Illuminate/Database/Eloquent/Builder.php(722): Illuminate\\Database\\Eloquent\\Builder->getModels()
#10 /home/aung/Project/Practice/laravel-pusher-chat/app/Http/Controllers/ChatMessageController.php(46): Illuminate\\Database\\Eloquent\\Builder->get()
#11 /home/aung/Project/Practice/laravel-pusher-chat/vendor/laravel/framework/src/Illuminate/Routing/Controller.php(54): App\\Http\\Controllers\\ChatMessageController->index()
#12 /home/aung/Project/Practice/laravel-pusher-chat/vendor/laravel/framework/src/Illuminate/Routing/ControllerDispatcher.php(43): Illuminate\\Routing\\Controller->callAction()
#13 /home/aung/Project/Practice/laravel-pusher-chat/vendor/laravel/framework/src/Illuminate/Routing/Route.php(259): Illuminate\\Routing\\ControllerDispatcher->dispatch()
#14 /home/aung/Project/Practice/laravel-pusher-chat/vendor/laravel/framework/src/Illuminate/Routing/Route.php(205): Illuminate\\Routing\\Route->runController()
#15 /home/aung/Project/Practice/laravel-pusher-chat/vendor/laravel/framework/src/Illuminate/Routing/Router.php(806): Illuminate\\Routing\\Route->run()
#16 /home/aung/Project/Practice/laravel-pusher-chat/vendor/laravel/framework/src/Illuminate/Pipeline/Pipeline.php(144): Illuminate\\Routing\\Router->Illuminate\\Routing\\{closure}()
#17 /home/aung/Project/Practice/laravel-pusher-chat/vendor/laravel/framework/src/Illuminate/Routing/Middleware/SubstituteBindings.php(50): Illuminate\\Pipeline\\Pipeline->Illuminate\\Pipeline\\{closure}()
#18 /home/aung/Project/Practice/laravel-pusher-chat/vendor/laravel/framework/src/Illuminate/Pipeline/Pipeline.php(183): Illuminate\\Routing\\Middleware\\SubstituteBindings->handle()
#19 /home/aung/Project/Practice/laravel-pusher-chat/vendor/laravel/framework/src/Illuminate/Routing/Middleware/ThrottleRequests.php(159): Illuminate\\Pipeline\\Pipeline->Illuminate\\Pipeline\\{closure}()
#20 /home/aung/Project/Practice/laravel-pusher-chat/vendor/laravel/framework/src/Illuminate/Routing/Middleware/ThrottleRequests.php(125): Illuminate\\Routing\\Middleware\\ThrottleRequests->handleRequest()
#21 /home/aung/Project/Practice/laravel-pusher-chat/vendor/laravel/framework/src/Illuminate/Routing/Middleware/ThrottleRequests.php(87): Illuminate\\Routing\\Middleware\\ThrottleRequests->handleRequestUsingNamedLimiter()
#22 /home/aung/Project/Practice/laravel-pusher-chat/vendor/laravel/framework/src/Illuminate/Pipeline/Pipeline.php(183): Illuminate\\Routing\\Middleware\\ThrottleRequests->handle()
#23 /home/aung/Project/Practice/laravel-pusher-chat/vendor/laravel/framework/src/Illuminate/Auth/Middleware/Authenticate.php(57): Illuminate\\Pipeline\\Pipeline->Illuminate\\Pipeline\\{closure}()
#24 /home/aung/Project/Practice/laravel-pusher-chat/vendor/laravel/framework/src/Illuminate/Pipeline/Pipeline.php(183): Illuminate\\Auth\\Middleware\\Authenticate->handle()
#25 /home/aung/Project/Practice/laravel-pusher-chat/vendor/laravel/framework/src/Illuminate/Pipeline/Pipeline.php(119): Illuminate\\Pipeline\\Pipeline->Illuminate\\Pipeline\\{closure}()
#26 /home/aung/Project/Practice/laravel-pusher-chat/vendor/laravel/framework/src/Illuminate/Routing/Router.php(805): Illuminate\\Pipeline\\Pipeline->then()
#27 /home/aung/Project/Practice/laravel-pusher-chat/vendor/laravel/framework/src/Illuminate/Routing/Router.php(784): Illuminate\\Routing\\Router->runRouteWithinStack()
#28 /home/aung/Project/Practice/laravel-pusher-chat/vendor/laravel/framework/src/Illuminate/Routing/Router.php(748): Illuminate\\Routing\\Router->runRoute()
#29 /home/aung/Project/Practice/laravel-pusher-chat/vendor/laravel/framework/src/Illuminate/Routing/Router.php(737): Illuminate\\Routing\\Router->dispatchToRoute()
#30 /home/aung/Project/Practice/laravel-pusher-chat/vendor/laravel/framework/src/Illuminate/Foundation/Http/Kernel.php(200): Illuminate\\Routing\\Router->dispatch()
#31 /home/aung/Project/Practice/laravel-pusher-chat/vendor/laravel/framework/src/Illuminate/Pipeline/Pipeline.php(144): Illuminate\\Foundation\\Http\\Kernel->Illuminate\\Foundation\\Http\\{closure}()
#32 /home/aung/Project/Practice/laravel-pusher-chat/vendor/laravel/framework/src/Illuminate/Foundation/Http/Middleware/TransformsRequest.php(21): Illuminate\\Pipeline\\Pipeline->Illuminate\\Pipeline\\{closure}()
#33 /home/aung/Project/Practice/laravel-pusher-chat/vendor/laravel/framework/src/Illuminate/Foundation/Http/Middleware/ConvertEmptyStringsToNull.php(31): Illuminate\\Foundation\\Http\\Middleware\\TransformsRequest->handle()
#34 /home/aung/Project/Practice/laravel-pusher-chat/vendor/laravel/framework/src/Illuminate/Pipeline/Pipeline.php(183): Illuminate\\Foundation\\Http\\Middleware\\ConvertEmptyStringsToNull->handle()
#35 /home/aung/Project/Practice/laravel-pusher-chat/vendor/laravel/framework/src/Illuminate/Foundation/Http/Middleware/TransformsRequest.php(21): Illuminate\\Pipeline\\Pipeline->Illuminate\\Pipeline\\{closure}()
#36 /home/aung/Project/Practice/laravel-pusher-chat/vendor/laravel/framework/src/Illuminate/Foundation/Http/Middleware/TrimStrings.php(40): Illuminate\\Foundation\\Http\\Middleware\\TransformsRequest->handle()
#37 /home/aung/Project/Practice/laravel-pusher-chat/vendor/laravel/framework/src/Illuminate/Pipeline/Pipeline.php(183): Illuminate\\Foundation\\Http\\Middleware\\TrimStrings->handle()
#38 /home/aung/Project/Practice/laravel-pusher-chat/vendor/laravel/framework/src/Illuminate/Foundation/Http/Middleware/ValidatePostSize.php(27): Illuminate\\Pipeline\\Pipeline->Illuminate\\Pipeline\\{closure}()
#39 /home/aung/Project/Practice/laravel-pusher-chat/vendor/laravel/framework/src/Illuminate/Pipeline/Pipeline.php(183): Illuminate\\Foundation\\Http\\Middleware\\ValidatePostSize->handle()
#40 /home/aung/Project/Practice/laravel-pusher-chat/vendor/laravel/framework/src/Illuminate/Foundation/Http/Middleware/PreventRequestsDuringMaintenance.php(99): Illuminate\\Pipeline\\Pipeline->Illuminate\\Pipeline\\{closure}()
#41 /home/aung/Project/Practice/laravel-pusher-chat/vendor/laravel/framework/src/Illuminate/Pipeline/Pipeline.php(183): Illuminate\\Foundation\\Http\\Middleware\\PreventRequestsDuringMaintenance->handle()
#42 /home/aung/Project/Practice/laravel-pusher-chat/vendor/laravel/framework/src/Illuminate/Http/Middleware/HandleCors.php(62): Illuminate\\Pipeline\\Pipeline->Illuminate\\Pipeline\\{closure}()
#43 /home/aung/Project/Practice/laravel-pusher-chat/vendor/laravel/framework/src/Illuminate/Pipeline/Pipeline.php(183): Illuminate\\Http\\Middleware\\HandleCors->handle()
#44 /home/aung/Project/Practice/laravel-pusher-chat/vendor/laravel/framework/src/Illuminate/Http/Middleware/TrustProxies.php(39): Illuminate\\Pipeline\\Pipeline->Illuminate\\Pipeline\\{closure}()
#45 /home/aung/Project/Practice/laravel-pusher-chat/vendor/laravel/framework/src/Illuminate/Pipeline/Pipeline.php(183): Illuminate\\Http\\Middleware\\TrustProxies->handle()
#46 /home/aung/Project/Practice/laravel-pusher-chat/vendor/laravel/framework/src/Illuminate/Pipeline/Pipeline.php(119): Illuminate\\Pipeline\\Pipeline->Illuminate\\Pipeline\\{closure}()
#47 /home/aung/Project/Practice/laravel-pusher-chat/vendor/laravel/framework/src/Illuminate/Foundation/Http/Kernel.php(175): Illuminate\\Pipeline\\Pipeline->then()
#48 /home/aung/Project/Practice/laravel-pusher-chat/vendor/laravel/framework/src/Illuminate/Foundation/Http/Kernel.php(144): Illuminate\\Foundation\\Http\\Kernel->sendRequestThroughRouter()
#49 /home/aung/Project/Practice/laravel-pusher-chat/public/index.php(51): Illuminate\\Foundation\\Http\\Kernel->handle()
#50 /home/aung/Project/Practice/laravel-pusher-chat/vendor/laravel/framework/src/Illuminate/Foundation/resources/server.php(16): require_once('...')
#51 {main}
"} 
[2024-02-29 03:34:56] local.ERROR: SQLSTATE[42000]: Syntax error or access violation: 1055 Expression #1 of SELECT list is not in GROUP BY clause and contains nonaggregated column 'chat.chat_messages.id' which is not functionally dependent on columns in GROUP BY clause; this is incompatible with sql_mode=only_full_group_by (Connection: mysql, SQL: select * from `chat_messages` where `chat_id` = 3 and (`user_id` = 1 or `user_id` = 3) group by `created_at` order by `id` asc) {"userId":1,"exception":"[object] (Illuminate\\Database\\QueryException(code: 42000): SQLSTATE[42000]: Syntax error or access violation: 1055 Expression #1 of SELECT list is not in GROUP BY clause and contains nonaggregated column 'chat.chat_messages.id' which is not functionally dependent on columns in GROUP BY clause; this is incompatible with sql_mode=only_full_group_by (Connection: mysql, SQL: select * from `chat_messages` where `chat_id` = 3 and (`user_id` = 1 or `user_id` = 3) group by `created_at` order by `id` asc) at /home/aung/Project/Practice/laravel-pusher-chat/vendor/laravel/framework/src/Illuminate/Database/Connection.php:829)
[stacktrace]
#0 /home/aung/Project/Practice/laravel-pusher-chat/vendor/laravel/framework/src/Illuminate/Database/Connection.php(783): Illuminate\\Database\\Connection->runQueryCallback()
#1 /home/aung/Project/Practice/laravel-pusher-chat/vendor/laravel/framework/src/Illuminate/Database/Connection.php(414): Illuminate\\Database\\Connection->run()
#2 /home/aung/Project/Practice/laravel-pusher-chat/vendor/laravel/framework/src/Illuminate/Database/Query/Builder.php(2751): Illuminate\\Database\\Connection->select()
#3 /home/aung/Project/Practice/laravel-pusher-chat/vendor/laravel/framework/src/Illuminate/Database/Query/Builder.php(2740): Illuminate\\Database\\Query\\Builder->runSelect()
#4 /home/aung/Project/Practice/laravel-pusher-chat/vendor/laravel/framework/src/Illuminate/Database/Query/Builder.php(3294): Illuminate\\Database\\Query\\Builder->Illuminate\\Database\\Query\\{closure}()
#5 /home/aung/Project/Practice/laravel-pusher-chat/vendor/laravel/framework/src/Illuminate/Database/Query/Builder.php(2739): Illuminate\\Database\\Query\\Builder->onceWithColumns()
#6 /home/aung/Project/Practice/laravel-pusher-chat/vendor/laravel/framework/src/Illuminate/Database/Eloquent/Builder.php(738): Illuminate\\Database\\Query\\Builder->get()
#7 /home/aung/Project/Practice/laravel-pusher-chat/vendor/laravel/framework/src/Illuminate/Database/Eloquent/Builder.php(722): Illuminate\\Database\\Eloquent\\Builder->getModels()
#8 /home/aung/Project/Practice/laravel-pusher-chat/app/Http/Controllers/ChatMessageController.php(46): Illuminate\\Database\\Eloquent\\Builder->get()
#9 /home/aung/Project/Practice/laravel-pusher-chat/vendor/laravel/framework/src/Illuminate/Routing/Controller.php(54): App\\Http\\Controllers\\ChatMessageController->index()
#10 /home/aung/Project/Practice/laravel-pusher-chat/vendor/laravel/framework/src/Illuminate/Routing/ControllerDispatcher.php(43): Illuminate\\Routing\\Controller->callAction()
#11 /home/aung/Project/Practice/laravel-pusher-chat/vendor/laravel/framework/src/Illuminate/Routing/Route.php(259): Illuminate\\Routing\\ControllerDispatcher->dispatch()
#12 /home/aung/Project/Practice/laravel-pusher-chat/vendor/laravel/framework/src/Illuminate/Routing/Route.php(205): Illuminate\\Routing\\Route->runController()
#13 /home/aung/Project/Practice/laravel-pusher-chat/vendor/laravel/framework/src/Illuminate/Routing/Router.php(806): Illuminate\\Routing\\Route->run()
#14 /home/aung/Project/Practice/laravel-pusher-chat/vendor/laravel/framework/src/Illuminate/Pipeline/Pipeline.php(144): Illuminate\\Routing\\Router->Illuminate\\Routing\\{closure}()
#15 /home/aung/Project/Practice/laravel-pusher-chat/vendor/laravel/framework/src/Illuminate/Routing/Middleware/SubstituteBindings.php(50): Illuminate\\Pipeline\\Pipeline->Illuminate\\Pipeline\\{closure}()
#16 /home/aung/Project/Practice/laravel-pusher-chat/vendor/laravel/framework/src/Illuminate/Pipeline/Pipeline.php(183): Illuminate\\Routing\\Middleware\\SubstituteBindings->handle()
#17 /home/aung/Project/Practice/laravel-pusher-chat/vendor/laravel/framework/src/Illuminate/Routing/Middleware/ThrottleRequests.php(159): Illuminate\\Pipeline\\Pipeline->Illuminate\\Pipeline\\{closure}()
#18 /home/aung/Project/Practice/laravel-pusher-chat/vendor/laravel/framework/src/Illuminate/Routing/Middleware/ThrottleRequests.php(125): Illuminate\\Routing\\Middleware\\ThrottleRequests->handleRequest()
#19 /home/aung/Project/Practice/laravel-pusher-chat/vendor/laravel/framework/src/Illuminate/Routing/Middleware/ThrottleRequests.php(87): Illuminate\\Routing\\Middleware\\ThrottleRequests->handleRequestUsingNamedLimiter()
#20 /home/aung/Project/Practice/laravel-pusher-chat/vendor/laravel/framework/src/Illuminate/Pipeline/Pipeline.php(183): Illuminate\\Routing\\Middleware\\ThrottleRequests->handle()
#21 /home/aung/Project/Practice/laravel-pusher-chat/vendor/laravel/framework/src/Illuminate/Auth/Middleware/Authenticate.php(57): Illuminate\\Pipeline\\Pipeline->Illuminate\\Pipeline\\{closure}()
#22 /home/aung/Project/Practice/laravel-pusher-chat/vendor/laravel/framework/src/Illuminate/Pipeline/Pipeline.php(183): Illuminate\\Auth\\Middleware\\Authenticate->handle()
#23 /home/aung/Project/Practice/laravel-pusher-chat/vendor/laravel/framework/src/Illuminate/Pipeline/Pipeline.php(119): Illuminate\\Pipeline\\Pipeline->Illuminate\\Pipeline\\{closure}()
#24 /home/aung/Project/Practice/laravel-pusher-chat/vendor/laravel/framework/src/Illuminate/Routing/Router.php(805): Illuminate\\Pipeline\\Pipeline->then()
#25 /home/aung/Project/Practice/laravel-pusher-chat/vendor/laravel/framework/src/Illuminate/Routing/Router.php(784): Illuminate\\Routing\\Router->runRouteWithinStack()
#26 /home/aung/Project/Practice/laravel-pusher-chat/vendor/laravel/framework/src/Illuminate/Routing/Router.php(748): Illuminate\\Routing\\Router->runRoute()
#27 /home/aung/Project/Practice/laravel-pusher-chat/vendor/laravel/framework/src/Illuminate/Routing/Router.php(737): Illuminate\\Routing\\Router->dispatchToRoute()
#28 /home/aung/Project/Practice/laravel-pusher-chat/vendor/laravel/framework/src/Illuminate/Foundation/Http/Kernel.php(200): Illuminate\\Routing\\Router->dispatch()
#29 /home/aung/Project/Practice/laravel-pusher-chat/vendor/laravel/framework/src/Illuminate/Pipeline/Pipeline.php(144): Illuminate\\Foundation\\Http\\Kernel->Illuminate\\Foundation\\Http\\{closure}()
#30 /home/aung/Project/Practice/laravel-pusher-chat/vendor/laravel/framework/src/Illuminate/Foundation/Http/Middleware/TransformsRequest.php(21): Illuminate\\Pipeline\\Pipeline->Illuminate\\Pipeline\\{closure}()
#31 /home/aung/Project/Practice/laravel-pusher-chat/vendor/laravel/framework/src/Illuminate/Foundation/Http/Middleware/ConvertEmptyStringsToNull.php(31): Illuminate\\Foundation\\Http\\Middleware\\TransformsRequest->handle()
#32 /home/aung/Project/Practice/laravel-pusher-chat/vendor/laravel/framework/src/Illuminate/Pipeline/Pipeline.php(183): Illuminate\\Foundation\\Http\\Middleware\\ConvertEmptyStringsToNull->handle()
#33 /home/aung/Project/Practice/laravel-pusher-chat/vendor/laravel/framework/src/Illuminate/Foundation/Http/Middleware/TransformsRequest.php(21): Illuminate\\Pipeline\\Pipeline->Illuminate\\Pipeline\\{closure}()
#34 /home/aung/Project/Practice/laravel-pusher-chat/vendor/laravel/framework/src/Illuminate/Foundation/Http/Middleware/TrimStrings.php(40): Illuminate\\Foundation\\Http\\Middleware\\TransformsRequest->handle()
#35 /home/aung/Project/Practice/laravel-pusher-chat/vendor/laravel/framework/src/Illuminate/Pipeline/Pipeline.php(183): Illuminate\\Foundation\\Http\\Middleware\\TrimStrings->handle()
#36 /home/aung/Project/Practice/laravel-pusher-chat/vendor/laravel/framework/src/Illuminate/Foundation/Http/Middleware/ValidatePostSize.php(27): Illuminate\\Pipeline\\Pipeline->Illuminate\\Pipeline\\{closure}()
#37 /home/aung/Project/Practice/laravel-pusher-chat/vendor/laravel/framework/src/Illuminate/Pipeline/Pipeline.php(183): Illuminate\\Foundation\\Http\\Middleware\\ValidatePostSize->handle()
#38 /home/aung/Project/Practice/laravel-pusher-chat/vendor/laravel/framework/src/Illuminate/Foundation/Http/Middleware/PreventRequestsDuringMaintenance.php(99): Illuminate\\Pipeline\\Pipeline->Illuminate\\Pipeline\\{closure}()
#39 /home/aung/Project/Practice/laravel-pusher-chat/vendor/laravel/framework/src/Illuminate/Pipeline/Pipeline.php(183): Illuminate\\Foundation\\Http\\Middleware\\PreventRequestsDuringMaintenance->handle()
#40 /home/aung/Project/Practice/laravel-pusher-chat/vendor/laravel/framework/src/Illuminate/Http/Middleware/HandleCors.php(62): Illuminate\\Pipeline\\Pipeline->Illuminate\\Pipeline\\{closure}()
#41 /home/aung/Project/Practice/laravel-pusher-chat/vendor/laravel/framework/src/Illuminate/Pipeline/Pipeline.php(183): Illuminate\\Http\\Middleware\\HandleCors->handle()
#42 /home/aung/Project/Practice/laravel-pusher-chat/vendor/laravel/framework/src/Illuminate/Http/Middleware/TrustProxies.php(39): Illuminate\\Pipeline\\Pipeline->Illuminate\\Pipeline\\{closure}()
#43 /home/aung/Project/Practice/laravel-pusher-chat/vendor/laravel/framework/src/Illuminate/Pipeline/Pipeline.php(183): Illuminate\\Http\\Middleware\\TrustProxies->handle()
#44 /home/aung/Project/Practice/laravel-pusher-chat/vendor/laravel/framework/src/Illuminate/Pipeline/Pipeline.php(119): Illuminate\\Pipeline\\Pipeline->Illuminate\\Pipeline\\{closure}()
#45 /home/aung/Project/Practice/laravel-pusher-chat/vendor/laravel/framework/src/Illuminate/Foundation/Http/Kernel.php(175): Illuminate\\Pipeline\\Pipeline->then()
#46 /home/aung/Project/Practice/laravel-pusher-chat/vendor/laravel/framework/src/Illuminate/Foundation/Http/Kernel.php(144): Illuminate\\Foundation\\Http\\Kernel->sendRequestThroughRouter()
#47 /home/aung/Project/Practice/laravel-pusher-chat/public/index.php(51): Illuminate\\Foundation\\Http\\Kernel->handle()
#48 /home/aung/Project/Practice/laravel-pusher-chat/vendor/laravel/framework/src/Illuminate/Foundation/resources/server.php(16): require_once('...')
#49 {main}

[previous exception] [object] (PDOException(code: 42000): SQLSTATE[42000]: Syntax error or access violation: 1055 Expression #1 of SELECT list is not in GROUP BY clause and contains nonaggregated column 'chat.chat_messages.id' which is not functionally dependent on columns in GROUP BY clause; this is incompatible with sql_mode=only_full_group_by at /home/aung/Project/Practice/laravel-pusher-chat/vendor/laravel/framework/src/Illuminate/Database/Connection.php:423)
[stacktrace]
#0 /home/aung/Project/Practice/laravel-pusher-chat/vendor/laravel/framework/src/Illuminate/Database/Connection.php(423): PDO->prepare()
#1 /home/aung/Project/Practice/laravel-pusher-chat/vendor/laravel/framework/src/Illuminate/Database/Connection.php(816): Illuminate\\Database\\Connection->Illuminate\\Database\\{closure}()
#2 /home/aung/Project/Practice/laravel-pusher-chat/vendor/laravel/framework/src/Illuminate/Database/Connection.php(783): Illuminate\\Database\\Connection->runQueryCallback()
#3 /home/aung/Project/Practice/laravel-pusher-chat/vendor/laravel/framework/src/Illuminate/Database/Connection.php(414): Illuminate\\Database\\Connection->run()
#4 /home/aung/Project/Practice/laravel-pusher-chat/vendor/laravel/framework/src/Illuminate/Database/Query/Builder.php(2751): Illuminate\\Database\\Connection->select()
#5 /home/aung/Project/Practice/laravel-pusher-chat/vendor/laravel/framework/src/Illuminate/Database/Query/Builder.php(2740): Illuminate\\Database\\Query\\Builder->runSelect()
#6 /home/aung/Project/Practice/laravel-pusher-chat/vendor/laravel/framework/src/Illuminate/Database/Query/Builder.php(3294): Illuminate\\Database\\Query\\Builder->Illuminate\\Database\\Query\\{closure}()
#7 /home/aung/Project/Practice/laravel-pusher-chat/vendor/laravel/framework/src/Illuminate/Database/Query/Builder.php(2739): Illuminate\\Database\\Query\\Builder->onceWithColumns()
#8 /home/aung/Project/Practice/laravel-pusher-chat/vendor/laravel/framework/src/Illuminate/Database/Eloquent/Builder.php(738): Illuminate\\Database\\Query\\Builder->get()
#9 /home/aung/Project/Practice/laravel-pusher-chat/vendor/laravel/framework/src/Illuminate/Database/Eloquent/Builder.php(722): Illuminate\\Database\\Eloquent\\Builder->getModels()
#10 /home/aung/Project/Practice/laravel-pusher-chat/app/Http/Controllers/ChatMessageController.php(46): Illuminate\\Database\\Eloquent\\Builder->get()
#11 /home/aung/Project/Practice/laravel-pusher-chat/vendor/laravel/framework/src/Illuminate/Routing/Controller.php(54): App\\Http\\Controllers\\ChatMessageController->index()
#12 /home/aung/Project/Practice/laravel-pusher-chat/vendor/laravel/framework/src/Illuminate/Routing/ControllerDispatcher.php(43): Illuminate\\Routing\\Controller->callAction()
#13 /home/aung/Project/Practice/laravel-pusher-chat/vendor/laravel/framework/src/Illuminate/Routing/Route.php(259): Illuminate\\Routing\\ControllerDispatcher->dispatch()
#14 /home/aung/Project/Practice/laravel-pusher-chat/vendor/laravel/framework/src/Illuminate/Routing/Route.php(205): Illuminate\\Routing\\Route->runController()
#15 /home/aung/Project/Practice/laravel-pusher-chat/vendor/laravel/framework/src/Illuminate/Routing/Router.php(806): Illuminate\\Routing\\Route->run()
#16 /home/aung/Project/Practice/laravel-pusher-chat/vendor/laravel/framework/src/Illuminate/Pipeline/Pipeline.php(144): Illuminate\\Routing\\Router->Illuminate\\Routing\\{closure}()
#17 /home/aung/Project/Practice/laravel-pusher-chat/vendor/laravel/framework/src/Illuminate/Routing/Middleware/SubstituteBindings.php(50): Illuminate\\Pipeline\\Pipeline->Illuminate\\Pipeline\\{closure}()
#18 /home/aung/Project/Practice/laravel-pusher-chat/vendor/laravel/framework/src/Illuminate/Pipeline/Pipeline.php(183): Illuminate\\Routing\\Middleware\\SubstituteBindings->handle()
#19 /home/aung/Project/Practice/laravel-pusher-chat/vendor/laravel/framework/src/Illuminate/Routing/Middleware/ThrottleRequests.php(159): Illuminate\\Pipeline\\Pipeline->Illuminate\\Pipeline\\{closure}()
#20 /home/aung/Project/Practice/laravel-pusher-chat/vendor/laravel/framework/src/Illuminate/Routing/Middleware/ThrottleRequests.php(125): Illuminate\\Routing\\Middleware\\ThrottleRequests->handleRequest()
#21 /home/aung/Project/Practice/laravel-pusher-chat/vendor/laravel/framework/src/Illuminate/Routing/Middleware/ThrottleRequests.php(87): Illuminate\\Routing\\Middleware\\ThrottleRequests->handleRequestUsingNamedLimiter()
#22 /home/aung/Project/Practice/laravel-pusher-chat/vendor/laravel/framework/src/Illuminate/Pipeline/Pipeline.php(183): Illuminate\\Routing\\Middleware\\ThrottleRequests->handle()
#23 /home/aung/Project/Practice/laravel-pusher-chat/vendor/laravel/framework/src/Illuminate/Auth/Middleware/Authenticate.php(57): Illuminate\\Pipeline\\Pipeline->Illuminate\\Pipeline\\{closure}()
#24 /home/aung/Project/Practice/laravel-pusher-chat/vendor/laravel/framework/src/Illuminate/Pipeline/Pipeline.php(183): Illuminate\\Auth\\Middleware\\Authenticate->handle()
#25 /home/aung/Project/Practice/laravel-pusher-chat/vendor/laravel/framework/src/Illuminate/Pipeline/Pipeline.php(119): Illuminate\\Pipeline\\Pipeline->Illuminate\\Pipeline\\{closure}()
#26 /home/aung/Project/Practice/laravel-pusher-chat/vendor/laravel/framework/src/Illuminate/Routing/Router.php(805): Illuminate\\Pipeline\\Pipeline->then()
#27 /home/aung/Project/Practice/laravel-pusher-chat/vendor/laravel/framework/src/Illuminate/Routing/Router.php(784): Illuminate\\Routing\\Router->runRouteWithinStack()
#28 /home/aung/Project/Practice/laravel-pusher-chat/vendor/laravel/framework/src/Illuminate/Routing/Router.php(748): Illuminate\\Routing\\Router->runRoute()
#29 /home/aung/Project/Practice/laravel-pusher-chat/vendor/laravel/framework/src/Illuminate/Routing/Router.php(737): Illuminate\\Routing\\Router->dispatchToRoute()
#30 /home/aung/Project/Practice/laravel-pusher-chat/vendor/laravel/framework/src/Illuminate/Foundation/Http/Kernel.php(200): Illuminate\\Routing\\Router->dispatch()
#31 /home/aung/Project/Practice/laravel-pusher-chat/vendor/laravel/framework/src/Illuminate/Pipeline/Pipeline.php(144): Illuminate\\Foundation\\Http\\Kernel->Illuminate\\Foundation\\Http\\{closure}()
#32 /home/aung/Project/Practice/laravel-pusher-chat/vendor/laravel/framework/src/Illuminate/Foundation/Http/Middleware/TransformsRequest.php(21): Illuminate\\Pipeline\\Pipeline->Illuminate\\Pipeline\\{closure}()
#33 /home/aung/Project/Practice/laravel-pusher-chat/vendor/laravel/framework/src/Illuminate/Foundation/Http/Middleware/ConvertEmptyStringsToNull.php(31): Illuminate\\Foundation\\Http\\Middleware\\TransformsRequest->handle()
#34 /home/aung/Project/Practice/laravel-pusher-chat/vendor/laravel/framework/src/Illuminate/Pipeline/Pipeline.php(183): Illuminate\\Foundation\\Http\\Middleware\\ConvertEmptyStringsToNull->handle()
#35 /home/aung/Project/Practice/laravel-pusher-chat/vendor/laravel/framework/src/Illuminate/Foundation/Http/Middleware/TransformsRequest.php(21): Illuminate\\Pipeline\\Pipeline->Illuminate\\Pipeline\\{closure}()
#36 /home/aung/Project/Practice/laravel-pusher-chat/vendor/laravel/framework/src/Illuminate/Foundation/Http/Middleware/TrimStrings.php(40): Illuminate\\Foundation\\Http\\Middleware\\TransformsRequest->handle()
#37 /home/aung/Project/Practice/laravel-pusher-chat/vendor/laravel/framework/src/Illuminate/Pipeline/Pipeline.php(183): Illuminate\\Foundation\\Http\\Middleware\\TrimStrings->handle()
#38 /home/aung/Project/Practice/laravel-pusher-chat/vendor/laravel/framework/src/Illuminate/Foundation/Http/Middleware/ValidatePostSize.php(27): Illuminate\\Pipeline\\Pipeline->Illuminate\\Pipeline\\{closure}()
#39 /home/aung/Project/Practice/laravel-pusher-chat/vendor/laravel/framework/src/Illuminate/Pipeline/Pipeline.php(183): Illuminate\\Foundation\\Http\\Middleware\\ValidatePostSize->handle()
#40 /home/aung/Project/Practice/laravel-pusher-chat/vendor/laravel/framework/src/Illuminate/Foundation/Http/Middleware/PreventRequestsDuringMaintenance.php(99): Illuminate\\Pipeline\\Pipeline->Illuminate\\Pipeline\\{closure}()
#41 /home/aung/Project/Practice/laravel-pusher-chat/vendor/laravel/framework/src/Illuminate/Pipeline/Pipeline.php(183): Illuminate\\Foundation\\Http\\Middleware\\PreventRequestsDuringMaintenance->handle()
#42 /home/aung/Project/Practice/laravel-pusher-chat/vendor/laravel/framework/src/Illuminate/Http/Middleware/HandleCors.php(62): Illuminate\\Pipeline\\Pipeline->Illuminate\\Pipeline\\{closure}()
#43 /home/aung/Project/Practice/laravel-pusher-chat/vendor/laravel/framework/src/Illuminate/Pipeline/Pipeline.php(183): Illuminate\\Http\\Middleware\\HandleCors->handle()
#44 /home/aung/Project/Practice/laravel-pusher-chat/vendor/laravel/framework/src/Illuminate/Http/Middleware/TrustProxies.php(39): Illuminate\\Pipeline\\Pipeline->Illuminate\\Pipeline\\{closure}()
#45 /home/aung/Project/Practice/laravel-pusher-chat/vendor/laravel/framework/src/Illuminate/Pipeline/Pipeline.php(183): Illuminate\\Http\\Middleware\\TrustProxies->handle()
#46 /home/aung/Project/Practice/laravel-pusher-chat/vendor/laravel/framework/src/Illuminate/Pipeline/Pipeline.php(119): Illuminate\\Pipeline\\Pipeline->Illuminate\\Pipeline\\{closure}()
#47 /home/aung/Project/Practice/laravel-pusher-chat/vendor/laravel/framework/src/Illuminate/Foundation/Http/Kernel.php(175): Illuminate\\Pipeline\\Pipeline->then()
#48 /home/aung/Project/Practice/laravel-pusher-chat/vendor/laravel/framework/src/Illuminate/Foundation/Http/Kernel.php(144): Illuminate\\Foundation\\Http\\Kernel->sendRequestThroughRouter()
#49 /home/aung/Project/Practice/laravel-pusher-chat/public/index.php(51): Illuminate\\Foundation\\Http\\Kernel->handle()
#50 /home/aung/Project/Practice/laravel-pusher-chat/vendor/laravel/framework/src/Illuminate/Foundation/resources/server.php(16): require_once('...')
#51 {main}
"} 
[2024-02-29 03:34:57] local.ERROR: SQLSTATE[42000]: Syntax error or access violation: 1055 Expression #1 of SELECT list is not in GROUP BY clause and contains nonaggregated column 'chat.chat_messages.id' which is not functionally dependent on columns in GROUP BY clause; this is incompatible with sql_mode=only_full_group_by (Connection: mysql, SQL: select * from `chat_messages` where `chat_id` = 2 and (`user_id` = 1 or `user_id` = 5) group by `created_at` order by `id` asc) {"userId":1,"exception":"[object] (Illuminate\\Database\\QueryException(code: 42000): SQLSTATE[42000]: Syntax error or access violation: 1055 Expression #1 of SELECT list is not in GROUP BY clause and contains nonaggregated column 'chat.chat_messages.id' which is not functionally dependent on columns in GROUP BY clause; this is incompatible with sql_mode=only_full_group_by (Connection: mysql, SQL: select * from `chat_messages` where `chat_id` = 2 and (`user_id` = 1 or `user_id` = 5) group by `created_at` order by `id` asc) at /home/aung/Project/Practice/laravel-pusher-chat/vendor/laravel/framework/src/Illuminate/Database/Connection.php:829)
[stacktrace]
#0 /home/aung/Project/Practice/laravel-pusher-chat/vendor/laravel/framework/src/Illuminate/Database/Connection.php(783): Illuminate\\Database\\Connection->runQueryCallback()
#1 /home/aung/Project/Practice/laravel-pusher-chat/vendor/laravel/framework/src/Illuminate/Database/Connection.php(414): Illuminate\\Database\\Connection->run()
#2 /home/aung/Project/Practice/laravel-pusher-chat/vendor/laravel/framework/src/Illuminate/Database/Query/Builder.php(2751): Illuminate\\Database\\Connection->select()
#3 /home/aung/Project/Practice/laravel-pusher-chat/vendor/laravel/framework/src/Illuminate/Database/Query/Builder.php(2740): Illuminate\\Database\\Query\\Builder->runSelect()
#4 /home/aung/Project/Practice/laravel-pusher-chat/vendor/laravel/framework/src/Illuminate/Database/Query/Builder.php(3294): Illuminate\\Database\\Query\\Builder->Illuminate\\Database\\Query\\{closure}()
#5 /home/aung/Project/Practice/laravel-pusher-chat/vendor/laravel/framework/src/Illuminate/Database/Query/Builder.php(2739): Illuminate\\Database\\Query\\Builder->onceWithColumns()
#6 /home/aung/Project/Practice/laravel-pusher-chat/vendor/laravel/framework/src/Illuminate/Database/Eloquent/Builder.php(738): Illuminate\\Database\\Query\\Builder->get()
#7 /home/aung/Project/Practice/laravel-pusher-chat/vendor/laravel/framework/src/Illuminate/Database/Eloquent/Builder.php(722): Illuminate\\Database\\Eloquent\\Builder->getModels()
#8 /home/aung/Project/Practice/laravel-pusher-chat/app/Http/Controllers/ChatMessageController.php(46): Illuminate\\Database\\Eloquent\\Builder->get()
#9 /home/aung/Project/Practice/laravel-pusher-chat/vendor/laravel/framework/src/Illuminate/Routing/Controller.php(54): App\\Http\\Controllers\\ChatMessageController->index()
#10 /home/aung/Project/Practice/laravel-pusher-chat/vendor/laravel/framework/src/Illuminate/Routing/ControllerDispatcher.php(43): Illuminate\\Routing\\Controller->callAction()
#11 /home/aung/Project/Practice/laravel-pusher-chat/vendor/laravel/framework/src/Illuminate/Routing/Route.php(259): Illuminate\\Routing\\ControllerDispatcher->dispatch()
#12 /home/aung/Project/Practice/laravel-pusher-chat/vendor/laravel/framework/src/Illuminate/Routing/Route.php(205): Illuminate\\Routing\\Route->runController()
#13 /home/aung/Project/Practice/laravel-pusher-chat/vendor/laravel/framework/src/Illuminate/Routing/Router.php(806): Illuminate\\Routing\\Route->run()
#14 /home/aung/Project/Practice/laravel-pusher-chat/vendor/laravel/framework/src/Illuminate/Pipeline/Pipeline.php(144): Illuminate\\Routing\\Router->Illuminate\\Routing\\{closure}()
#15 /home/aung/Project/Practice/laravel-pusher-chat/vendor/laravel/framework/src/Illuminate/Routing/Middleware/SubstituteBindings.php(50): Illuminate\\Pipeline\\Pipeline->Illuminate\\Pipeline\\{closure}()
#16 /home/aung/Project/Practice/laravel-pusher-chat/vendor/laravel/framework/src/Illuminate/Pipeline/Pipeline.php(183): Illuminate\\Routing\\Middleware\\SubstituteBindings->handle()
#17 /home/aung/Project/Practice/laravel-pusher-chat/vendor/laravel/framework/src/Illuminate/Routing/Middleware/ThrottleRequests.php(159): Illuminate\\Pipeline\\Pipeline->Illuminate\\Pipeline\\{closure}()
#18 /home/aung/Project/Practice/laravel-pusher-chat/vendor/laravel/framework/src/Illuminate/Routing/Middleware/ThrottleRequests.php(125): Illuminate\\Routing\\Middleware\\ThrottleRequests->handleRequest()
#19 /home/aung/Project/Practice/laravel-pusher-chat/vendor/laravel/framework/src/Illuminate/Routing/Middleware/ThrottleRequests.php(87): Illuminate\\Routing\\Middleware\\ThrottleRequests->handleRequestUsingNamedLimiter()
#20 /home/aung/Project/Practice/laravel-pusher-chat/vendor/laravel/framework/src/Illuminate/Pipeline/Pipeline.php(183): Illuminate\\Routing\\Middleware\\ThrottleRequests->handle()
#21 /home/aung/Project/Practice/laravel-pusher-chat/vendor/laravel/framework/src/Illuminate/Auth/Middleware/Authenticate.php(57): Illuminate\\Pipeline\\Pipeline->Illuminate\\Pipeline\\{closure}()
#22 /home/aung/Project/Practice/laravel-pusher-chat/vendor/laravel/framework/src/Illuminate/Pipeline/Pipeline.php(183): Illuminate\\Auth\\Middleware\\Authenticate->handle()
#23 /home/aung/Project/Practice/laravel-pusher-chat/vendor/laravel/framework/src/Illuminate/Pipeline/Pipeline.php(119): Illuminate\\Pipeline\\Pipeline->Illuminate\\Pipeline\\{closure}()
#24 /home/aung/Project/Practice/laravel-pusher-chat/vendor/laravel/framework/src/Illuminate/Routing/Router.php(805): Illuminate\\Pipeline\\Pipeline->then()
#25 /home/aung/Project/Practice/laravel-pusher-chat/vendor/laravel/framework/src/Illuminate/Routing/Router.php(784): Illuminate\\Routing\\Router->runRouteWithinStack()
#26 /home/aung/Project/Practice/laravel-pusher-chat/vendor/laravel/framework/src/Illuminate/Routing/Router.php(748): Illuminate\\Routing\\Router->runRoute()
#27 /home/aung/Project/Practice/laravel-pusher-chat/vendor/laravel/framework/src/Illuminate/Routing/Router.php(737): Illuminate\\Routing\\Router->dispatchToRoute()
#28 /home/aung/Project/Practice/laravel-pusher-chat/vendor/laravel/framework/src/Illuminate/Foundation/Http/Kernel.php(200): Illuminate\\Routing\\Router->dispatch()
#29 /home/aung/Project/Practice/laravel-pusher-chat/vendor/laravel/framework/src/Illuminate/Pipeline/Pipeline.php(144): Illuminate\\Foundation\\Http\\Kernel->Illuminate\\Foundation\\Http\\{closure}()
#30 /home/aung/Project/Practice/laravel-pusher-chat/vendor/laravel/framework/src/Illuminate/Foundation/Http/Middleware/TransformsRequest.php(21): Illuminate\\Pipeline\\Pipeline->Illuminate\\Pipeline\\{closure}()
#31 /home/aung/Project/Practice/laravel-pusher-chat/vendor/laravel/framework/src/Illuminate/Foundation/Http/Middleware/ConvertEmptyStringsToNull.php(31): Illuminate\\Foundation\\Http\\Middleware\\TransformsRequest->handle()
#32 /home/aung/Project/Practice/laravel-pusher-chat/vendor/laravel/framework/src/Illuminate/Pipeline/Pipeline.php(183): Illuminate\\Foundation\\Http\\Middleware\\ConvertEmptyStringsToNull->handle()
#33 /home/aung/Project/Practice/laravel-pusher-chat/vendor/laravel/framework/src/Illuminate/Foundation/Http/Middleware/TransformsRequest.php(21): Illuminate\\Pipeline\\Pipeline->Illuminate\\Pipeline\\{closure}()
#34 /home/aung/Project/Practice/laravel-pusher-chat/vendor/laravel/framework/src/Illuminate/Foundation/Http/Middleware/TrimStrings.php(40): Illuminate\\Foundation\\Http\\Middleware\\TransformsRequest->handle()
#35 /home/aung/Project/Practice/laravel-pusher-chat/vendor/laravel/framework/src/Illuminate/Pipeline/Pipeline.php(183): Illuminate\\Foundation\\Http\\Middleware\\TrimStrings->handle()
#36 /home/aung/Project/Practice/laravel-pusher-chat/vendor/laravel/framework/src/Illuminate/Foundation/Http/Middleware/ValidatePostSize.php(27): Illuminate\\Pipeline\\Pipeline->Illuminate\\Pipeline\\{closure}()
#37 /home/aung/Project/Practice/laravel-pusher-chat/vendor/laravel/framework/src/Illuminate/Pipeline/Pipeline.php(183): Illuminate\\Foundation\\Http\\Middleware\\ValidatePostSize->handle()
#38 /home/aung/Project/Practice/laravel-pusher-chat/vendor/laravel/framework/src/Illuminate/Foundation/Http/Middleware/PreventRequestsDuringMaintenance.php(99): Illuminate\\Pipeline\\Pipeline->Illuminate\\Pipeline\\{closure}()
#39 /home/aung/Project/Practice/laravel-pusher-chat/vendor/laravel/framework/src/Illuminate/Pipeline/Pipeline.php(183): Illuminate\\Foundation\\Http\\Middleware\\PreventRequestsDuringMaintenance->handle()
#40 /home/aung/Project/Practice/laravel-pusher-chat/vendor/laravel/framework/src/Illuminate/Http/Middleware/HandleCors.php(62): Illuminate\\Pipeline\\Pipeline->Illuminate\\Pipeline\\{closure}()
#41 /home/aung/Project/Practice/laravel-pusher-chat/vendor/laravel/framework/src/Illuminate/Pipeline/Pipeline.php(183): Illuminate\\Http\\Middleware\\HandleCors->handle()
#42 /home/aung/Project/Practice/laravel-pusher-chat/vendor/laravel/framework/src/Illuminate/Http/Middleware/TrustProxies.php(39): Illuminate\\Pipeline\\Pipeline->Illuminate\\Pipeline\\{closure}()
#43 /home/aung/Project/Practice/laravel-pusher-chat/vendor/laravel/framework/src/Illuminate/Pipeline/Pipeline.php(183): Illuminate\\Http\\Middleware\\TrustProxies->handle()
#44 /home/aung/Project/Practice/laravel-pusher-chat/vendor/laravel/framework/src/Illuminate/Pipeline/Pipeline.php(119): Illuminate\\Pipeline\\Pipeline->Illuminate\\Pipeline\\{closure}()
#45 /home/aung/Project/Practice/laravel-pusher-chat/vendor/laravel/framework/src/Illuminate/Foundation/Http/Kernel.php(175): Illuminate\\Pipeline\\Pipeline->then()
#46 /home/aung/Project/Practice/laravel-pusher-chat/vendor/laravel/framework/src/Illuminate/Foundation/Http/Kernel.php(144): Illuminate\\Foundation\\Http\\Kernel->sendRequestThroughRouter()
#47 /home/aung/Project/Practice/laravel-pusher-chat/public/index.php(51): Illuminate\\Foundation\\Http\\Kernel->handle()
#48 /home/aung/Project/Practice/laravel-pusher-chat/vendor/laravel/framework/src/Illuminate/Foundation/resources/server.php(16): require_once('...')
#49 {main}

[previous exception] [object] (PDOException(code: 42000): SQLSTATE[42000]: Syntax error or access violation: 1055 Expression #1 of SELECT list is not in GROUP BY clause and contains nonaggregated column 'chat.chat_messages.id' which is not functionally dependent on columns in GROUP BY clause; this is incompatible with sql_mode=only_full_group_by at /home/aung/Project/Practice/laravel-pusher-chat/vendor/laravel/framework/src/Illuminate/Database/Connection.php:423)
[stacktrace]
#0 /home/aung/Project/Practice/laravel-pusher-chat/vendor/laravel/framework/src/Illuminate/Database/Connection.php(423): PDO->prepare()
#1 /home/aung/Project/Practice/laravel-pusher-chat/vendor/laravel/framework/src/Illuminate/Database/Connection.php(816): Illuminate\\Database\\Connection->Illuminate\\Database\\{closure}()
#2 /home/aung/Project/Practice/laravel-pusher-chat/vendor/laravel/framework/src/Illuminate/Database/Connection.php(783): Illuminate\\Database\\Connection->runQueryCallback()
#3 /home/aung/Project/Practice/laravel-pusher-chat/vendor/laravel/framework/src/Illuminate/Database/Connection.php(414): Illuminate\\Database\\Connection->run()
#4 /home/aung/Project/Practice/laravel-pusher-chat/vendor/laravel/framework/src/Illuminate/Database/Query/Builder.php(2751): Illuminate\\Database\\Connection->select()
#5 /home/aung/Project/Practice/laravel-pusher-chat/vendor/laravel/framework/src/Illuminate/Database/Query/Builder.php(2740): Illuminate\\Database\\Query\\Builder->runSelect()
#6 /home/aung/Project/Practice/laravel-pusher-chat/vendor/laravel/framework/src/Illuminate/Database/Query/Builder.php(3294): Illuminate\\Database\\Query\\Builder->Illuminate\\Database\\Query\\{closure}()
#7 /home/aung/Project/Practice/laravel-pusher-chat/vendor/laravel/framework/src/Illuminate/Database/Query/Builder.php(2739): Illuminate\\Database\\Query\\Builder->onceWithColumns()
#8 /home/aung/Project/Practice/laravel-pusher-chat/vendor/laravel/framework/src/Illuminate/Database/Eloquent/Builder.php(738): Illuminate\\Database\\Query\\Builder->get()
#9 /home/aung/Project/Practice/laravel-pusher-chat/vendor/laravel/framework/src/Illuminate/Database/Eloquent/Builder.php(722): Illuminate\\Database\\Eloquent\\Builder->getModels()
#10 /home/aung/Project/Practice/laravel-pusher-chat/app/Http/Controllers/ChatMessageController.php(46): Illuminate\\Database\\Eloquent\\Builder->get()
#11 /home/aung/Project/Practice/laravel-pusher-chat/vendor/laravel/framework/src/Illuminate/Routing/Controller.php(54): App\\Http\\Controllers\\ChatMessageController->index()
#12 /home/aung/Project/Practice/laravel-pusher-chat/vendor/laravel/framework/src/Illuminate/Routing/ControllerDispatcher.php(43): Illuminate\\Routing\\Controller->callAction()
#13 /home/aung/Project/Practice/laravel-pusher-chat/vendor/laravel/framework/src/Illuminate/Routing/Route.php(259): Illuminate\\Routing\\ControllerDispatcher->dispatch()
#14 /home/aung/Project/Practice/laravel-pusher-chat/vendor/laravel/framework/src/Illuminate/Routing/Route.php(205): Illuminate\\Routing\\Route->runController()
#15 /home/aung/Project/Practice/laravel-pusher-chat/vendor/laravel/framework/src/Illuminate/Routing/Router.php(806): Illuminate\\Routing\\Route->run()
#16 /home/aung/Project/Practice/laravel-pusher-chat/vendor/laravel/framework/src/Illuminate/Pipeline/Pipeline.php(144): Illuminate\\Routing\\Router->Illuminate\\Routing\\{closure}()
#17 /home/aung/Project/Practice/laravel-pusher-chat/vendor/laravel/framework/src/Illuminate/Routing/Middleware/SubstituteBindings.php(50): Illuminate\\Pipeline\\Pipeline->Illuminate\\Pipeline\\{closure}()
#18 /home/aung/Project/Practice/laravel-pusher-chat/vendor/laravel/framework/src/Illuminate/Pipeline/Pipeline.php(183): Illuminate\\Routing\\Middleware\\SubstituteBindings->handle()
#19 /home/aung/Project/Practice/laravel-pusher-chat/vendor/laravel/framework/src/Illuminate/Routing/Middleware/ThrottleRequests.php(159): Illuminate\\Pipeline\\Pipeline->Illuminate\\Pipeline\\{closure}()
#20 /home/aung/Project/Practice/laravel-pusher-chat/vendor/laravel/framework/src/Illuminate/Routing/Middleware/ThrottleRequests.php(125): Illuminate\\Routing\\Middleware\\ThrottleRequests->handleRequest()
#21 /home/aung/Project/Practice/laravel-pusher-chat/vendor/laravel/framework/src/Illuminate/Routing/Middleware/ThrottleRequests.php(87): Illuminate\\Routing\\Middleware\\ThrottleRequests->handleRequestUsingNamedLimiter()
#22 /home/aung/Project/Practice/laravel-pusher-chat/vendor/laravel/framework/src/Illuminate/Pipeline/Pipeline.php(183): Illuminate\\Routing\\Middleware\\ThrottleRequests->handle()
#23 /home/aung/Project/Practice/laravel-pusher-chat/vendor/laravel/framework/src/Illuminate/Auth/Middleware/Authenticate.php(57): Illuminate\\Pipeline\\Pipeline->Illuminate\\Pipeline\\{closure}()
#24 /home/aung/Project/Practice/laravel-pusher-chat/vendor/laravel/framework/src/Illuminate/Pipeline/Pipeline.php(183): Illuminate\\Auth\\Middleware\\Authenticate->handle()
#25 /home/aung/Project/Practice/laravel-pusher-chat/vendor/laravel/framework/src/Illuminate/Pipeline/Pipeline.php(119): Illuminate\\Pipeline\\Pipeline->Illuminate\\Pipeline\\{closure}()
#26 /home/aung/Project/Practice/laravel-pusher-chat/vendor/laravel/framework/src/Illuminate/Routing/Router.php(805): Illuminate\\Pipeline\\Pipeline->then()
#27 /home/aung/Project/Practice/laravel-pusher-chat/vendor/laravel/framework/src/Illuminate/Routing/Router.php(784): Illuminate\\Routing\\Router->runRouteWithinStack()
#28 /home/aung/Project/Practice/laravel-pusher-chat/vendor/laravel/framework/src/Illuminate/Routing/Router.php(748): Illuminate\\Routing\\Router->runRoute()
#29 /home/aung/Project/Practice/laravel-pusher-chat/vendor/laravel/framework/src/Illuminate/Routing/Router.php(737): Illuminate\\Routing\\Router->dispatchToRoute()
#30 /home/aung/Project/Practice/laravel-pusher-chat/vendor/laravel/framework/src/Illuminate/Foundation/Http/Kernel.php(200): Illuminate\\Routing\\Router->dispatch()
#31 /home/aung/Project/Practice/laravel-pusher-chat/vendor/laravel/framework/src/Illuminate/Pipeline/Pipeline.php(144): Illuminate\\Foundation\\Http\\Kernel->Illuminate\\Foundation\\Http\\{closure}()
#32 /home/aung/Project/Practice/laravel-pusher-chat/vendor/laravel/framework/src/Illuminate/Foundation/Http/Middleware/TransformsRequest.php(21): Illuminate\\Pipeline\\Pipeline->Illuminate\\Pipeline\\{closure}()
#33 /home/aung/Project/Practice/laravel-pusher-chat/vendor/laravel/framework/src/Illuminate/Foundation/Http/Middleware/ConvertEmptyStringsToNull.php(31): Illuminate\\Foundation\\Http\\Middleware\\TransformsRequest->handle()
#34 /home/aung/Project/Practice/laravel-pusher-chat/vendor/laravel/framework/src/Illuminate/Pipeline/Pipeline.php(183): Illuminate\\Foundation\\Http\\Middleware\\ConvertEmptyStringsToNull->handle()
#35 /home/aung/Project/Practice/laravel-pusher-chat/vendor/laravel/framework/src/Illuminate/Foundation/Http/Middleware/TransformsRequest.php(21): Illuminate\\Pipeline\\Pipeline->Illuminate\\Pipeline\\{closure}()
#36 /home/aung/Project/Practice/laravel-pusher-chat/vendor/laravel/framework/src/Illuminate/Foundation/Http/Middleware/TrimStrings.php(40): Illuminate\\Foundation\\Http\\Middleware\\TransformsRequest->handle()
#37 /home/aung/Project/Practice/laravel-pusher-chat/vendor/laravel/framework/src/Illuminate/Pipeline/Pipeline.php(183): Illuminate\\Foundation\\Http\\Middleware\\TrimStrings->handle()
#38 /home/aung/Project/Practice/laravel-pusher-chat/vendor/laravel/framework/src/Illuminate/Foundation/Http/Middleware/ValidatePostSize.php(27): Illuminate\\Pipeline\\Pipeline->Illuminate\\Pipeline\\{closure}()
#39 /home/aung/Project/Practice/laravel-pusher-chat/vendor/laravel/framework/src/Illuminate/Pipeline/Pipeline.php(183): Illuminate\\Foundation\\Http\\Middleware\\ValidatePostSize->handle()
#40 /home/aung/Project/Practice/laravel-pusher-chat/vendor/laravel/framework/src/Illuminate/Foundation/Http/Middleware/PreventRequestsDuringMaintenance.php(99): Illuminate\\Pipeline\\Pipeline->Illuminate\\Pipeline\\{closure}()
#41 /home/aung/Project/Practice/laravel-pusher-chat/vendor/laravel/framework/src/Illuminate/Pipeline/Pipeline.php(183): Illuminate\\Foundation\\Http\\Middleware\\PreventRequestsDuringMaintenance->handle()
#42 /home/aung/Project/Practice/laravel-pusher-chat/vendor/laravel/framework/src/Illuminate/Http/Middleware/HandleCors.php(62): Illuminate\\Pipeline\\Pipeline->Illuminate\\Pipeline\\{closure}()
#43 /home/aung/Project/Practice/laravel-pusher-chat/vendor/laravel/framework/src/Illuminate/Pipeline/Pipeline.php(183): Illuminate\\Http\\Middleware\\HandleCors->handle()
#44 /home/aung/Project/Practice/laravel-pusher-chat/vendor/laravel/framework/src/Illuminate/Http/Middleware/TrustProxies.php(39): Illuminate\\Pipeline\\Pipeline->Illuminate\\Pipeline\\{closure}()
#45 /home/aung/Project/Practice/laravel-pusher-chat/vendor/laravel/framework/src/Illuminate/Pipeline/Pipeline.php(183): Illuminate\\Http\\Middleware\\TrustProxies->handle()
#46 /home/aung/Project/Practice/laravel-pusher-chat/vendor/laravel/framework/src/Illuminate/Pipeline/Pipeline.php(119): Illuminate\\Pipeline\\Pipeline->Illuminate\\Pipeline\\{closure}()
#47 /home/aung/Project/Practice/laravel-pusher-chat/vendor/laravel/framework/src/Illuminate/Foundation/Http/Kernel.php(175): Illuminate\\Pipeline\\Pipeline->then()
#48 /home/aung/Project/Practice/laravel-pusher-chat/vendor/laravel/framework/src/Illuminate/Foundation/Http/Kernel.php(144): Illuminate\\Foundation\\Http\\Kernel->sendRequestThroughRouter()
#49 /home/aung/Project/Practice/laravel-pusher-chat/public/index.php(51): Illuminate\\Foundation\\Http\\Kernel->handle()
#50 /home/aung/Project/Practice/laravel-pusher-chat/vendor/laravel/framework/src/Illuminate/Foundation/resources/server.php(16): require_once('...')
#51 {main}
"} 
[2024-02-29 03:35:00] local.ERROR: SQLSTATE[42000]: Syntax error or access violation: 1055 Expression #1 of SELECT list is not in GROUP BY clause and contains nonaggregated column 'chat.chat_messages.id' which is not functionally dependent on columns in GROUP BY clause; this is incompatible with sql_mode=only_full_group_by (Connection: mysql, SQL: select * from `chat_messages` where `chat_id` = 1 and (`user_id` = 1 or `user_id` = 2) group by `created_at` order by `id` asc) {"userId":1,"exception":"[object] (Illuminate\\Database\\QueryException(code: 42000): SQLSTATE[42000]: Syntax error or access violation: 1055 Expression #1 of SELECT list is not in GROUP BY clause and contains nonaggregated column 'chat.chat_messages.id' which is not functionally dependent on columns in GROUP BY clause; this is incompatible with sql_mode=only_full_group_by (Connection: mysql, SQL: select * from `chat_messages` where `chat_id` = 1 and (`user_id` = 1 or `user_id` = 2) group by `created_at` order by `id` asc) at /home/aung/Project/Practice/laravel-pusher-chat/vendor/laravel/framework/src/Illuminate/Database/Connection.php:829)
[stacktrace]
#0 /home/aung/Project/Practice/laravel-pusher-chat/vendor/laravel/framework/src/Illuminate/Database/Connection.php(783): Illuminate\\Database\\Connection->runQueryCallback()
#1 /home/aung/Project/Practice/laravel-pusher-chat/vendor/laravel/framework/src/Illuminate/Database/Connection.php(414): Illuminate\\Database\\Connection->run()
#2 /home/aung/Project/Practice/laravel-pusher-chat/vendor/laravel/framework/src/Illuminate/Database/Query/Builder.php(2751): Illuminate\\Database\\Connection->select()
#3 /home/aung/Project/Practice/laravel-pusher-chat/vendor/laravel/framework/src/Illuminate/Database/Query/Builder.php(2740): Illuminate\\Database\\Query\\Builder->runSelect()
#4 /home/aung/Project/Practice/laravel-pusher-chat/vendor/laravel/framework/src/Illuminate/Database/Query/Builder.php(3294): Illuminate\\Database\\Query\\Builder->Illuminate\\Database\\Query\\{closure}()
#5 /home/aung/Project/Practice/laravel-pusher-chat/vendor/laravel/framework/src/Illuminate/Database/Query/Builder.php(2739): Illuminate\\Database\\Query\\Builder->onceWithColumns()
#6 /home/aung/Project/Practice/laravel-pusher-chat/vendor/laravel/framework/src/Illuminate/Database/Eloquent/Builder.php(738): Illuminate\\Database\\Query\\Builder->get()
#7 /home/aung/Project/Practice/laravel-pusher-chat/vendor/laravel/framework/src/Illuminate/Database/Eloquent/Builder.php(722): Illuminate\\Database\\Eloquent\\Builder->getModels()
#8 /home/aung/Project/Practice/laravel-pusher-chat/app/Http/Controllers/ChatMessageController.php(46): Illuminate\\Database\\Eloquent\\Builder->get()
#9 /home/aung/Project/Practice/laravel-pusher-chat/vendor/laravel/framework/src/Illuminate/Routing/Controller.php(54): App\\Http\\Controllers\\ChatMessageController->index()
#10 /home/aung/Project/Practice/laravel-pusher-chat/vendor/laravel/framework/src/Illuminate/Routing/ControllerDispatcher.php(43): Illuminate\\Routing\\Controller->callAction()
#11 /home/aung/Project/Practice/laravel-pusher-chat/vendor/laravel/framework/src/Illuminate/Routing/Route.php(259): Illuminate\\Routing\\ControllerDispatcher->dispatch()
#12 /home/aung/Project/Practice/laravel-pusher-chat/vendor/laravel/framework/src/Illuminate/Routing/Route.php(205): Illuminate\\Routing\\Route->runController()
#13 /home/aung/Project/Practice/laravel-pusher-chat/vendor/laravel/framework/src/Illuminate/Routing/Router.php(806): Illuminate\\Routing\\Route->run()
#14 /home/aung/Project/Practice/laravel-pusher-chat/vendor/laravel/framework/src/Illuminate/Pipeline/Pipeline.php(144): Illuminate\\Routing\\Router->Illuminate\\Routing\\{closure}()
#15 /home/aung/Project/Practice/laravel-pusher-chat/vendor/laravel/framework/src/Illuminate/Routing/Middleware/SubstituteBindings.php(50): Illuminate\\Pipeline\\Pipeline->Illuminate\\Pipeline\\{closure}()
#16 /home/aung/Project/Practice/laravel-pusher-chat/vendor/laravel/framework/src/Illuminate/Pipeline/Pipeline.php(183): Illuminate\\Routing\\Middleware\\SubstituteBindings->handle()
#17 /home/aung/Project/Practice/laravel-pusher-chat/vendor/laravel/framework/src/Illuminate/Routing/Middleware/ThrottleRequests.php(159): Illuminate\\Pipeline\\Pipeline->Illuminate\\Pipeline\\{closure}()
#18 /home/aung/Project/Practice/laravel-pusher-chat/vendor/laravel/framework/src/Illuminate/Routing/Middleware/ThrottleRequests.php(125): Illuminate\\Routing\\Middleware\\ThrottleRequests->handleRequest()
#19 /home/aung/Project/Practice/laravel-pusher-chat/vendor/laravel/framework/src/Illuminate/Routing/Middleware/ThrottleRequests.php(87): Illuminate\\Routing\\Middleware\\ThrottleRequests->handleRequestUsingNamedLimiter()
#20 /home/aung/Project/Practice/laravel-pusher-chat/vendor/laravel/framework/src/Illuminate/Pipeline/Pipeline.php(183): Illuminate\\Routing\\Middleware\\ThrottleRequests->handle()
#21 /home/aung/Project/Practice/laravel-pusher-chat/vendor/laravel/framework/src/Illuminate/Auth/Middleware/Authenticate.php(57): Illuminate\\Pipeline\\Pipeline->Illuminate\\Pipeline\\{closure}()
#22 /home/aung/Project/Practice/laravel-pusher-chat/vendor/laravel/framework/src/Illuminate/Pipeline/Pipeline.php(183): Illuminate\\Auth\\Middleware\\Authenticate->handle()
#23 /home/aung/Project/Practice/laravel-pusher-chat/vendor/laravel/framework/src/Illuminate/Pipeline/Pipeline.php(119): Illuminate\\Pipeline\\Pipeline->Illuminate\\Pipeline\\{closure}()
#24 /home/aung/Project/Practice/laravel-pusher-chat/vendor/laravel/framework/src/Illuminate/Routing/Router.php(805): Illuminate\\Pipeline\\Pipeline->then()
#25 /home/aung/Project/Practice/laravel-pusher-chat/vendor/laravel/framework/src/Illuminate/Routing/Router.php(784): Illuminate\\Routing\\Router->runRouteWithinStack()
#26 /home/aung/Project/Practice/laravel-pusher-chat/vendor/laravel/framework/src/Illuminate/Routing/Router.php(748): Illuminate\\Routing\\Router->runRoute()
#27 /home/aung/Project/Practice/laravel-pusher-chat/vendor/laravel/framework/src/Illuminate/Routing/Router.php(737): Illuminate\\Routing\\Router->dispatchToRoute()
#28 /home/aung/Project/Practice/laravel-pusher-chat/vendor/laravel/framework/src/Illuminate/Foundation/Http/Kernel.php(200): Illuminate\\Routing\\Router->dispatch()
#29 /home/aung/Project/Practice/laravel-pusher-chat/vendor/laravel/framework/src/Illuminate/Pipeline/Pipeline.php(144): Illuminate\\Foundation\\Http\\Kernel->Illuminate\\Foundation\\Http\\{closure}()
#30 /home/aung/Project/Practice/laravel-pusher-chat/vendor/laravel/framework/src/Illuminate/Foundation/Http/Middleware/TransformsRequest.php(21): Illuminate\\Pipeline\\Pipeline->Illuminate\\Pipeline\\{closure}()
#31 /home/aung/Project/Practice/laravel-pusher-chat/vendor/laravel/framework/src/Illuminate/Foundation/Http/Middleware/ConvertEmptyStringsToNull.php(31): Illuminate\\Foundation\\Http\\Middleware\\TransformsRequest->handle()
#32 /home/aung/Project/Practice/laravel-pusher-chat/vendor/laravel/framework/src/Illuminate/Pipeline/Pipeline.php(183): Illuminate\\Foundation\\Http\\Middleware\\ConvertEmptyStringsToNull->handle()
#33 /home/aung/Project/Practice/laravel-pusher-chat/vendor/laravel/framework/src/Illuminate/Foundation/Http/Middleware/TransformsRequest.php(21): Illuminate\\Pipeline\\Pipeline->Illuminate\\Pipeline\\{closure}()
#34 /home/aung/Project/Practice/laravel-pusher-chat/vendor/laravel/framework/src/Illuminate/Foundation/Http/Middleware/TrimStrings.php(40): Illuminate\\Foundation\\Http\\Middleware\\TransformsRequest->handle()
#35 /home/aung/Project/Practice/laravel-pusher-chat/vendor/laravel/framework/src/Illuminate/Pipeline/Pipeline.php(183): Illuminate\\Foundation\\Http\\Middleware\\TrimStrings->handle()
#36 /home/aung/Project/Practice/laravel-pusher-chat/vendor/laravel/framework/src/Illuminate/Foundation/Http/Middleware/ValidatePostSize.php(27): Illuminate\\Pipeline\\Pipeline->Illuminate\\Pipeline\\{closure}()
#37 /home/aung/Project/Practice/laravel-pusher-chat/vendor/laravel/framework/src/Illuminate/Pipeline/Pipeline.php(183): Illuminate\\Foundation\\Http\\Middleware\\ValidatePostSize->handle()
#38 /home/aung/Project/Practice/laravel-pusher-chat/vendor/laravel/framework/src/Illuminate/Foundation/Http/Middleware/PreventRequestsDuringMaintenance.php(99): Illuminate\\Pipeline\\Pipeline->Illuminate\\Pipeline\\{closure}()
#39 /home/aung/Project/Practice/laravel-pusher-chat/vendor/laravel/framework/src/Illuminate/Pipeline/Pipeline.php(183): Illuminate\\Foundation\\Http\\Middleware\\PreventRequestsDuringMaintenance->handle()
#40 /home/aung/Project/Practice/laravel-pusher-chat/vendor/laravel/framework/src/Illuminate/Http/Middleware/HandleCors.php(62): Illuminate\\Pipeline\\Pipeline->Illuminate\\Pipeline\\{closure}()
#41 /home/aung/Project/Practice/laravel-pusher-chat/vendor/laravel/framework/src/Illuminate/Pipeline/Pipeline.php(183): Illuminate\\Http\\Middleware\\HandleCors->handle()
#42 /home/aung/Project/Practice/laravel-pusher-chat/vendor/laravel/framework/src/Illuminate/Http/Middleware/TrustProxies.php(39): Illuminate\\Pipeline\\Pipeline->Illuminate\\Pipeline\\{closure}()
#43 /home/aung/Project/Practice/laravel-pusher-chat/vendor/laravel/framework/src/Illuminate/Pipeline/Pipeline.php(183): Illuminate\\Http\\Middleware\\TrustProxies->handle()
#44 /home/aung/Project/Practice/laravel-pusher-chat/vendor/laravel/framework/src/Illuminate/Pipeline/Pipeline.php(119): Illuminate\\Pipeline\\Pipeline->Illuminate\\Pipeline\\{closure}()
#45 /home/aung/Project/Practice/laravel-pusher-chat/vendor/laravel/framework/src/Illuminate/Foundation/Http/Kernel.php(175): Illuminate\\Pipeline\\Pipeline->then()
#46 /home/aung/Project/Practice/laravel-pusher-chat/vendor/laravel/framework/src/Illuminate/Foundation/Http/Kernel.php(144): Illuminate\\Foundation\\Http\\Kernel->sendRequestThroughRouter()
#47 /home/aung/Project/Practice/laravel-pusher-chat/public/index.php(51): Illuminate\\Foundation\\Http\\Kernel->handle()
#48 /home/aung/Project/Practice/laravel-pusher-chat/vendor/laravel/framework/src/Illuminate/Foundation/resources/server.php(16): require_once('...')
#49 {main}

[previous exception] [object] (PDOException(code: 42000): SQLSTATE[42000]: Syntax error or access violation: 1055 Expression #1 of SELECT list is not in GROUP BY clause and contains nonaggregated column 'chat.chat_messages.id' which is not functionally dependent on columns in GROUP BY clause; this is incompatible with sql_mode=only_full_group_by at /home/aung/Project/Practice/laravel-pusher-chat/vendor/laravel/framework/src/Illuminate/Database/Connection.php:423)
[stacktrace]
#0 /home/aung/Project/Practice/laravel-pusher-chat/vendor/laravel/framework/src/Illuminate/Database/Connection.php(423): PDO->prepare()
#1 /home/aung/Project/Practice/laravel-pusher-chat/vendor/laravel/framework/src/Illuminate/Database/Connection.php(816): Illuminate\\Database\\Connection->Illuminate\\Database\\{closure}()
#2 /home/aung/Project/Practice/laravel-pusher-chat/vendor/laravel/framework/src/Illuminate/Database/Connection.php(783): Illuminate\\Database\\Connection->runQueryCallback()
#3 /home/aung/Project/Practice/laravel-pusher-chat/vendor/laravel/framework/src/Illuminate/Database/Connection.php(414): Illuminate\\Database\\Connection->run()
#4 /home/aung/Project/Practice/laravel-pusher-chat/vendor/laravel/framework/src/Illuminate/Database/Query/Builder.php(2751): Illuminate\\Database\\Connection->select()
#5 /home/aung/Project/Practice/laravel-pusher-chat/vendor/laravel/framework/src/Illuminate/Database/Query/Builder.php(2740): Illuminate\\Database\\Query\\Builder->runSelect()
#6 /home/aung/Project/Practice/laravel-pusher-chat/vendor/laravel/framework/src/Illuminate/Database/Query/Builder.php(3294): Illuminate\\Database\\Query\\Builder->Illuminate\\Database\\Query\\{closure}()
#7 /home/aung/Project/Practice/laravel-pusher-chat/vendor/laravel/framework/src/Illuminate/Database/Query/Builder.php(2739): Illuminate\\Database\\Query\\Builder->onceWithColumns()
#8 /home/aung/Project/Practice/laravel-pusher-chat/vendor/laravel/framework/src/Illuminate/Database/Eloquent/Builder.php(738): Illuminate\\Database\\Query\\Builder->get()
#9 /home/aung/Project/Practice/laravel-pusher-chat/vendor/laravel/framework/src/Illuminate/Database/Eloquent/Builder.php(722): Illuminate\\Database\\Eloquent\\Builder->getModels()
#10 /home/aung/Project/Practice/laravel-pusher-chat/app/Http/Controllers/ChatMessageController.php(46): Illuminate\\Database\\Eloquent\\Builder->get()
#11 /home/aung/Project/Practice/laravel-pusher-chat/vendor/laravel/framework/src/Illuminate/Routing/Controller.php(54): App\\Http\\Controllers\\ChatMessageController->index()
#12 /home/aung/Project/Practice/laravel-pusher-chat/vendor/laravel/framework/src/Illuminate/Routing/ControllerDispatcher.php(43): Illuminate\\Routing\\Controller->callAction()
#13 /home/aung/Project/Practice/laravel-pusher-chat/vendor/laravel/framework/src/Illuminate/Routing/Route.php(259): Illuminate\\Routing\\ControllerDispatcher->dispatch()
#14 /home/aung/Project/Practice/laravel-pusher-chat/vendor/laravel/framework/src/Illuminate/Routing/Route.php(205): Illuminate\\Routing\\Route->runController()
#15 /home/aung/Project/Practice/laravel-pusher-chat/vendor/laravel/framework/src/Illuminate/Routing/Router.php(806): Illuminate\\Routing\\Route->run()
#16 /home/aung/Project/Practice/laravel-pusher-chat/vendor/laravel/framework/src/Illuminate/Pipeline/Pipeline.php(144): Illuminate\\Routing\\Router->Illuminate\\Routing\\{closure}()
#17 /home/aung/Project/Practice/laravel-pusher-chat/vendor/laravel/framework/src/Illuminate/Routing/Middleware/SubstituteBindings.php(50): Illuminate\\Pipeline\\Pipeline->Illuminate\\Pipeline\\{closure}()
#18 /home/aung/Project/Practice/laravel-pusher-chat/vendor/laravel/framework/src/Illuminate/Pipeline/Pipeline.php(183): Illuminate\\Routing\\Middleware\\SubstituteBindings->handle()
#19 /home/aung/Project/Practice/laravel-pusher-chat/vendor/laravel/framework/src/Illuminate/Routing/Middleware/ThrottleRequests.php(159): Illuminate\\Pipeline\\Pipeline->Illuminate\\Pipeline\\{closure}()
#20 /home/aung/Project/Practice/laravel-pusher-chat/vendor/laravel/framework/src/Illuminate/Routing/Middleware/ThrottleRequests.php(125): Illuminate\\Routing\\Middleware\\ThrottleRequests->handleRequest()
#21 /home/aung/Project/Practice/laravel-pusher-chat/vendor/laravel/framework/src/Illuminate/Routing/Middleware/ThrottleRequests.php(87): Illuminate\\Routing\\Middleware\\ThrottleRequests->handleRequestUsingNamedLimiter()
#22 /home/aung/Project/Practice/laravel-pusher-chat/vendor/laravel/framework/src/Illuminate/Pipeline/Pipeline.php(183): Illuminate\\Routing\\Middleware\\ThrottleRequests->handle()
#23 /home/aung/Project/Practice/laravel-pusher-chat/vendor/laravel/framework/src/Illuminate/Auth/Middleware/Authenticate.php(57): Illuminate\\Pipeline\\Pipeline->Illuminate\\Pipeline\\{closure}()
#24 /home/aung/Project/Practice/laravel-pusher-chat/vendor/laravel/framework/src/Illuminate/Pipeline/Pipeline.php(183): Illuminate\\Auth\\Middleware\\Authenticate->handle()
#25 /home/aung/Project/Practice/laravel-pusher-chat/vendor/laravel/framework/src/Illuminate/Pipeline/Pipeline.php(119): Illuminate\\Pipeline\\Pipeline->Illuminate\\Pipeline\\{closure}()
#26 /home/aung/Project/Practice/laravel-pusher-chat/vendor/laravel/framework/src/Illuminate/Routing/Router.php(805): Illuminate\\Pipeline\\Pipeline->then()
#27 /home/aung/Project/Practice/laravel-pusher-chat/vendor/laravel/framework/src/Illuminate/Routing/Router.php(784): Illuminate\\Routing\\Router->runRouteWithinStack()
#28 /home/aung/Project/Practice/laravel-pusher-chat/vendor/laravel/framework/src/Illuminate/Routing/Router.php(748): Illuminate\\Routing\\Router->runRoute()
#29 /home/aung/Project/Practice/laravel-pusher-chat/vendor/laravel/framework/src/Illuminate/Routing/Router.php(737): Illuminate\\Routing\\Router->dispatchToRoute()
#30 /home/aung/Project/Practice/laravel-pusher-chat/vendor/laravel/framework/src/Illuminate/Foundation/Http/Kernel.php(200): Illuminate\\Routing\\Router->dispatch()
#31 /home/aung/Project/Practice/laravel-pusher-chat/vendor/laravel/framework/src/Illuminate/Pipeline/Pipeline.php(144): Illuminate\\Foundation\\Http\\Kernel->Illuminate\\Foundation\\Http\\{closure}()
#32 /home/aung/Project/Practice/laravel-pusher-chat/vendor/laravel/framework/src/Illuminate/Foundation/Http/Middleware/TransformsRequest.php(21): Illuminate\\Pipeline\\Pipeline->Illuminate\\Pipeline\\{closure}()
#33 /home/aung/Project/Practice/laravel-pusher-chat/vendor/laravel/framework/src/Illuminate/Foundation/Http/Middleware/ConvertEmptyStringsToNull.php(31): Illuminate\\Foundation\\Http\\Middleware\\TransformsRequest->handle()
#34 /home/aung/Project/Practice/laravel-pusher-chat/vendor/laravel/framework/src/Illuminate/Pipeline/Pipeline.php(183): Illuminate\\Foundation\\Http\\Middleware\\ConvertEmptyStringsToNull->handle()
#35 /home/aung/Project/Practice/laravel-pusher-chat/vendor/laravel/framework/src/Illuminate/Foundation/Http/Middleware/TransformsRequest.php(21): Illuminate\\Pipeline\\Pipeline->Illuminate\\Pipeline\\{closure}()
#36 /home/aung/Project/Practice/laravel-pusher-chat/vendor/laravel/framework/src/Illuminate/Foundation/Http/Middleware/TrimStrings.php(40): Illuminate\\Foundation\\Http\\Middleware\\TransformsRequest->handle()
#37 /home/aung/Project/Practice/laravel-pusher-chat/vendor/laravel/framework/src/Illuminate/Pipeline/Pipeline.php(183): Illuminate\\Foundation\\Http\\Middleware\\TrimStrings->handle()
#38 /home/aung/Project/Practice/laravel-pusher-chat/vendor/laravel/framework/src/Illuminate/Foundation/Http/Middleware/ValidatePostSize.php(27): Illuminate\\Pipeline\\Pipeline->Illuminate\\Pipeline\\{closure}()
#39 /home/aung/Project/Practice/laravel-pusher-chat/vendor/laravel/framework/src/Illuminate/Pipeline/Pipeline.php(183): Illuminate\\Foundation\\Http\\Middleware\\ValidatePostSize->handle()
#40 /home/aung/Project/Practice/laravel-pusher-chat/vendor/laravel/framework/src/Illuminate/Foundation/Http/Middleware/PreventRequestsDuringMaintenance.php(99): Illuminate\\Pipeline\\Pipeline->Illuminate\\Pipeline\\{closure}()
#41 /home/aung/Project/Practice/laravel-pusher-chat/vendor/laravel/framework/src/Illuminate/Pipeline/Pipeline.php(183): Illuminate\\Foundation\\Http\\Middleware\\PreventRequestsDuringMaintenance->handle()
#42 /home/aung/Project/Practice/laravel-pusher-chat/vendor/laravel/framework/src/Illuminate/Http/Middleware/HandleCors.php(62): Illuminate\\Pipeline\\Pipeline->Illuminate\\Pipeline\\{closure}()
#43 /home/aung/Project/Practice/laravel-pusher-chat/vendor/laravel/framework/src/Illuminate/Pipeline/Pipeline.php(183): Illuminate\\Http\\Middleware\\HandleCors->handle()
#44 /home/aung/Project/Practice/laravel-pusher-chat/vendor/laravel/framework/src/Illuminate/Http/Middleware/TrustProxies.php(39): Illuminate\\Pipeline\\Pipeline->Illuminate\\Pipeline\\{closure}()
#45 /home/aung/Project/Practice/laravel-pusher-chat/vendor/laravel/framework/src/Illuminate/Pipeline/Pipeline.php(183): Illuminate\\Http\\Middleware\\TrustProxies->handle()
#46 /home/aung/Project/Practice/laravel-pusher-chat/vendor/laravel/framework/src/Illuminate/Pipeline/Pipeline.php(119): Illuminate\\Pipeline\\Pipeline->Illuminate\\Pipeline\\{closure}()
#47 /home/aung/Project/Practice/laravel-pusher-chat/vendor/laravel/framework/src/Illuminate/Foundation/Http/Kernel.php(175): Illuminate\\Pipeline\\Pipeline->then()
#48 /home/aung/Project/Practice/laravel-pusher-chat/vendor/laravel/framework/src/Illuminate/Foundation/Http/Kernel.php(144): Illuminate\\Foundation\\Http\\Kernel->sendRequestThroughRouter()
#49 /home/aung/Project/Practice/laravel-pusher-chat/public/index.php(51): Illuminate\\Foundation\\Http\\Kernel->handle()
#50 /home/aung/Project/Practice/laravel-pusher-chat/vendor/laravel/framework/src/Illuminate/Foundation/resources/server.php(16): require_once('...')
#51 {main}
"} 
[2024-02-29 03:35:05] local.ERROR: SQLSTATE[42000]: Syntax error or access violation: 1055 Expression #1 of SELECT list is not in GROUP BY clause and contains nonaggregated column 'chat.chat_messages.id' which is not functionally dependent on columns in GROUP BY clause; this is incompatible with sql_mode=only_full_group_by (Connection: mysql, SQL: select * from `chat_messages` where `chat_id` = 5 and (`user_id` = 1 or `user_id` = 6) group by `created_at` order by `id` asc) {"userId":1,"exception":"[object] (Illuminate\\Database\\QueryException(code: 42000): SQLSTATE[42000]: Syntax error or access violation: 1055 Expression #1 of SELECT list is not in GROUP BY clause and contains nonaggregated column 'chat.chat_messages.id' which is not functionally dependent on columns in GROUP BY clause; this is incompatible with sql_mode=only_full_group_by (Connection: mysql, SQL: select * from `chat_messages` where `chat_id` = 5 and (`user_id` = 1 or `user_id` = 6) group by `created_at` order by `id` asc) at /home/aung/Project/Practice/laravel-pusher-chat/vendor/laravel/framework/src/Illuminate/Database/Connection.php:829)
[stacktrace]
#0 /home/aung/Project/Practice/laravel-pusher-chat/vendor/laravel/framework/src/Illuminate/Database/Connection.php(783): Illuminate\\Database\\Connection->runQueryCallback()
#1 /home/aung/Project/Practice/laravel-pusher-chat/vendor/laravel/framework/src/Illuminate/Database/Connection.php(414): Illuminate\\Database\\Connection->run()
#2 /home/aung/Project/Practice/laravel-pusher-chat/vendor/laravel/framework/src/Illuminate/Database/Query/Builder.php(2751): Illuminate\\Database\\Connection->select()
#3 /home/aung/Project/Practice/laravel-pusher-chat/vendor/laravel/framework/src/Illuminate/Database/Query/Builder.php(2740): Illuminate\\Database\\Query\\Builder->runSelect()
#4 /home/aung/Project/Practice/laravel-pusher-chat/vendor/laravel/framework/src/Illuminate/Database/Query/Builder.php(3294): Illuminate\\Database\\Query\\Builder->Illuminate\\Database\\Query\\{closure}()
#5 /home/aung/Project/Practice/laravel-pusher-chat/vendor/laravel/framework/src/Illuminate/Database/Query/Builder.php(2739): Illuminate\\Database\\Query\\Builder->onceWithColumns()
#6 /home/aung/Project/Practice/laravel-pusher-chat/vendor/laravel/framework/src/Illuminate/Database/Eloquent/Builder.php(738): Illuminate\\Database\\Query\\Builder->get()
#7 /home/aung/Project/Practice/laravel-pusher-chat/vendor/laravel/framework/src/Illuminate/Database/Eloquent/Builder.php(722): Illuminate\\Database\\Eloquent\\Builder->getModels()
#8 /home/aung/Project/Practice/laravel-pusher-chat/app/Http/Controllers/ChatMessageController.php(46): Illuminate\\Database\\Eloquent\\Builder->get()
#9 /home/aung/Project/Practice/laravel-pusher-chat/vendor/laravel/framework/src/Illuminate/Routing/Controller.php(54): App\\Http\\Controllers\\ChatMessageController->index()
#10 /home/aung/Project/Practice/laravel-pusher-chat/vendor/laravel/framework/src/Illuminate/Routing/ControllerDispatcher.php(43): Illuminate\\Routing\\Controller->callAction()
#11 /home/aung/Project/Practice/laravel-pusher-chat/vendor/laravel/framework/src/Illuminate/Routing/Route.php(259): Illuminate\\Routing\\ControllerDispatcher->dispatch()
#12 /home/aung/Project/Practice/laravel-pusher-chat/vendor/laravel/framework/src/Illuminate/Routing/Route.php(205): Illuminate\\Routing\\Route->runController()
#13 /home/aung/Project/Practice/laravel-pusher-chat/vendor/laravel/framework/src/Illuminate/Routing/Router.php(806): Illuminate\\Routing\\Route->run()
#14 /home/aung/Project/Practice/laravel-pusher-chat/vendor/laravel/framework/src/Illuminate/Pipeline/Pipeline.php(144): Illuminate\\Routing\\Router->Illuminate\\Routing\\{closure}()
#15 /home/aung/Project/Practice/laravel-pusher-chat/vendor/laravel/framework/src/Illuminate/Routing/Middleware/SubstituteBindings.php(50): Illuminate\\Pipeline\\Pipeline->Illuminate\\Pipeline\\{closure}()
#16 /home/aung/Project/Practice/laravel-pusher-chat/vendor/laravel/framework/src/Illuminate/Pipeline/Pipeline.php(183): Illuminate\\Routing\\Middleware\\SubstituteBindings->handle()
#17 /home/aung/Project/Practice/laravel-pusher-chat/vendor/laravel/framework/src/Illuminate/Routing/Middleware/ThrottleRequests.php(159): Illuminate\\Pipeline\\Pipeline->Illuminate\\Pipeline\\{closure}()
#18 /home/aung/Project/Practice/laravel-pusher-chat/vendor/laravel/framework/src/Illuminate/Routing/Middleware/ThrottleRequests.php(125): Illuminate\\Routing\\Middleware\\ThrottleRequests->handleRequest()
#19 /home/aung/Project/Practice/laravel-pusher-chat/vendor/laravel/framework/src/Illuminate/Routing/Middleware/ThrottleRequests.php(87): Illuminate\\Routing\\Middleware\\ThrottleRequests->handleRequestUsingNamedLimiter()
#20 /home/aung/Project/Practice/laravel-pusher-chat/vendor/laravel/framework/src/Illuminate/Pipeline/Pipeline.php(183): Illuminate\\Routing\\Middleware\\ThrottleRequests->handle()
#21 /home/aung/Project/Practice/laravel-pusher-chat/vendor/laravel/framework/src/Illuminate/Auth/Middleware/Authenticate.php(57): Illuminate\\Pipeline\\Pipeline->Illuminate\\Pipeline\\{closure}()
#22 /home/aung/Project/Practice/laravel-pusher-chat/vendor/laravel/framework/src/Illuminate/Pipeline/Pipeline.php(183): Illuminate\\Auth\\Middleware\\Authenticate->handle()
#23 /home/aung/Project/Practice/laravel-pusher-chat/vendor/laravel/framework/src/Illuminate/Pipeline/Pipeline.php(119): Illuminate\\Pipeline\\Pipeline->Illuminate\\Pipeline\\{closure}()
#24 /home/aung/Project/Practice/laravel-pusher-chat/vendor/laravel/framework/src/Illuminate/Routing/Router.php(805): Illuminate\\Pipeline\\Pipeline->then()
#25 /home/aung/Project/Practice/laravel-pusher-chat/vendor/laravel/framework/src/Illuminate/Routing/Router.php(784): Illuminate\\Routing\\Router->runRouteWithinStack()
#26 /home/aung/Project/Practice/laravel-pusher-chat/vendor/laravel/framework/src/Illuminate/Routing/Router.php(748): Illuminate\\Routing\\Router->runRoute()
#27 /home/aung/Project/Practice/laravel-pusher-chat/vendor/laravel/framework/src/Illuminate/Routing/Router.php(737): Illuminate\\Routing\\Router->dispatchToRoute()
#28 /home/aung/Project/Practice/laravel-pusher-chat/vendor/laravel/framework/src/Illuminate/Foundation/Http/Kernel.php(200): Illuminate\\Routing\\Router->dispatch()
#29 /home/aung/Project/Practice/laravel-pusher-chat/vendor/laravel/framework/src/Illuminate/Pipeline/Pipeline.php(144): Illuminate\\Foundation\\Http\\Kernel->Illuminate\\Foundation\\Http\\{closure}()
#30 /home/aung/Project/Practice/laravel-pusher-chat/vendor/laravel/framework/src/Illuminate/Foundation/Http/Middleware/TransformsRequest.php(21): Illuminate\\Pipeline\\Pipeline->Illuminate\\Pipeline\\{closure}()
#31 /home/aung/Project/Practice/laravel-pusher-chat/vendor/laravel/framework/src/Illuminate/Foundation/Http/Middleware/ConvertEmptyStringsToNull.php(31): Illuminate\\Foundation\\Http\\Middleware\\TransformsRequest->handle()
#32 /home/aung/Project/Practice/laravel-pusher-chat/vendor/laravel/framework/src/Illuminate/Pipeline/Pipeline.php(183): Illuminate\\Foundation\\Http\\Middleware\\ConvertEmptyStringsToNull->handle()
#33 /home/aung/Project/Practice/laravel-pusher-chat/vendor/laravel/framework/src/Illuminate/Foundation/Http/Middleware/TransformsRequest.php(21): Illuminate\\Pipeline\\Pipeline->Illuminate\\Pipeline\\{closure}()
#34 /home/aung/Project/Practice/laravel-pusher-chat/vendor/laravel/framework/src/Illuminate/Foundation/Http/Middleware/TrimStrings.php(40): Illuminate\\Foundation\\Http\\Middleware\\TransformsRequest->handle()
#35 /home/aung/Project/Practice/laravel-pusher-chat/vendor/laravel/framework/src/Illuminate/Pipeline/Pipeline.php(183): Illuminate\\Foundation\\Http\\Middleware\\TrimStrings->handle()
#36 /home/aung/Project/Practice/laravel-pusher-chat/vendor/laravel/framework/src/Illuminate/Foundation/Http/Middleware/ValidatePostSize.php(27): Illuminate\\Pipeline\\Pipeline->Illuminate\\Pipeline\\{closure}()
#37 /home/aung/Project/Practice/laravel-pusher-chat/vendor/laravel/framework/src/Illuminate/Pipeline/Pipeline.php(183): Illuminate\\Foundation\\Http\\Middleware\\ValidatePostSize->handle()
#38 /home/aung/Project/Practice/laravel-pusher-chat/vendor/laravel/framework/src/Illuminate/Foundation/Http/Middleware/PreventRequestsDuringMaintenance.php(99): Illuminate\\Pipeline\\Pipeline->Illuminate\\Pipeline\\{closure}()
#39 /home/aung/Project/Practice/laravel-pusher-chat/vendor/laravel/framework/src/Illuminate/Pipeline/Pipeline.php(183): Illuminate\\Foundation\\Http\\Middleware\\PreventRequestsDuringMaintenance->handle()
#40 /home/aung/Project/Practice/laravel-pusher-chat/vendor/laravel/framework/src/Illuminate/Http/Middleware/HandleCors.php(62): Illuminate\\Pipeline\\Pipeline->Illuminate\\Pipeline\\{closure}()
#41 /home/aung/Project/Practice/laravel-pusher-chat/vendor/laravel/framework/src/Illuminate/Pipeline/Pipeline.php(183): Illuminate\\Http\\Middleware\\HandleCors->handle()
#42 /home/aung/Project/Practice/laravel-pusher-chat/vendor/laravel/framework/src/Illuminate/Http/Middleware/TrustProxies.php(39): Illuminate\\Pipeline\\Pipeline->Illuminate\\Pipeline\\{closure}()
#43 /home/aung/Project/Practice/laravel-pusher-chat/vendor/laravel/framework/src/Illuminate/Pipeline/Pipeline.php(183): Illuminate\\Http\\Middleware\\TrustProxies->handle()
#44 /home/aung/Project/Practice/laravel-pusher-chat/vendor/laravel/framework/src/Illuminate/Pipeline/Pipeline.php(119): Illuminate\\Pipeline\\Pipeline->Illuminate\\Pipeline\\{closure}()
#45 /home/aung/Project/Practice/laravel-pusher-chat/vendor/laravel/framework/src/Illuminate/Foundation/Http/Kernel.php(175): Illuminate\\Pipeline\\Pipeline->then()
#46 /home/aung/Project/Practice/laravel-pusher-chat/vendor/laravel/framework/src/Illuminate/Foundation/Http/Kernel.php(144): Illuminate\\Foundation\\Http\\Kernel->sendRequestThroughRouter()
#47 /home/aung/Project/Practice/laravel-pusher-chat/public/index.php(51): Illuminate\\Foundation\\Http\\Kernel->handle()
#48 /home/aung/Project/Practice/laravel-pusher-chat/vendor/laravel/framework/src/Illuminate/Foundation/resources/server.php(16): require_once('...')
#49 {main}

[previous exception] [object] (PDOException(code: 42000): SQLSTATE[42000]: Syntax error or access violation: 1055 Expression #1 of SELECT list is not in GROUP BY clause and contains nonaggregated column 'chat.chat_messages.id' which is not functionally dependent on columns in GROUP BY clause; this is incompatible with sql_mode=only_full_group_by at /home/aung/Project/Practice/laravel-pusher-chat/vendor/laravel/framework/src/Illuminate/Database/Connection.php:423)
[stacktrace]
#0 /home/aung/Project/Practice/laravel-pusher-chat/vendor/laravel/framework/src/Illuminate/Database/Connection.php(423): PDO->prepare()
#1 /home/aung/Project/Practice/laravel-pusher-chat/vendor/laravel/framework/src/Illuminate/Database/Connection.php(816): Illuminate\\Database\\Connection->Illuminate\\Database\\{closure}()
#2 /home/aung/Project/Practice/laravel-pusher-chat/vendor/laravel/framework/src/Illuminate/Database/Connection.php(783): Illuminate\\Database\\Connection->runQueryCallback()
#3 /home/aung/Project/Practice/laravel-pusher-chat/vendor/laravel/framework/src/Illuminate/Database/Connection.php(414): Illuminate\\Database\\Connection->run()
#4 /home/aung/Project/Practice/laravel-pusher-chat/vendor/laravel/framework/src/Illuminate/Database/Query/Builder.php(2751): Illuminate\\Database\\Connection->select()
#5 /home/aung/Project/Practice/laravel-pusher-chat/vendor/laravel/framework/src/Illuminate/Database/Query/Builder.php(2740): Illuminate\\Database\\Query\\Builder->runSelect()
#6 /home/aung/Project/Practice/laravel-pusher-chat/vendor/laravel/framework/src/Illuminate/Database/Query/Builder.php(3294): Illuminate\\Database\\Query\\Builder->Illuminate\\Database\\Query\\{closure}()
#7 /home/aung/Project/Practice/laravel-pusher-chat/vendor/laravel/framework/src/Illuminate/Database/Query/Builder.php(2739): Illuminate\\Database\\Query\\Builder->onceWithColumns()
#8 /home/aung/Project/Practice/laravel-pusher-chat/vendor/laravel/framework/src/Illuminate/Database/Eloquent/Builder.php(738): Illuminate\\Database\\Query\\Builder->get()
#9 /home/aung/Project/Practice/laravel-pusher-chat/vendor/laravel/framework/src/Illuminate/Database/Eloquent/Builder.php(722): Illuminate\\Database\\Eloquent\\Builder->getModels()
#10 /home/aung/Project/Practice/laravel-pusher-chat/app/Http/Controllers/ChatMessageController.php(46): Illuminate\\Database\\Eloquent\\Builder->get()
#11 /home/aung/Project/Practice/laravel-pusher-chat/vendor/laravel/framework/src/Illuminate/Routing/Controller.php(54): App\\Http\\Controllers\\ChatMessageController->index()
#12 /home/aung/Project/Practice/laravel-pusher-chat/vendor/laravel/framework/src/Illuminate/Routing/ControllerDispatcher.php(43): Illuminate\\Routing\\Controller->callAction()
#13 /home/aung/Project/Practice/laravel-pusher-chat/vendor/laravel/framework/src/Illuminate/Routing/Route.php(259): Illuminate\\Routing\\ControllerDispatcher->dispatch()
#14 /home/aung/Project/Practice/laravel-pusher-chat/vendor/laravel/framework/src/Illuminate/Routing/Route.php(205): Illuminate\\Routing\\Route->runController()
#15 /home/aung/Project/Practice/laravel-pusher-chat/vendor/laravel/framework/src/Illuminate/Routing/Router.php(806): Illuminate\\Routing\\Route->run()
#16 /home/aung/Project/Practice/laravel-pusher-chat/vendor/laravel/framework/src/Illuminate/Pipeline/Pipeline.php(144): Illuminate\\Routing\\Router->Illuminate\\Routing\\{closure}()
#17 /home/aung/Project/Practice/laravel-pusher-chat/vendor/laravel/framework/src/Illuminate/Routing/Middleware/SubstituteBindings.php(50): Illuminate\\Pipeline\\Pipeline->Illuminate\\Pipeline\\{closure}()
#18 /home/aung/Project/Practice/laravel-pusher-chat/vendor/laravel/framework/src/Illuminate/Pipeline/Pipeline.php(183): Illuminate\\Routing\\Middleware\\SubstituteBindings->handle()
#19 /home/aung/Project/Practice/laravel-pusher-chat/vendor/laravel/framework/src/Illuminate/Routing/Middleware/ThrottleRequests.php(159): Illuminate\\Pipeline\\Pipeline->Illuminate\\Pipeline\\{closure}()
#20 /home/aung/Project/Practice/laravel-pusher-chat/vendor/laravel/framework/src/Illuminate/Routing/Middleware/ThrottleRequests.php(125): Illuminate\\Routing\\Middleware\\ThrottleRequests->handleRequest()
#21 /home/aung/Project/Practice/laravel-pusher-chat/vendor/laravel/framework/src/Illuminate/Routing/Middleware/ThrottleRequests.php(87): Illuminate\\Routing\\Middleware\\ThrottleRequests->handleRequestUsingNamedLimiter()
#22 /home/aung/Project/Practice/laravel-pusher-chat/vendor/laravel/framework/src/Illuminate/Pipeline/Pipeline.php(183): Illuminate\\Routing\\Middleware\\ThrottleRequests->handle()
#23 /home/aung/Project/Practice/laravel-pusher-chat/vendor/laravel/framework/src/Illuminate/Auth/Middleware/Authenticate.php(57): Illuminate\\Pipeline\\Pipeline->Illuminate\\Pipeline\\{closure}()
#24 /home/aung/Project/Practice/laravel-pusher-chat/vendor/laravel/framework/src/Illuminate/Pipeline/Pipeline.php(183): Illuminate\\Auth\\Middleware\\Authenticate->handle()
#25 /home/aung/Project/Practice/laravel-pusher-chat/vendor/laravel/framework/src/Illuminate/Pipeline/Pipeline.php(119): Illuminate\\Pipeline\\Pipeline->Illuminate\\Pipeline\\{closure}()
#26 /home/aung/Project/Practice/laravel-pusher-chat/vendor/laravel/framework/src/Illuminate/Routing/Router.php(805): Illuminate\\Pipeline\\Pipeline->then()
#27 /home/aung/Project/Practice/laravel-pusher-chat/vendor/laravel/framework/src/Illuminate/Routing/Router.php(784): Illuminate\\Routing\\Router->runRouteWithinStack()
#28 /home/aung/Project/Practice/laravel-pusher-chat/vendor/laravel/framework/src/Illuminate/Routing/Router.php(748): Illuminate\\Routing\\Router->runRoute()
#29 /home/aung/Project/Practice/laravel-pusher-chat/vendor/laravel/framework/src/Illuminate/Routing/Router.php(737): Illuminate\\Routing\\Router->dispatchToRoute()
#30 /home/aung/Project/Practice/laravel-pusher-chat/vendor/laravel/framework/src/Illuminate/Foundation/Http/Kernel.php(200): Illuminate\\Routing\\Router->dispatch()
#31 /home/aung/Project/Practice/laravel-pusher-chat/vendor/laravel/framework/src/Illuminate/Pipeline/Pipeline.php(144): Illuminate\\Foundation\\Http\\Kernel->Illuminate\\Foundation\\Http\\{closure}()
#32 /home/aung/Project/Practice/laravel-pusher-chat/vendor/laravel/framework/src/Illuminate/Foundation/Http/Middleware/TransformsRequest.php(21): Illuminate\\Pipeline\\Pipeline->Illuminate\\Pipeline\\{closure}()
#33 /home/aung/Project/Practice/laravel-pusher-chat/vendor/laravel/framework/src/Illuminate/Foundation/Http/Middleware/ConvertEmptyStringsToNull.php(31): Illuminate\\Foundation\\Http\\Middleware\\TransformsRequest->handle()
#34 /home/aung/Project/Practice/laravel-pusher-chat/vendor/laravel/framework/src/Illuminate/Pipeline/Pipeline.php(183): Illuminate\\Foundation\\Http\\Middleware\\ConvertEmptyStringsToNull->handle()
#35 /home/aung/Project/Practice/laravel-pusher-chat/vendor/laravel/framework/src/Illuminate/Foundation/Http/Middleware/TransformsRequest.php(21): Illuminate\\Pipeline\\Pipeline->Illuminate\\Pipeline\\{closure}()
#36 /home/aung/Project/Practice/laravel-pusher-chat/vendor/laravel/framework/src/Illuminate/Foundation/Http/Middleware/TrimStrings.php(40): Illuminate\\Foundation\\Http\\Middleware\\TransformsRequest->handle()
#37 /home/aung/Project/Practice/laravel-pusher-chat/vendor/laravel/framework/src/Illuminate/Pipeline/Pipeline.php(183): Illuminate\\Foundation\\Http\\Middleware\\TrimStrings->handle()
#38 /home/aung/Project/Practice/laravel-pusher-chat/vendor/laravel/framework/src/Illuminate/Foundation/Http/Middleware/ValidatePostSize.php(27): Illuminate\\Pipeline\\Pipeline->Illuminate\\Pipeline\\{closure}()
#39 /home/aung/Project/Practice/laravel-pusher-chat/vendor/laravel/framework/src/Illuminate/Pipeline/Pipeline.php(183): Illuminate\\Foundation\\Http\\Middleware\\ValidatePostSize->handle()
#40 /home/aung/Project/Practice/laravel-pusher-chat/vendor/laravel/framework/src/Illuminate/Foundation/Http/Middleware/PreventRequestsDuringMaintenance.php(99): Illuminate\\Pipeline\\Pipeline->Illuminate\\Pipeline\\{closure}()
#41 /home/aung/Project/Practice/laravel-pusher-chat/vendor/laravel/framework/src/Illuminate/Pipeline/Pipeline.php(183): Illuminate\\Foundation\\Http\\Middleware\\PreventRequestsDuringMaintenance->handle()
#42 /home/aung/Project/Practice/laravel-pusher-chat/vendor/laravel/framework/src/Illuminate/Http/Middleware/HandleCors.php(62): Illuminate\\Pipeline\\Pipeline->Illuminate\\Pipeline\\{closure}()
#43 /home/aung/Project/Practice/laravel-pusher-chat/vendor/laravel/framework/src/Illuminate/Pipeline/Pipeline.php(183): Illuminate\\Http\\Middleware\\HandleCors->handle()
#44 /home/aung/Project/Practice/laravel-pusher-chat/vendor/laravel/framework/src/Illuminate/Http/Middleware/TrustProxies.php(39): Illuminate\\Pipeline\\Pipeline->Illuminate\\Pipeline\\{closure}()
#45 /home/aung/Project/Practice/laravel-pusher-chat/vendor/laravel/framework/src/Illuminate/Pipeline/Pipeline.php(183): Illuminate\\Http\\Middleware\\TrustProxies->handle()
#46 /home/aung/Project/Practice/laravel-pusher-chat/vendor/laravel/framework/src/Illuminate/Pipeline/Pipeline.php(119): Illuminate\\Pipeline\\Pipeline->Illuminate\\Pipeline\\{closure}()
#47 /home/aung/Project/Practice/laravel-pusher-chat/vendor/laravel/framework/src/Illuminate/Foundation/Http/Kernel.php(175): Illuminate\\Pipeline\\Pipeline->then()
#48 /home/aung/Project/Practice/laravel-pusher-chat/vendor/laravel/framework/src/Illuminate/Foundation/Http/Kernel.php(144): Illuminate\\Foundation\\Http\\Kernel->sendRequestThroughRouter()
#49 /home/aung/Project/Practice/laravel-pusher-chat/public/index.php(51): Illuminate\\Foundation\\Http\\Kernel->handle()
#50 /home/aung/Project/Practice/laravel-pusher-chat/vendor/laravel/framework/src/Illuminate/Foundation/resources/server.php(16): require_once('...')
#51 {main}
"} 
[2024-02-29 09:02:34] local.ERROR: Pusher error: cURL error 6: Could not resolve host: api-us3.pusher.com (see https://curl.haxx.se/libcurl/c/libcurl-errors.html) for https://api-us3.pusher.com/apps/1756763/events?auth_key=dae6ba77b2d27b319f49&auth_timestamp=1709197325&auth_version=1.0&body_md5=950a3b0c67934c355f514b42d1eb0c1a&auth_signature=6adc8e56535916c4c9f931fab476b170b22a4ba58682cde46b36ce77f9c139b6. {"userId":1,"exception":"[object] (Illuminate\\Broadcasting\\BroadcastException(code: 0): Pusher error: cURL error 6: Could not resolve host: api-us3.pusher.com (see https://curl.haxx.se/libcurl/c/libcurl-errors.html) for https://api-us3.pusher.com/apps/1756763/events?auth_key=dae6ba77b2d27b319f49&auth_timestamp=1709197325&auth_version=1.0&body_md5=950a3b0c67934c355f514b42d1eb0c1a&auth_signature=6adc8e56535916c4c9f931fab476b170b22a4ba58682cde46b36ce77f9c139b6. at /home/aung/Project/Practice/laravel-pusher-chat/vendor/laravel/framework/src/Illuminate/Broadcasting/Broadcasters/PusherBroadcaster.php:164)
[stacktrace]
#0 /home/aung/Project/Practice/laravel-pusher-chat/vendor/laravel/framework/src/Illuminate/Broadcasting/BroadcastEvent.php(92): Illuminate\\Broadcasting\\Broadcasters\\PusherBroadcaster->broadcast()
#1 /home/aung/Project/Practice/laravel-pusher-chat/vendor/laravel/framework/src/Illuminate/Container/BoundMethod.php(36): Illuminate\\Broadcasting\\BroadcastEvent->handle()
#2 /home/aung/Project/Practice/laravel-pusher-chat/vendor/laravel/framework/src/Illuminate/Container/Util.php(41): Illuminate\\Container\\BoundMethod::Illuminate\\Container\\{closure}()
#3 /home/aung/Project/Practice/laravel-pusher-chat/vendor/laravel/framework/src/Illuminate/Container/BoundMethod.php(93): Illuminate\\Container\\Util::unwrapIfClosure()
#4 /home/aung/Project/Practice/laravel-pusher-chat/vendor/laravel/framework/src/Illuminate/Container/BoundMethod.php(35): Illuminate\\Container\\BoundMethod::callBoundMethod()
#5 /home/aung/Project/Practice/laravel-pusher-chat/vendor/laravel/framework/src/Illuminate/Container/Container.php(662): Illuminate\\Container\\BoundMethod::call()
#6 /home/aung/Project/Practice/laravel-pusher-chat/vendor/laravel/framework/src/Illuminate/Bus/Dispatcher.php(128): Illuminate\\Container\\Container->call()
#7 /home/aung/Project/Practice/laravel-pusher-chat/vendor/laravel/framework/src/Illuminate/Pipeline/Pipeline.php(144): Illuminate\\Bus\\Dispatcher->Illuminate\\Bus\\{closure}()
#8 /home/aung/Project/Practice/laravel-pusher-chat/vendor/laravel/framework/src/Illuminate/Pipeline/Pipeline.php(119): Illuminate\\Pipeline\\Pipeline->Illuminate\\Pipeline\\{closure}()
#9 /home/aung/Project/Practice/laravel-pusher-chat/vendor/laravel/framework/src/Illuminate/Bus/Dispatcher.php(132): Illuminate\\Pipeline\\Pipeline->then()
#10 /home/aung/Project/Practice/laravel-pusher-chat/vendor/laravel/framework/src/Illuminate/Broadcasting/BroadcastManager.php(158): Illuminate\\Bus\\Dispatcher->dispatchNow()
#11 /home/aung/Project/Practice/laravel-pusher-chat/vendor/laravel/framework/src/Illuminate/Events/Dispatcher.php(357): Illuminate\\Broadcasting\\BroadcastManager->queue()
#12 /home/aung/Project/Practice/laravel-pusher-chat/vendor/laravel/framework/src/Illuminate/Events/Dispatcher.php(280): Illuminate\\Events\\Dispatcher->broadcastEvent()
#13 /home/aung/Project/Practice/laravel-pusher-chat/vendor/laravel/framework/src/Illuminate/Events/Dispatcher.php(266): Illuminate\\Events\\Dispatcher->invokeListeners()
#14 /home/aung/Project/Practice/laravel-pusher-chat/vendor/laravel/framework/src/Illuminate/Broadcasting/PendingBroadcast.php(72): Illuminate\\Events\\Dispatcher->dispatch()
#15 /home/aung/Project/Practice/laravel-pusher-chat/app/Http/Controllers/ChatMessageController.php(70): Illuminate\\Broadcasting\\PendingBroadcast->__destruct()
#16 /home/aung/Project/Practice/laravel-pusher-chat/app/Http/Controllers/ChatMessageController.php(61): App\\Http\\Controllers\\ChatMessageController->sendNotificationToOther()
#17 /home/aung/Project/Practice/laravel-pusher-chat/vendor/laravel/framework/src/Illuminate/Routing/Controller.php(54): App\\Http\\Controllers\\ChatMessageController->store()
#18 /home/aung/Project/Practice/laravel-pusher-chat/vendor/laravel/framework/src/Illuminate/Routing/ControllerDispatcher.php(43): Illuminate\\Routing\\Controller->callAction()
#19 /home/aung/Project/Practice/laravel-pusher-chat/vendor/laravel/framework/src/Illuminate/Routing/Route.php(259): Illuminate\\Routing\\ControllerDispatcher->dispatch()
#20 /home/aung/Project/Practice/laravel-pusher-chat/vendor/laravel/framework/src/Illuminate/Routing/Route.php(205): Illuminate\\Routing\\Route->runController()
#21 /home/aung/Project/Practice/laravel-pusher-chat/vendor/laravel/framework/src/Illuminate/Routing/Router.php(806): Illuminate\\Routing\\Route->run()
#22 /home/aung/Project/Practice/laravel-pusher-chat/vendor/laravel/framework/src/Illuminate/Pipeline/Pipeline.php(144): Illuminate\\Routing\\Router->Illuminate\\Routing\\{closure}()
#23 /home/aung/Project/Practice/laravel-pusher-chat/vendor/laravel/framework/src/Illuminate/Routing/Middleware/SubstituteBindings.php(50): Illuminate\\Pipeline\\Pipeline->Illuminate\\Pipeline\\{closure}()
#24 /home/aung/Project/Practice/laravel-pusher-chat/vendor/laravel/framework/src/Illuminate/Pipeline/Pipeline.php(183): Illuminate\\Routing\\Middleware\\SubstituteBindings->handle()
#25 /home/aung/Project/Practice/laravel-pusher-chat/vendor/laravel/framework/src/Illuminate/Routing/Middleware/ThrottleRequests.php(159): Illuminate\\Pipeline\\Pipeline->Illuminate\\Pipeline\\{closure}()
#26 /home/aung/Project/Practice/laravel-pusher-chat/vendor/laravel/framework/src/Illuminate/Routing/Middleware/ThrottleRequests.php(125): Illuminate\\Routing\\Middleware\\ThrottleRequests->handleRequest()
#27 /home/aung/Project/Practice/laravel-pusher-chat/vendor/laravel/framework/src/Illuminate/Routing/Middleware/ThrottleRequests.php(87): Illuminate\\Routing\\Middleware\\ThrottleRequests->handleRequestUsingNamedLimiter()
#28 /home/aung/Project/Practice/laravel-pusher-chat/vendor/laravel/framework/src/Illuminate/Pipeline/Pipeline.php(183): Illuminate\\Routing\\Middleware\\ThrottleRequests->handle()
#29 /home/aung/Project/Practice/laravel-pusher-chat/vendor/laravel/framework/src/Illuminate/Auth/Middleware/Authenticate.php(57): Illuminate\\Pipeline\\Pipeline->Illuminate\\Pipeline\\{closure}()
#30 /home/aung/Project/Practice/laravel-pusher-chat/vendor/laravel/framework/src/Illuminate/Pipeline/Pipeline.php(183): Illuminate\\Auth\\Middleware\\Authenticate->handle()
#31 /home/aung/Project/Practice/laravel-pusher-chat/vendor/laravel/framework/src/Illuminate/Pipeline/Pipeline.php(119): Illuminate\\Pipeline\\Pipeline->Illuminate\\Pipeline\\{closure}()
#32 /home/aung/Project/Practice/laravel-pusher-chat/vendor/laravel/framework/src/Illuminate/Routing/Router.php(805): Illuminate\\Pipeline\\Pipeline->then()
#33 /home/aung/Project/Practice/laravel-pusher-chat/vendor/laravel/framework/src/Illuminate/Routing/Router.php(784): Illuminate\\Routing\\Router->runRouteWithinStack()
#34 /home/aung/Project/Practice/laravel-pusher-chat/vendor/laravel/framework/src/Illuminate/Routing/Router.php(748): Illuminate\\Routing\\Router->runRoute()
#35 /home/aung/Project/Practice/laravel-pusher-chat/vendor/laravel/framework/src/Illuminate/Routing/Router.php(737): Illuminate\\Routing\\Router->dispatchToRoute()
#36 /home/aung/Project/Practice/laravel-pusher-chat/vendor/laravel/framework/src/Illuminate/Foundation/Http/Kernel.php(200): Illuminate\\Routing\\Router->dispatch()
#37 /home/aung/Project/Practice/laravel-pusher-chat/vendor/laravel/framework/src/Illuminate/Pipeline/Pipeline.php(144): Illuminate\\Foundation\\Http\\Kernel->Illuminate\\Foundation\\Http\\{closure}()
#38 /home/aung/Project/Practice/laravel-pusher-chat/vendor/laravel/framework/src/Illuminate/Foundation/Http/Middleware/TransformsRequest.php(21): Illuminate\\Pipeline\\Pipeline->Illuminate\\Pipeline\\{closure}()
#39 /home/aung/Project/Practice/laravel-pusher-chat/vendor/laravel/framework/src/Illuminate/Foundation/Http/Middleware/ConvertEmptyStringsToNull.php(31): Illuminate\\Foundation\\Http\\Middleware\\TransformsRequest->handle()
#40 /home/aung/Project/Practice/laravel-pusher-chat/vendor/laravel/framework/src/Illuminate/Pipeline/Pipeline.php(183): Illuminate\\Foundation\\Http\\Middleware\\ConvertEmptyStringsToNull->handle()
#41 /home/aung/Project/Practice/laravel-pusher-chat/vendor/laravel/framework/src/Illuminate/Foundation/Http/Middleware/TransformsRequest.php(21): Illuminate\\Pipeline\\Pipeline->Illuminate\\Pipeline\\{closure}()
#42 /home/aung/Project/Practice/laravel-pusher-chat/vendor/laravel/framework/src/Illuminate/Foundation/Http/Middleware/TrimStrings.php(40): Illuminate\\Foundation\\Http\\Middleware\\TransformsRequest->handle()
#43 /home/aung/Project/Practice/laravel-pusher-chat/vendor/laravel/framework/src/Illuminate/Pipeline/Pipeline.php(183): Illuminate\\Foundation\\Http\\Middleware\\TrimStrings->handle()
#44 /home/aung/Project/Practice/laravel-pusher-chat/vendor/laravel/framework/src/Illuminate/Foundation/Http/Middleware/ValidatePostSize.php(27): Illuminate\\Pipeline\\Pipeline->Illuminate\\Pipeline\\{closure}()
#45 /home/aung/Project/Practice/laravel-pusher-chat/vendor/laravel/framework/src/Illuminate/Pipeline/Pipeline.php(183): Illuminate\\Foundation\\Http\\Middleware\\ValidatePostSize->handle()
#46 /home/aung/Project/Practice/laravel-pusher-chat/vendor/laravel/framework/src/Illuminate/Foundation/Http/Middleware/PreventRequestsDuringMaintenance.php(99): Illuminate\\Pipeline\\Pipeline->Illuminate\\Pipeline\\{closure}()
#47 /home/aung/Project/Practice/laravel-pusher-chat/vendor/laravel/framework/src/Illuminate/Pipeline/Pipeline.php(183): Illuminate\\Foundation\\Http\\Middleware\\PreventRequestsDuringMaintenance->handle()
#48 /home/aung/Project/Practice/laravel-pusher-chat/vendor/laravel/framework/src/Illuminate/Http/Middleware/HandleCors.php(62): Illuminate\\Pipeline\\Pipeline->Illuminate\\Pipeline\\{closure}()
#49 /home/aung/Project/Practice/laravel-pusher-chat/vendor/laravel/framework/src/Illuminate/Pipeline/Pipeline.php(183): Illuminate\\Http\\Middleware\\HandleCors->handle()
#50 /home/aung/Project/Practice/laravel-pusher-chat/vendor/laravel/framework/src/Illuminate/Http/Middleware/TrustProxies.php(39): Illuminate\\Pipeline\\Pipeline->Illuminate\\Pipeline\\{closure}()
#51 /home/aung/Project/Practice/laravel-pusher-chat/vendor/laravel/framework/src/Illuminate/Pipeline/Pipeline.php(183): Illuminate\\Http\\Middleware\\TrustProxies->handle()
#52 /home/aung/Project/Practice/laravel-pusher-chat/vendor/laravel/framework/src/Illuminate/Pipeline/Pipeline.php(119): Illuminate\\Pipeline\\Pipeline->Illuminate\\Pipeline\\{closure}()
#53 /home/aung/Project/Practice/laravel-pusher-chat/vendor/laravel/framework/src/Illuminate/Foundation/Http/Kernel.php(175): Illuminate\\Pipeline\\Pipeline->then()
#54 /home/aung/Project/Practice/laravel-pusher-chat/vendor/laravel/framework/src/Illuminate/Foundation/Http/Kernel.php(144): Illuminate\\Foundation\\Http\\Kernel->sendRequestThroughRouter()
#55 /home/aung/Project/Practice/laravel-pusher-chat/public/index.php(51): Illuminate\\Foundation\\Http\\Kernel->handle()
#56 /home/aung/Project/Practice/laravel-pusher-chat/vendor/laravel/framework/src/Illuminate/Foundation/resources/server.php(16): require_once('...')
#57 {main}
"} 
[2024-03-01 01:50:36] local.ERROR: Pusher error: cURL error 28: Resolving timed out after 30000 milliseconds (see https://curl.haxx.se/libcurl/c/libcurl-errors.html) for https://api-us3.pusher.com/apps/1756763/events?auth_key=dae6ba77b2d27b319f49&auth_timestamp=1709257804&auth_version=1.0&body_md5=7cba37f573bea199716feb0aae080434&auth_signature=6f5f56e73ec4019ad9b1bc6fac91a0a5ebbabdd94a5ad97218ec5fb80f6a6b02. {"userId":2,"exception":"[object] (Illuminate\\Broadcasting\\BroadcastException(code: 0): Pusher error: cURL error 28: Resolving timed out after 30000 milliseconds (see https://curl.haxx.se/libcurl/c/libcurl-errors.html) for https://api-us3.pusher.com/apps/1756763/events?auth_key=dae6ba77b2d27b319f49&auth_timestamp=1709257804&auth_version=1.0&body_md5=7cba37f573bea199716feb0aae080434&auth_signature=6f5f56e73ec4019ad9b1bc6fac91a0a5ebbabdd94a5ad97218ec5fb80f6a6b02. at /home/aung/Project/Practice/laravel-pusher-chat/vendor/laravel/framework/src/Illuminate/Broadcasting/Broadcasters/PusherBroadcaster.php:164)
[stacktrace]
#0 /home/aung/Project/Practice/laravel-pusher-chat/vendor/laravel/framework/src/Illuminate/Broadcasting/BroadcastEvent.php(92): Illuminate\\Broadcasting\\Broadcasters\\PusherBroadcaster->broadcast()
#1 /home/aung/Project/Practice/laravel-pusher-chat/vendor/laravel/framework/src/Illuminate/Container/BoundMethod.php(36): Illuminate\\Broadcasting\\BroadcastEvent->handle()
#2 /home/aung/Project/Practice/laravel-pusher-chat/vendor/laravel/framework/src/Illuminate/Container/Util.php(41): Illuminate\\Container\\BoundMethod::Illuminate\\Container\\{closure}()
#3 /home/aung/Project/Practice/laravel-pusher-chat/vendor/laravel/framework/src/Illuminate/Container/BoundMethod.php(93): Illuminate\\Container\\Util::unwrapIfClosure()
#4 /home/aung/Project/Practice/laravel-pusher-chat/vendor/laravel/framework/src/Illuminate/Container/BoundMethod.php(35): Illuminate\\Container\\BoundMethod::callBoundMethod()
#5 /home/aung/Project/Practice/laravel-pusher-chat/vendor/laravel/framework/src/Illuminate/Container/Container.php(662): Illuminate\\Container\\BoundMethod::call()
#6 /home/aung/Project/Practice/laravel-pusher-chat/vendor/laravel/framework/src/Illuminate/Bus/Dispatcher.php(128): Illuminate\\Container\\Container->call()
#7 /home/aung/Project/Practice/laravel-pusher-chat/vendor/laravel/framework/src/Illuminate/Pipeline/Pipeline.php(144): Illuminate\\Bus\\Dispatcher->Illuminate\\Bus\\{closure}()
#8 /home/aung/Project/Practice/laravel-pusher-chat/vendor/laravel/framework/src/Illuminate/Pipeline/Pipeline.php(119): Illuminate\\Pipeline\\Pipeline->Illuminate\\Pipeline\\{closure}()
#9 /home/aung/Project/Practice/laravel-pusher-chat/vendor/laravel/framework/src/Illuminate/Bus/Dispatcher.php(132): Illuminate\\Pipeline\\Pipeline->then()
#10 /home/aung/Project/Practice/laravel-pusher-chat/vendor/laravel/framework/src/Illuminate/Broadcasting/BroadcastManager.php(158): Illuminate\\Bus\\Dispatcher->dispatchNow()
#11 /home/aung/Project/Practice/laravel-pusher-chat/vendor/laravel/framework/src/Illuminate/Events/Dispatcher.php(357): Illuminate\\Broadcasting\\BroadcastManager->queue()
#12 /home/aung/Project/Practice/laravel-pusher-chat/vendor/laravel/framework/src/Illuminate/Events/Dispatcher.php(280): Illuminate\\Events\\Dispatcher->broadcastEvent()
#13 /home/aung/Project/Practice/laravel-pusher-chat/vendor/laravel/framework/src/Illuminate/Events/Dispatcher.php(266): Illuminate\\Events\\Dispatcher->invokeListeners()
#14 /home/aung/Project/Practice/laravel-pusher-chat/vendor/laravel/framework/src/Illuminate/Broadcasting/PendingBroadcast.php(72): Illuminate\\Events\\Dispatcher->dispatch()
#15 /home/aung/Project/Practice/laravel-pusher-chat/app/Http/Controllers/ChatMessageController.php(70): Illuminate\\Broadcasting\\PendingBroadcast->__destruct()
#16 /home/aung/Project/Practice/laravel-pusher-chat/app/Http/Controllers/ChatMessageController.php(61): App\\Http\\Controllers\\ChatMessageController->sendNotificationToOther()
#17 /home/aung/Project/Practice/laravel-pusher-chat/vendor/laravel/framework/src/Illuminate/Routing/Controller.php(54): App\\Http\\Controllers\\ChatMessageController->store()
#18 /home/aung/Project/Practice/laravel-pusher-chat/vendor/laravel/framework/src/Illuminate/Routing/ControllerDispatcher.php(43): Illuminate\\Routing\\Controller->callAction()
#19 /home/aung/Project/Practice/laravel-pusher-chat/vendor/laravel/framework/src/Illuminate/Routing/Route.php(259): Illuminate\\Routing\\ControllerDispatcher->dispatch()
#20 /home/aung/Project/Practice/laravel-pusher-chat/vendor/laravel/framework/src/Illuminate/Routing/Route.php(205): Illuminate\\Routing\\Route->runController()
#21 /home/aung/Project/Practice/laravel-pusher-chat/vendor/laravel/framework/src/Illuminate/Routing/Router.php(806): Illuminate\\Routing\\Route->run()
#22 /home/aung/Project/Practice/laravel-pusher-chat/vendor/laravel/framework/src/Illuminate/Pipeline/Pipeline.php(144): Illuminate\\Routing\\Router->Illuminate\\Routing\\{closure}()
#23 /home/aung/Project/Practice/laravel-pusher-chat/vendor/laravel/framework/src/Illuminate/Routing/Middleware/SubstituteBindings.php(50): Illuminate\\Pipeline\\Pipeline->Illuminate\\Pipeline\\{closure}()
#24 /home/aung/Project/Practice/laravel-pusher-chat/vendor/laravel/framework/src/Illuminate/Pipeline/Pipeline.php(183): Illuminate\\Routing\\Middleware\\SubstituteBindings->handle()
#25 /home/aung/Project/Practice/laravel-pusher-chat/vendor/laravel/framework/src/Illuminate/Routing/Middleware/ThrottleRequests.php(159): Illuminate\\Pipeline\\Pipeline->Illuminate\\Pipeline\\{closure}()
#26 /home/aung/Project/Practice/laravel-pusher-chat/vendor/laravel/framework/src/Illuminate/Routing/Middleware/ThrottleRequests.php(125): Illuminate\\Routing\\Middleware\\ThrottleRequests->handleRequest()
#27 /home/aung/Project/Practice/laravel-pusher-chat/vendor/laravel/framework/src/Illuminate/Routing/Middleware/ThrottleRequests.php(87): Illuminate\\Routing\\Middleware\\ThrottleRequests->handleRequestUsingNamedLimiter()
#28 /home/aung/Project/Practice/laravel-pusher-chat/vendor/laravel/framework/src/Illuminate/Pipeline/Pipeline.php(183): Illuminate\\Routing\\Middleware\\ThrottleRequests->handle()
#29 /home/aung/Project/Practice/laravel-pusher-chat/vendor/laravel/framework/src/Illuminate/Auth/Middleware/Authenticate.php(57): Illuminate\\Pipeline\\Pipeline->Illuminate\\Pipeline\\{closure}()
#30 /home/aung/Project/Practice/laravel-pusher-chat/vendor/laravel/framework/src/Illuminate/Pipeline/Pipeline.php(183): Illuminate\\Auth\\Middleware\\Authenticate->handle()
#31 /home/aung/Project/Practice/laravel-pusher-chat/vendor/laravel/framework/src/Illuminate/Pipeline/Pipeline.php(119): Illuminate\\Pipeline\\Pipeline->Illuminate\\Pipeline\\{closure}()
#32 /home/aung/Project/Practice/laravel-pusher-chat/vendor/laravel/framework/src/Illuminate/Routing/Router.php(805): Illuminate\\Pipeline\\Pipeline->then()
#33 /home/aung/Project/Practice/laravel-pusher-chat/vendor/laravel/framework/src/Illuminate/Routing/Router.php(784): Illuminate\\Routing\\Router->runRouteWithinStack()
#34 /home/aung/Project/Practice/laravel-pusher-chat/vendor/laravel/framework/src/Illuminate/Routing/Router.php(748): Illuminate\\Routing\\Router->runRoute()
#35 /home/aung/Project/Practice/laravel-pusher-chat/vendor/laravel/framework/src/Illuminate/Routing/Router.php(737): Illuminate\\Routing\\Router->dispatchToRoute()
#36 /home/aung/Project/Practice/laravel-pusher-chat/vendor/laravel/framework/src/Illuminate/Foundation/Http/Kernel.php(200): Illuminate\\Routing\\Router->dispatch()
#37 /home/aung/Project/Practice/laravel-pusher-chat/vendor/laravel/framework/src/Illuminate/Pipeline/Pipeline.php(144): Illuminate\\Foundation\\Http\\Kernel->Illuminate\\Foundation\\Http\\{closure}()
#38 /home/aung/Project/Practice/laravel-pusher-chat/vendor/laravel/framework/src/Illuminate/Foundation/Http/Middleware/TransformsRequest.php(21): Illuminate\\Pipeline\\Pipeline->Illuminate\\Pipeline\\{closure}()
#39 /home/aung/Project/Practice/laravel-pusher-chat/vendor/laravel/framework/src/Illuminate/Foundation/Http/Middleware/ConvertEmptyStringsToNull.php(31): Illuminate\\Foundation\\Http\\Middleware\\TransformsRequest->handle()
#40 /home/aung/Project/Practice/laravel-pusher-chat/vendor/laravel/framework/src/Illuminate/Pipeline/Pipeline.php(183): Illuminate\\Foundation\\Http\\Middleware\\ConvertEmptyStringsToNull->handle()
#41 /home/aung/Project/Practice/laravel-pusher-chat/vendor/laravel/framework/src/Illuminate/Foundation/Http/Middleware/TransformsRequest.php(21): Illuminate\\Pipeline\\Pipeline->Illuminate\\Pipeline\\{closure}()
#42 /home/aung/Project/Practice/laravel-pusher-chat/vendor/laravel/framework/src/Illuminate/Foundation/Http/Middleware/TrimStrings.php(40): Illuminate\\Foundation\\Http\\Middleware\\TransformsRequest->handle()
#43 /home/aung/Project/Practice/laravel-pusher-chat/vendor/laravel/framework/src/Illuminate/Pipeline/Pipeline.php(183): Illuminate\\Foundation\\Http\\Middleware\\TrimStrings->handle()
#44 /home/aung/Project/Practice/laravel-pusher-chat/vendor/laravel/framework/src/Illuminate/Foundation/Http/Middleware/ValidatePostSize.php(27): Illuminate\\Pipeline\\Pipeline->Illuminate\\Pipeline\\{closure}()
#45 /home/aung/Project/Practice/laravel-pusher-chat/vendor/laravel/framework/src/Illuminate/Pipeline/Pipeline.php(183): Illuminate\\Foundation\\Http\\Middleware\\ValidatePostSize->handle()
#46 /home/aung/Project/Practice/laravel-pusher-chat/vendor/laravel/framework/src/Illuminate/Foundation/Http/Middleware/PreventRequestsDuringMaintenance.php(99): Illuminate\\Pipeline\\Pipeline->Illuminate\\Pipeline\\{closure}()
#47 /home/aung/Project/Practice/laravel-pusher-chat/vendor/laravel/framework/src/Illuminate/Pipeline/Pipeline.php(183): Illuminate\\Foundation\\Http\\Middleware\\PreventRequestsDuringMaintenance->handle()
#48 /home/aung/Project/Practice/laravel-pusher-chat/vendor/laravel/framework/src/Illuminate/Http/Middleware/HandleCors.php(62): Illuminate\\Pipeline\\Pipeline->Illuminate\\Pipeline\\{closure}()
#49 /home/aung/Project/Practice/laravel-pusher-chat/vendor/laravel/framework/src/Illuminate/Pipeline/Pipeline.php(183): Illuminate\\Http\\Middleware\\HandleCors->handle()
#50 /home/aung/Project/Practice/laravel-pusher-chat/vendor/laravel/framework/src/Illuminate/Http/Middleware/TrustProxies.php(39): Illuminate\\Pipeline\\Pipeline->Illuminate\\Pipeline\\{closure}()
#51 /home/aung/Project/Practice/laravel-pusher-chat/vendor/laravel/framework/src/Illuminate/Pipeline/Pipeline.php(183): Illuminate\\Http\\Middleware\\TrustProxies->handle()
#52 /home/aung/Project/Practice/laravel-pusher-chat/vendor/laravel/framework/src/Illuminate/Pipeline/Pipeline.php(119): Illuminate\\Pipeline\\Pipeline->Illuminate\\Pipeline\\{closure}()
#53 /home/aung/Project/Practice/laravel-pusher-chat/vendor/laravel/framework/src/Illuminate/Foundation/Http/Kernel.php(175): Illuminate\\Pipeline\\Pipeline->then()
#54 /home/aung/Project/Practice/laravel-pusher-chat/vendor/laravel/framework/src/Illuminate/Foundation/Http/Kernel.php(144): Illuminate\\Foundation\\Http\\Kernel->sendRequestThroughRouter()
#55 /home/aung/Project/Practice/laravel-pusher-chat/public/index.php(51): Illuminate\\Foundation\\Http\\Kernel->handle()
#56 /home/aung/Project/Practice/laravel-pusher-chat/vendor/laravel/framework/src/Illuminate/Foundation/resources/server.php(16): require_once('...')
#57 {main}
"} 
[2024-03-01 01:55:50] local.ERROR: Pusher error: cURL error 6: Could not resolve host: api-us3.pusher.com (see https://curl.haxx.se/libcurl/c/libcurl-errors.html) for https://api-us3.pusher.com/apps/1756763/events?auth_key=dae6ba77b2d27b319f49&auth_timestamp=1709258145&auth_version=1.0&body_md5=aa035268fa9f231a767a4824a3009e23&auth_signature=c90b78beae861a0ab3d9f1e99c474d1f759d2a54b82c60e2f4accb38a95e28f4. {"userId":2,"exception":"[object] (Illuminate\\Broadcasting\\BroadcastException(code: 0): Pusher error: cURL error 6: Could not resolve host: api-us3.pusher.com (see https://curl.haxx.se/libcurl/c/libcurl-errors.html) for https://api-us3.pusher.com/apps/1756763/events?auth_key=dae6ba77b2d27b319f49&auth_timestamp=1709258145&auth_version=1.0&body_md5=aa035268fa9f231a767a4824a3009e23&auth_signature=c90b78beae861a0ab3d9f1e99c474d1f759d2a54b82c60e2f4accb38a95e28f4. at /home/aung/Project/Practice/laravel-pusher-chat/vendor/laravel/framework/src/Illuminate/Broadcasting/Broadcasters/PusherBroadcaster.php:164)
[stacktrace]
#0 /home/aung/Project/Practice/laravel-pusher-chat/vendor/laravel/framework/src/Illuminate/Broadcasting/BroadcastEvent.php(92): Illuminate\\Broadcasting\\Broadcasters\\PusherBroadcaster->broadcast()
#1 /home/aung/Project/Practice/laravel-pusher-chat/vendor/laravel/framework/src/Illuminate/Container/BoundMethod.php(36): Illuminate\\Broadcasting\\BroadcastEvent->handle()
#2 /home/aung/Project/Practice/laravel-pusher-chat/vendor/laravel/framework/src/Illuminate/Container/Util.php(41): Illuminate\\Container\\BoundMethod::Illuminate\\Container\\{closure}()
#3 /home/aung/Project/Practice/laravel-pusher-chat/vendor/laravel/framework/src/Illuminate/Container/BoundMethod.php(93): Illuminate\\Container\\Util::unwrapIfClosure()
#4 /home/aung/Project/Practice/laravel-pusher-chat/vendor/laravel/framework/src/Illuminate/Container/BoundMethod.php(35): Illuminate\\Container\\BoundMethod::callBoundMethod()
#5 /home/aung/Project/Practice/laravel-pusher-chat/vendor/laravel/framework/src/Illuminate/Container/Container.php(662): Illuminate\\Container\\BoundMethod::call()
#6 /home/aung/Project/Practice/laravel-pusher-chat/vendor/laravel/framework/src/Illuminate/Bus/Dispatcher.php(128): Illuminate\\Container\\Container->call()
#7 /home/aung/Project/Practice/laravel-pusher-chat/vendor/laravel/framework/src/Illuminate/Pipeline/Pipeline.php(144): Illuminate\\Bus\\Dispatcher->Illuminate\\Bus\\{closure}()
#8 /home/aung/Project/Practice/laravel-pusher-chat/vendor/laravel/framework/src/Illuminate/Pipeline/Pipeline.php(119): Illuminate\\Pipeline\\Pipeline->Illuminate\\Pipeline\\{closure}()
#9 /home/aung/Project/Practice/laravel-pusher-chat/vendor/laravel/framework/src/Illuminate/Bus/Dispatcher.php(132): Illuminate\\Pipeline\\Pipeline->then()
#10 /home/aung/Project/Practice/laravel-pusher-chat/vendor/laravel/framework/src/Illuminate/Broadcasting/BroadcastManager.php(158): Illuminate\\Bus\\Dispatcher->dispatchNow()
#11 /home/aung/Project/Practice/laravel-pusher-chat/vendor/laravel/framework/src/Illuminate/Events/Dispatcher.php(357): Illuminate\\Broadcasting\\BroadcastManager->queue()
#12 /home/aung/Project/Practice/laravel-pusher-chat/vendor/laravel/framework/src/Illuminate/Events/Dispatcher.php(280): Illuminate\\Events\\Dispatcher->broadcastEvent()
#13 /home/aung/Project/Practice/laravel-pusher-chat/vendor/laravel/framework/src/Illuminate/Events/Dispatcher.php(266): Illuminate\\Events\\Dispatcher->invokeListeners()
#14 /home/aung/Project/Practice/laravel-pusher-chat/vendor/laravel/framework/src/Illuminate/Broadcasting/PendingBroadcast.php(72): Illuminate\\Events\\Dispatcher->dispatch()
#15 /home/aung/Project/Practice/laravel-pusher-chat/app/Http/Controllers/ChatMessageController.php(70): Illuminate\\Broadcasting\\PendingBroadcast->__destruct()
#16 /home/aung/Project/Practice/laravel-pusher-chat/app/Http/Controllers/ChatMessageController.php(61): App\\Http\\Controllers\\ChatMessageController->sendNotificationToOther()
#17 /home/aung/Project/Practice/laravel-pusher-chat/vendor/laravel/framework/src/Illuminate/Routing/Controller.php(54): App\\Http\\Controllers\\ChatMessageController->store()
#18 /home/aung/Project/Practice/laravel-pusher-chat/vendor/laravel/framework/src/Illuminate/Routing/ControllerDispatcher.php(43): Illuminate\\Routing\\Controller->callAction()
#19 /home/aung/Project/Practice/laravel-pusher-chat/vendor/laravel/framework/src/Illuminate/Routing/Route.php(259): Illuminate\\Routing\\ControllerDispatcher->dispatch()
#20 /home/aung/Project/Practice/laravel-pusher-chat/vendor/laravel/framework/src/Illuminate/Routing/Route.php(205): Illuminate\\Routing\\Route->runController()
#21 /home/aung/Project/Practice/laravel-pusher-chat/vendor/laravel/framework/src/Illuminate/Routing/Router.php(806): Illuminate\\Routing\\Route->run()
#22 /home/aung/Project/Practice/laravel-pusher-chat/vendor/laravel/framework/src/Illuminate/Pipeline/Pipeline.php(144): Illuminate\\Routing\\Router->Illuminate\\Routing\\{closure}()
#23 /home/aung/Project/Practice/laravel-pusher-chat/vendor/laravel/framework/src/Illuminate/Routing/Middleware/SubstituteBindings.php(50): Illuminate\\Pipeline\\Pipeline->Illuminate\\Pipeline\\{closure}()
#24 /home/aung/Project/Practice/laravel-pusher-chat/vendor/laravel/framework/src/Illuminate/Pipeline/Pipeline.php(183): Illuminate\\Routing\\Middleware\\SubstituteBindings->handle()
#25 /home/aung/Project/Practice/laravel-pusher-chat/vendor/laravel/framework/src/Illuminate/Routing/Middleware/ThrottleRequests.php(159): Illuminate\\Pipeline\\Pipeline->Illuminate\\Pipeline\\{closure}()
#26 /home/aung/Project/Practice/laravel-pusher-chat/vendor/laravel/framework/src/Illuminate/Routing/Middleware/ThrottleRequests.php(125): Illuminate\\Routing\\Middleware\\ThrottleRequests->handleRequest()
#27 /home/aung/Project/Practice/laravel-pusher-chat/vendor/laravel/framework/src/Illuminate/Routing/Middleware/ThrottleRequests.php(87): Illuminate\\Routing\\Middleware\\ThrottleRequests->handleRequestUsingNamedLimiter()
#28 /home/aung/Project/Practice/laravel-pusher-chat/vendor/laravel/framework/src/Illuminate/Pipeline/Pipeline.php(183): Illuminate\\Routing\\Middleware\\ThrottleRequests->handle()
#29 /home/aung/Project/Practice/laravel-pusher-chat/vendor/laravel/framework/src/Illuminate/Auth/Middleware/Authenticate.php(57): Illuminate\\Pipeline\\Pipeline->Illuminate\\Pipeline\\{closure}()
#30 /home/aung/Project/Practice/laravel-pusher-chat/vendor/laravel/framework/src/Illuminate/Pipeline/Pipeline.php(183): Illuminate\\Auth\\Middleware\\Authenticate->handle()
#31 /home/aung/Project/Practice/laravel-pusher-chat/vendor/laravel/framework/src/Illuminate/Pipeline/Pipeline.php(119): Illuminate\\Pipeline\\Pipeline->Illuminate\\Pipeline\\{closure}()
#32 /home/aung/Project/Practice/laravel-pusher-chat/vendor/laravel/framework/src/Illuminate/Routing/Router.php(805): Illuminate\\Pipeline\\Pipeline->then()
#33 /home/aung/Project/Practice/laravel-pusher-chat/vendor/laravel/framework/src/Illuminate/Routing/Router.php(784): Illuminate\\Routing\\Router->runRouteWithinStack()
#34 /home/aung/Project/Practice/laravel-pusher-chat/vendor/laravel/framework/src/Illuminate/Routing/Router.php(748): Illuminate\\Routing\\Router->runRoute()
#35 /home/aung/Project/Practice/laravel-pusher-chat/vendor/laravel/framework/src/Illuminate/Routing/Router.php(737): Illuminate\\Routing\\Router->dispatchToRoute()
#36 /home/aung/Project/Practice/laravel-pusher-chat/vendor/laravel/framework/src/Illuminate/Foundation/Http/Kernel.php(200): Illuminate\\Routing\\Router->dispatch()
#37 /home/aung/Project/Practice/laravel-pusher-chat/vendor/laravel/framework/src/Illuminate/Pipeline/Pipeline.php(144): Illuminate\\Foundation\\Http\\Kernel->Illuminate\\Foundation\\Http\\{closure}()
#38 /home/aung/Project/Practice/laravel-pusher-chat/vendor/laravel/framework/src/Illuminate/Foundation/Http/Middleware/TransformsRequest.php(21): Illuminate\\Pipeline\\Pipeline->Illuminate\\Pipeline\\{closure}()
#39 /home/aung/Project/Practice/laravel-pusher-chat/vendor/laravel/framework/src/Illuminate/Foundation/Http/Middleware/ConvertEmptyStringsToNull.php(31): Illuminate\\Foundation\\Http\\Middleware\\TransformsRequest->handle()
#40 /home/aung/Project/Practice/laravel-pusher-chat/vendor/laravel/framework/src/Illuminate/Pipeline/Pipeline.php(183): Illuminate\\Foundation\\Http\\Middleware\\ConvertEmptyStringsToNull->handle()
#41 /home/aung/Project/Practice/laravel-pusher-chat/vendor/laravel/framework/src/Illuminate/Foundation/Http/Middleware/TransformsRequest.php(21): Illuminate\\Pipeline\\Pipeline->Illuminate\\Pipeline\\{closure}()
#42 /home/aung/Project/Practice/laravel-pusher-chat/vendor/laravel/framework/src/Illuminate/Foundation/Http/Middleware/TrimStrings.php(40): Illuminate\\Foundation\\Http\\Middleware\\TransformsRequest->handle()
#43 /home/aung/Project/Practice/laravel-pusher-chat/vendor/laravel/framework/src/Illuminate/Pipeline/Pipeline.php(183): Illuminate\\Foundation\\Http\\Middleware\\TrimStrings->handle()
#44 /home/aung/Project/Practice/laravel-pusher-chat/vendor/laravel/framework/src/Illuminate/Foundation/Http/Middleware/ValidatePostSize.php(27): Illuminate\\Pipeline\\Pipeline->Illuminate\\Pipeline\\{closure}()
#45 /home/aung/Project/Practice/laravel-pusher-chat/vendor/laravel/framework/src/Illuminate/Pipeline/Pipeline.php(183): Illuminate\\Foundation\\Http\\Middleware\\ValidatePostSize->handle()
#46 /home/aung/Project/Practice/laravel-pusher-chat/vendor/laravel/framework/src/Illuminate/Foundation/Http/Middleware/PreventRequestsDuringMaintenance.php(99): Illuminate\\Pipeline\\Pipeline->Illuminate\\Pipeline\\{closure}()
#47 /home/aung/Project/Practice/laravel-pusher-chat/vendor/laravel/framework/src/Illuminate/Pipeline/Pipeline.php(183): Illuminate\\Foundation\\Http\\Middleware\\PreventRequestsDuringMaintenance->handle()
#48 /home/aung/Project/Practice/laravel-pusher-chat/vendor/laravel/framework/src/Illuminate/Http/Middleware/HandleCors.php(62): Illuminate\\Pipeline\\Pipeline->Illuminate\\Pipeline\\{closure}()
#49 /home/aung/Project/Practice/laravel-pusher-chat/vendor/laravel/framework/src/Illuminate/Pipeline/Pipeline.php(183): Illuminate\\Http\\Middleware\\HandleCors->handle()
#50 /home/aung/Project/Practice/laravel-pusher-chat/vendor/laravel/framework/src/Illuminate/Http/Middleware/TrustProxies.php(39): Illuminate\\Pipeline\\Pipeline->Illuminate\\Pipeline\\{closure}()
#51 /home/aung/Project/Practice/laravel-pusher-chat/vendor/laravel/framework/src/Illuminate/Pipeline/Pipeline.php(183): Illuminate\\Http\\Middleware\\TrustProxies->handle()
#52 /home/aung/Project/Practice/laravel-pusher-chat/vendor/laravel/framework/src/Illuminate/Pipeline/Pipeline.php(119): Illuminate\\Pipeline\\Pipeline->Illuminate\\Pipeline\\{closure}()
#53 /home/aung/Project/Practice/laravel-pusher-chat/vendor/laravel/framework/src/Illuminate/Foundation/Http/Kernel.php(175): Illuminate\\Pipeline\\Pipeline->then()
#54 /home/aung/Project/Practice/laravel-pusher-chat/vendor/laravel/framework/src/Illuminate/Foundation/Http/Kernel.php(144): Illuminate\\Foundation\\Http\\Kernel->sendRequestThroughRouter()
#55 /home/aung/Project/Practice/laravel-pusher-chat/public/index.php(51): Illuminate\\Foundation\\Http\\Kernel->handle()
#56 /home/aung/Project/Practice/laravel-pusher-chat/vendor/laravel/framework/src/Illuminate/Foundation/resources/server.php(16): require_once('...')
#57 {main}
"} 
[2024-03-01 02:00:37] local.ERROR: Pusher error: cURL error 28: Resolving timed out after 30000 milliseconds (see https://curl.haxx.se/libcurl/c/libcurl-errors.html) for https://api-us3.pusher.com/apps/1756763/events?auth_key=dae6ba77b2d27b319f49&auth_timestamp=1709258405&auth_version=1.0&body_md5=46ed49bb6e53e99f0f1fa27bb097882b&auth_signature=c289a01d05f20909a4744c71a977971cb907225f0b128a2343f6b0c6b8276613. {"userId":2,"exception":"[object] (Illuminate\\Broadcasting\\BroadcastException(code: 0): Pusher error: cURL error 28: Resolving timed out after 30000 milliseconds (see https://curl.haxx.se/libcurl/c/libcurl-errors.html) for https://api-us3.pusher.com/apps/1756763/events?auth_key=dae6ba77b2d27b319f49&auth_timestamp=1709258405&auth_version=1.0&body_md5=46ed49bb6e53e99f0f1fa27bb097882b&auth_signature=c289a01d05f20909a4744c71a977971cb907225f0b128a2343f6b0c6b8276613. at /home/aung/Project/Practice/laravel-pusher-chat/vendor/laravel/framework/src/Illuminate/Broadcasting/Broadcasters/PusherBroadcaster.php:164)
[stacktrace]
#0 /home/aung/Project/Practice/laravel-pusher-chat/vendor/laravel/framework/src/Illuminate/Broadcasting/BroadcastEvent.php(92): Illuminate\\Broadcasting\\Broadcasters\\PusherBroadcaster->broadcast()
#1 /home/aung/Project/Practice/laravel-pusher-chat/vendor/laravel/framework/src/Illuminate/Container/BoundMethod.php(36): Illuminate\\Broadcasting\\BroadcastEvent->handle()
#2 /home/aung/Project/Practice/laravel-pusher-chat/vendor/laravel/framework/src/Illuminate/Container/Util.php(41): Illuminate\\Container\\BoundMethod::Illuminate\\Container\\{closure}()
#3 /home/aung/Project/Practice/laravel-pusher-chat/vendor/laravel/framework/src/Illuminate/Container/BoundMethod.php(93): Illuminate\\Container\\Util::unwrapIfClosure()
#4 /home/aung/Project/Practice/laravel-pusher-chat/vendor/laravel/framework/src/Illuminate/Container/BoundMethod.php(35): Illuminate\\Container\\BoundMethod::callBoundMethod()
#5 /home/aung/Project/Practice/laravel-pusher-chat/vendor/laravel/framework/src/Illuminate/Container/Container.php(662): Illuminate\\Container\\BoundMethod::call()
#6 /home/aung/Project/Practice/laravel-pusher-chat/vendor/laravel/framework/src/Illuminate/Bus/Dispatcher.php(128): Illuminate\\Container\\Container->call()
#7 /home/aung/Project/Practice/laravel-pusher-chat/vendor/laravel/framework/src/Illuminate/Pipeline/Pipeline.php(144): Illuminate\\Bus\\Dispatcher->Illuminate\\Bus\\{closure}()
#8 /home/aung/Project/Practice/laravel-pusher-chat/vendor/laravel/framework/src/Illuminate/Pipeline/Pipeline.php(119): Illuminate\\Pipeline\\Pipeline->Illuminate\\Pipeline\\{closure}()
#9 /home/aung/Project/Practice/laravel-pusher-chat/vendor/laravel/framework/src/Illuminate/Bus/Dispatcher.php(132): Illuminate\\Pipeline\\Pipeline->then()
#10 /home/aung/Project/Practice/laravel-pusher-chat/vendor/laravel/framework/src/Illuminate/Broadcasting/BroadcastManager.php(158): Illuminate\\Bus\\Dispatcher->dispatchNow()
#11 /home/aung/Project/Practice/laravel-pusher-chat/vendor/laravel/framework/src/Illuminate/Events/Dispatcher.php(357): Illuminate\\Broadcasting\\BroadcastManager->queue()
#12 /home/aung/Project/Practice/laravel-pusher-chat/vendor/laravel/framework/src/Illuminate/Events/Dispatcher.php(280): Illuminate\\Events\\Dispatcher->broadcastEvent()
#13 /home/aung/Project/Practice/laravel-pusher-chat/vendor/laravel/framework/src/Illuminate/Events/Dispatcher.php(266): Illuminate\\Events\\Dispatcher->invokeListeners()
#14 /home/aung/Project/Practice/laravel-pusher-chat/vendor/laravel/framework/src/Illuminate/Broadcasting/PendingBroadcast.php(72): Illuminate\\Events\\Dispatcher->dispatch()
#15 /home/aung/Project/Practice/laravel-pusher-chat/app/Http/Controllers/ChatMessageController.php(70): Illuminate\\Broadcasting\\PendingBroadcast->__destruct()
#16 /home/aung/Project/Practice/laravel-pusher-chat/app/Http/Controllers/ChatMessageController.php(61): App\\Http\\Controllers\\ChatMessageController->sendNotificationToOther()
#17 /home/aung/Project/Practice/laravel-pusher-chat/vendor/laravel/framework/src/Illuminate/Routing/Controller.php(54): App\\Http\\Controllers\\ChatMessageController->store()
#18 /home/aung/Project/Practice/laravel-pusher-chat/vendor/laravel/framework/src/Illuminate/Routing/ControllerDispatcher.php(43): Illuminate\\Routing\\Controller->callAction()
#19 /home/aung/Project/Practice/laravel-pusher-chat/vendor/laravel/framework/src/Illuminate/Routing/Route.php(259): Illuminate\\Routing\\ControllerDispatcher->dispatch()
#20 /home/aung/Project/Practice/laravel-pusher-chat/vendor/laravel/framework/src/Illuminate/Routing/Route.php(205): Illuminate\\Routing\\Route->runController()
#21 /home/aung/Project/Practice/laravel-pusher-chat/vendor/laravel/framework/src/Illuminate/Routing/Router.php(806): Illuminate\\Routing\\Route->run()
#22 /home/aung/Project/Practice/laravel-pusher-chat/vendor/laravel/framework/src/Illuminate/Pipeline/Pipeline.php(144): Illuminate\\Routing\\Router->Illuminate\\Routing\\{closure}()
#23 /home/aung/Project/Practice/laravel-pusher-chat/vendor/laravel/framework/src/Illuminate/Routing/Middleware/SubstituteBindings.php(50): Illuminate\\Pipeline\\Pipeline->Illuminate\\Pipeline\\{closure}()
#24 /home/aung/Project/Practice/laravel-pusher-chat/vendor/laravel/framework/src/Illuminate/Pipeline/Pipeline.php(183): Illuminate\\Routing\\Middleware\\SubstituteBindings->handle()
#25 /home/aung/Project/Practice/laravel-pusher-chat/vendor/laravel/framework/src/Illuminate/Routing/Middleware/ThrottleRequests.php(159): Illuminate\\Pipeline\\Pipeline->Illuminate\\Pipeline\\{closure}()
#26 /home/aung/Project/Practice/laravel-pusher-chat/vendor/laravel/framework/src/Illuminate/Routing/Middleware/ThrottleRequests.php(125): Illuminate\\Routing\\Middleware\\ThrottleRequests->handleRequest()
#27 /home/aung/Project/Practice/laravel-pusher-chat/vendor/laravel/framework/src/Illuminate/Routing/Middleware/ThrottleRequests.php(87): Illuminate\\Routing\\Middleware\\ThrottleRequests->handleRequestUsingNamedLimiter()
#28 /home/aung/Project/Practice/laravel-pusher-chat/vendor/laravel/framework/src/Illuminate/Pipeline/Pipeline.php(183): Illuminate\\Routing\\Middleware\\ThrottleRequests->handle()
#29 /home/aung/Project/Practice/laravel-pusher-chat/vendor/laravel/framework/src/Illuminate/Auth/Middleware/Authenticate.php(57): Illuminate\\Pipeline\\Pipeline->Illuminate\\Pipeline\\{closure}()
#30 /home/aung/Project/Practice/laravel-pusher-chat/vendor/laravel/framework/src/Illuminate/Pipeline/Pipeline.php(183): Illuminate\\Auth\\Middleware\\Authenticate->handle()
#31 /home/aung/Project/Practice/laravel-pusher-chat/vendor/laravel/framework/src/Illuminate/Pipeline/Pipeline.php(119): Illuminate\\Pipeline\\Pipeline->Illuminate\\Pipeline\\{closure}()
#32 /home/aung/Project/Practice/laravel-pusher-chat/vendor/laravel/framework/src/Illuminate/Routing/Router.php(805): Illuminate\\Pipeline\\Pipeline->then()
#33 /home/aung/Project/Practice/laravel-pusher-chat/vendor/laravel/framework/src/Illuminate/Routing/Router.php(784): Illuminate\\Routing\\Router->runRouteWithinStack()
#34 /home/aung/Project/Practice/laravel-pusher-chat/vendor/laravel/framework/src/Illuminate/Routing/Router.php(748): Illuminate\\Routing\\Router->runRoute()
#35 /home/aung/Project/Practice/laravel-pusher-chat/vendor/laravel/framework/src/Illuminate/Routing/Router.php(737): Illuminate\\Routing\\Router->dispatchToRoute()
#36 /home/aung/Project/Practice/laravel-pusher-chat/vendor/laravel/framework/src/Illuminate/Foundation/Http/Kernel.php(200): Illuminate\\Routing\\Router->dispatch()
#37 /home/aung/Project/Practice/laravel-pusher-chat/vendor/laravel/framework/src/Illuminate/Pipeline/Pipeline.php(144): Illuminate\\Foundation\\Http\\Kernel->Illuminate\\Foundation\\Http\\{closure}()
#38 /home/aung/Project/Practice/laravel-pusher-chat/vendor/laravel/framework/src/Illuminate/Foundation/Http/Middleware/TransformsRequest.php(21): Illuminate\\Pipeline\\Pipeline->Illuminate\\Pipeline\\{closure}()
#39 /home/aung/Project/Practice/laravel-pusher-chat/vendor/laravel/framework/src/Illuminate/Foundation/Http/Middleware/ConvertEmptyStringsToNull.php(31): Illuminate\\Foundation\\Http\\Middleware\\TransformsRequest->handle()
#40 /home/aung/Project/Practice/laravel-pusher-chat/vendor/laravel/framework/src/Illuminate/Pipeline/Pipeline.php(183): Illuminate\\Foundation\\Http\\Middleware\\ConvertEmptyStringsToNull->handle()
#41 /home/aung/Project/Practice/laravel-pusher-chat/vendor/laravel/framework/src/Illuminate/Foundation/Http/Middleware/TransformsRequest.php(21): Illuminate\\Pipeline\\Pipeline->Illuminate\\Pipeline\\{closure}()
#42 /home/aung/Project/Practice/laravel-pusher-chat/vendor/laravel/framework/src/Illuminate/Foundation/Http/Middleware/TrimStrings.php(40): Illuminate\\Foundation\\Http\\Middleware\\TransformsRequest->handle()
#43 /home/aung/Project/Practice/laravel-pusher-chat/vendor/laravel/framework/src/Illuminate/Pipeline/Pipeline.php(183): Illuminate\\Foundation\\Http\\Middleware\\TrimStrings->handle()
#44 /home/aung/Project/Practice/laravel-pusher-chat/vendor/laravel/framework/src/Illuminate/Foundation/Http/Middleware/ValidatePostSize.php(27): Illuminate\\Pipeline\\Pipeline->Illuminate\\Pipeline\\{closure}()
#45 /home/aung/Project/Practice/laravel-pusher-chat/vendor/laravel/framework/src/Illuminate/Pipeline/Pipeline.php(183): Illuminate\\Foundation\\Http\\Middleware\\ValidatePostSize->handle()
#46 /home/aung/Project/Practice/laravel-pusher-chat/vendor/laravel/framework/src/Illuminate/Foundation/Http/Middleware/PreventRequestsDuringMaintenance.php(99): Illuminate\\Pipeline\\Pipeline->Illuminate\\Pipeline\\{closure}()
#47 /home/aung/Project/Practice/laravel-pusher-chat/vendor/laravel/framework/src/Illuminate/Pipeline/Pipeline.php(183): Illuminate\\Foundation\\Http\\Middleware\\PreventRequestsDuringMaintenance->handle()
#48 /home/aung/Project/Practice/laravel-pusher-chat/vendor/laravel/framework/src/Illuminate/Http/Middleware/HandleCors.php(62): Illuminate\\Pipeline\\Pipeline->Illuminate\\Pipeline\\{closure}()
#49 /home/aung/Project/Practice/laravel-pusher-chat/vendor/laravel/framework/src/Illuminate/Pipeline/Pipeline.php(183): Illuminate\\Http\\Middleware\\HandleCors->handle()
#50 /home/aung/Project/Practice/laravel-pusher-chat/vendor/laravel/framework/src/Illuminate/Http/Middleware/TrustProxies.php(39): Illuminate\\Pipeline\\Pipeline->Illuminate\\Pipeline\\{closure}()
#51 /home/aung/Project/Practice/laravel-pusher-chat/vendor/laravel/framework/src/Illuminate/Pipeline/Pipeline.php(183): Illuminate\\Http\\Middleware\\TrustProxies->handle()
#52 /home/aung/Project/Practice/laravel-pusher-chat/vendor/laravel/framework/src/Illuminate/Pipeline/Pipeline.php(119): Illuminate\\Pipeline\\Pipeline->Illuminate\\Pipeline\\{closure}()
#53 /home/aung/Project/Practice/laravel-pusher-chat/vendor/laravel/framework/src/Illuminate/Foundation/Http/Kernel.php(175): Illuminate\\Pipeline\\Pipeline->then()
#54 /home/aung/Project/Practice/laravel-pusher-chat/vendor/laravel/framework/src/Illuminate/Foundation/Http/Kernel.php(144): Illuminate\\Foundation\\Http\\Kernel->sendRequestThroughRouter()
#55 /home/aung/Project/Practice/laravel-pusher-chat/public/index.php(51): Illuminate\\Foundation\\Http\\Kernel->handle()
#56 /home/aung/Project/Practice/laravel-pusher-chat/vendor/laravel/framework/src/Illuminate/Foundation/resources/server.php(16): require_once('...')
#57 {main}
"} 
[2024-03-05 04:39:00] local.ERROR: Pusher error: cURL error 28: Failed to connect to api-us3.pusher.com port 443 after 28129 ms: Connection timed out (see https://curl.haxx.se/libcurl/c/libcurl-errors.html) for https://api-us3.pusher.com/apps/1756763/events?auth_key=dae6ba77b2d27b319f49&auth_timestamp=1709613512&auth_version=1.0&body_md5=b6ac907407f2597766974ecb876ab5ea&auth_signature=038b6185bdb9ff914a9edee5505fc27f8a41679c525b558d8e811e45185a2a1b. {"userId":18,"exception":"[object] (Illuminate\\Broadcasting\\BroadcastException(code: 0): Pusher error: cURL error 28: Failed to connect to api-us3.pusher.com port 443 after 28129 ms: Connection timed out (see https://curl.haxx.se/libcurl/c/libcurl-errors.html) for https://api-us3.pusher.com/apps/1756763/events?auth_key=dae6ba77b2d27b319f49&auth_timestamp=1709613512&auth_version=1.0&body_md5=b6ac907407f2597766974ecb876ab5ea&auth_signature=038b6185bdb9ff914a9edee5505fc27f8a41679c525b558d8e811e45185a2a1b. at /home/aung/Project/Practice/laravel-pusher-chat/vendor/laravel/framework/src/Illuminate/Broadcasting/Broadcasters/PusherBroadcaster.php:164)
[stacktrace]
#0 /home/aung/Project/Practice/laravel-pusher-chat/vendor/laravel/framework/src/Illuminate/Broadcasting/BroadcastEvent.php(92): Illuminate\\Broadcasting\\Broadcasters\\PusherBroadcaster->broadcast()
#1 /home/aung/Project/Practice/laravel-pusher-chat/vendor/laravel/framework/src/Illuminate/Container/BoundMethod.php(36): Illuminate\\Broadcasting\\BroadcastEvent->handle()
#2 /home/aung/Project/Practice/laravel-pusher-chat/vendor/laravel/framework/src/Illuminate/Container/Util.php(41): Illuminate\\Container\\BoundMethod::Illuminate\\Container\\{closure}()
#3 /home/aung/Project/Practice/laravel-pusher-chat/vendor/laravel/framework/src/Illuminate/Container/BoundMethod.php(93): Illuminate\\Container\\Util::unwrapIfClosure()
#4 /home/aung/Project/Practice/laravel-pusher-chat/vendor/laravel/framework/src/Illuminate/Container/BoundMethod.php(35): Illuminate\\Container\\BoundMethod::callBoundMethod()
#5 /home/aung/Project/Practice/laravel-pusher-chat/vendor/laravel/framework/src/Illuminate/Container/Container.php(662): Illuminate\\Container\\BoundMethod::call()
#6 /home/aung/Project/Practice/laravel-pusher-chat/vendor/laravel/framework/src/Illuminate/Bus/Dispatcher.php(128): Illuminate\\Container\\Container->call()
#7 /home/aung/Project/Practice/laravel-pusher-chat/vendor/laravel/framework/src/Illuminate/Pipeline/Pipeline.php(144): Illuminate\\Bus\\Dispatcher->Illuminate\\Bus\\{closure}()
#8 /home/aung/Project/Practice/laravel-pusher-chat/vendor/laravel/framework/src/Illuminate/Pipeline/Pipeline.php(119): Illuminate\\Pipeline\\Pipeline->Illuminate\\Pipeline\\{closure}()
#9 /home/aung/Project/Practice/laravel-pusher-chat/vendor/laravel/framework/src/Illuminate/Bus/Dispatcher.php(132): Illuminate\\Pipeline\\Pipeline->then()
#10 /home/aung/Project/Practice/laravel-pusher-chat/vendor/laravel/framework/src/Illuminate/Broadcasting/BroadcastManager.php(158): Illuminate\\Bus\\Dispatcher->dispatchNow()
#11 /home/aung/Project/Practice/laravel-pusher-chat/vendor/laravel/framework/src/Illuminate/Events/Dispatcher.php(357): Illuminate\\Broadcasting\\BroadcastManager->queue()
#12 /home/aung/Project/Practice/laravel-pusher-chat/vendor/laravel/framework/src/Illuminate/Events/Dispatcher.php(280): Illuminate\\Events\\Dispatcher->broadcastEvent()
#13 /home/aung/Project/Practice/laravel-pusher-chat/vendor/laravel/framework/src/Illuminate/Events/Dispatcher.php(266): Illuminate\\Events\\Dispatcher->invokeListeners()
#14 /home/aung/Project/Practice/laravel-pusher-chat/vendor/laravel/framework/src/Illuminate/Broadcasting/PendingBroadcast.php(72): Illuminate\\Events\\Dispatcher->dispatch()
#15 /home/aung/Project/Practice/laravel-pusher-chat/app/Http/Controllers/ChatMessageController.php(71): Illuminate\\Broadcasting\\PendingBroadcast->__destruct()
#16 /home/aung/Project/Practice/laravel-pusher-chat/app/Http/Controllers/ChatMessageController.php(62): App\\Http\\Controllers\\ChatMessageController->sendNotificationToOther()
#17 /home/aung/Project/Practice/laravel-pusher-chat/vendor/laravel/framework/src/Illuminate/Routing/Controller.php(54): App\\Http\\Controllers\\ChatMessageController->store()
#18 /home/aung/Project/Practice/laravel-pusher-chat/vendor/laravel/framework/src/Illuminate/Routing/ControllerDispatcher.php(43): Illuminate\\Routing\\Controller->callAction()
#19 /home/aung/Project/Practice/laravel-pusher-chat/vendor/laravel/framework/src/Illuminate/Routing/Route.php(259): Illuminate\\Routing\\ControllerDispatcher->dispatch()
#20 /home/aung/Project/Practice/laravel-pusher-chat/vendor/laravel/framework/src/Illuminate/Routing/Route.php(205): Illuminate\\Routing\\Route->runController()
#21 /home/aung/Project/Practice/laravel-pusher-chat/vendor/laravel/framework/src/Illuminate/Routing/Router.php(806): Illuminate\\Routing\\Route->run()
#22 /home/aung/Project/Practice/laravel-pusher-chat/vendor/laravel/framework/src/Illuminate/Pipeline/Pipeline.php(144): Illuminate\\Routing\\Router->Illuminate\\Routing\\{closure}()
#23 /home/aung/Project/Practice/laravel-pusher-chat/vendor/laravel/framework/src/Illuminate/Routing/Middleware/SubstituteBindings.php(50): Illuminate\\Pipeline\\Pipeline->Illuminate\\Pipeline\\{closure}()
#24 /home/aung/Project/Practice/laravel-pusher-chat/vendor/laravel/framework/src/Illuminate/Pipeline/Pipeline.php(183): Illuminate\\Routing\\Middleware\\SubstituteBindings->handle()
#25 /home/aung/Project/Practice/laravel-pusher-chat/vendor/laravel/framework/src/Illuminate/Routing/Middleware/ThrottleRequests.php(159): Illuminate\\Pipeline\\Pipeline->Illuminate\\Pipeline\\{closure}()
#26 /home/aung/Project/Practice/laravel-pusher-chat/vendor/laravel/framework/src/Illuminate/Routing/Middleware/ThrottleRequests.php(125): Illuminate\\Routing\\Middleware\\ThrottleRequests->handleRequest()
#27 /home/aung/Project/Practice/laravel-pusher-chat/vendor/laravel/framework/src/Illuminate/Routing/Middleware/ThrottleRequests.php(87): Illuminate\\Routing\\Middleware\\ThrottleRequests->handleRequestUsingNamedLimiter()
#28 /home/aung/Project/Practice/laravel-pusher-chat/vendor/laravel/framework/src/Illuminate/Pipeline/Pipeline.php(183): Illuminate\\Routing\\Middleware\\ThrottleRequests->handle()
#29 /home/aung/Project/Practice/laravel-pusher-chat/vendor/laravel/framework/src/Illuminate/Auth/Middleware/Authenticate.php(57): Illuminate\\Pipeline\\Pipeline->Illuminate\\Pipeline\\{closure}()
#30 /home/aung/Project/Practice/laravel-pusher-chat/vendor/laravel/framework/src/Illuminate/Pipeline/Pipeline.php(183): Illuminate\\Auth\\Middleware\\Authenticate->handle()
#31 /home/aung/Project/Practice/laravel-pusher-chat/vendor/laravel/framework/src/Illuminate/Pipeline/Pipeline.php(119): Illuminate\\Pipeline\\Pipeline->Illuminate\\Pipeline\\{closure}()
#32 /home/aung/Project/Practice/laravel-pusher-chat/vendor/laravel/framework/src/Illuminate/Routing/Router.php(805): Illuminate\\Pipeline\\Pipeline->then()
#33 /home/aung/Project/Practice/laravel-pusher-chat/vendor/laravel/framework/src/Illuminate/Routing/Router.php(784): Illuminate\\Routing\\Router->runRouteWithinStack()
#34 /home/aung/Project/Practice/laravel-pusher-chat/vendor/laravel/framework/src/Illuminate/Routing/Router.php(748): Illuminate\\Routing\\Router->runRoute()
#35 /home/aung/Project/Practice/laravel-pusher-chat/vendor/laravel/framework/src/Illuminate/Routing/Router.php(737): Illuminate\\Routing\\Router->dispatchToRoute()
#36 /home/aung/Project/Practice/laravel-pusher-chat/vendor/laravel/framework/src/Illuminate/Foundation/Http/Kernel.php(200): Illuminate\\Routing\\Router->dispatch()
#37 /home/aung/Project/Practice/laravel-pusher-chat/vendor/laravel/framework/src/Illuminate/Pipeline/Pipeline.php(144): Illuminate\\Foundation\\Http\\Kernel->Illuminate\\Foundation\\Http\\{closure}()
#38 /home/aung/Project/Practice/laravel-pusher-chat/vendor/laravel/framework/src/Illuminate/Foundation/Http/Middleware/TransformsRequest.php(21): Illuminate\\Pipeline\\Pipeline->Illuminate\\Pipeline\\{closure}()
#39 /home/aung/Project/Practice/laravel-pusher-chat/vendor/laravel/framework/src/Illuminate/Foundation/Http/Middleware/ConvertEmptyStringsToNull.php(31): Illuminate\\Foundation\\Http\\Middleware\\TransformsRequest->handle()
#40 /home/aung/Project/Practice/laravel-pusher-chat/vendor/laravel/framework/src/Illuminate/Pipeline/Pipeline.php(183): Illuminate\\Foundation\\Http\\Middleware\\ConvertEmptyStringsToNull->handle()
#41 /home/aung/Project/Practice/laravel-pusher-chat/vendor/laravel/framework/src/Illuminate/Foundation/Http/Middleware/TransformsRequest.php(21): Illuminate\\Pipeline\\Pipeline->Illuminate\\Pipeline\\{closure}()
#42 /home/aung/Project/Practice/laravel-pusher-chat/vendor/laravel/framework/src/Illuminate/Foundation/Http/Middleware/TrimStrings.php(40): Illuminate\\Foundation\\Http\\Middleware\\TransformsRequest->handle()
#43 /home/aung/Project/Practice/laravel-pusher-chat/vendor/laravel/framework/src/Illuminate/Pipeline/Pipeline.php(183): Illuminate\\Foundation\\Http\\Middleware\\TrimStrings->handle()
#44 /home/aung/Project/Practice/laravel-pusher-chat/vendor/laravel/framework/src/Illuminate/Foundation/Http/Middleware/ValidatePostSize.php(27): Illuminate\\Pipeline\\Pipeline->Illuminate\\Pipeline\\{closure}()
#45 /home/aung/Project/Practice/laravel-pusher-chat/vendor/laravel/framework/src/Illuminate/Pipeline/Pipeline.php(183): Illuminate\\Foundation\\Http\\Middleware\\ValidatePostSize->handle()
#46 /home/aung/Project/Practice/laravel-pusher-chat/vendor/laravel/framework/src/Illuminate/Foundation/Http/Middleware/PreventRequestsDuringMaintenance.php(99): Illuminate\\Pipeline\\Pipeline->Illuminate\\Pipeline\\{closure}()
#47 /home/aung/Project/Practice/laravel-pusher-chat/vendor/laravel/framework/src/Illuminate/Pipeline/Pipeline.php(183): Illuminate\\Foundation\\Http\\Middleware\\PreventRequestsDuringMaintenance->handle()
#48 /home/aung/Project/Practice/laravel-pusher-chat/vendor/laravel/framework/src/Illuminate/Http/Middleware/HandleCors.php(62): Illuminate\\Pipeline\\Pipeline->Illuminate\\Pipeline\\{closure}()
#49 /home/aung/Project/Practice/laravel-pusher-chat/vendor/laravel/framework/src/Illuminate/Pipeline/Pipeline.php(183): Illuminate\\Http\\Middleware\\HandleCors->handle()
#50 /home/aung/Project/Practice/laravel-pusher-chat/vendor/laravel/framework/src/Illuminate/Http/Middleware/TrustProxies.php(39): Illuminate\\Pipeline\\Pipeline->Illuminate\\Pipeline\\{closure}()
#51 /home/aung/Project/Practice/laravel-pusher-chat/vendor/laravel/framework/src/Illuminate/Pipeline/Pipeline.php(183): Illuminate\\Http\\Middleware\\TrustProxies->handle()
#52 /home/aung/Project/Practice/laravel-pusher-chat/vendor/laravel/framework/src/Illuminate/Pipeline/Pipeline.php(119): Illuminate\\Pipeline\\Pipeline->Illuminate\\Pipeline\\{closure}()
#53 /home/aung/Project/Practice/laravel-pusher-chat/vendor/laravel/framework/src/Illuminate/Foundation/Http/Kernel.php(175): Illuminate\\Pipeline\\Pipeline->then()
#54 /home/aung/Project/Practice/laravel-pusher-chat/vendor/laravel/framework/src/Illuminate/Foundation/Http/Kernel.php(144): Illuminate\\Foundation\\Http\\Kernel->sendRequestThroughRouter()
#55 /home/aung/Project/Practice/laravel-pusher-chat/public/index.php(51): Illuminate\\Foundation\\Http\\Kernel->handle()
#56 /home/aung/Project/Practice/laravel-pusher-chat/vendor/laravel/framework/src/Illuminate/Foundation/resources/server.php(16): require_once('...')
#57 {main}
"} 
[2024-03-05 05:03:09] local.ERROR: Pusher error: cURL error 6: Could not resolve host: api-us3.pusher.com (see https://curl.haxx.se/libcurl/c/libcurl-errors.html) for https://api-us3.pusher.com/apps/1756763/events?auth_key=dae6ba77b2d27b319f49&auth_timestamp=1709614989&auth_version=1.0&body_md5=d9d7f8e30c14f98d9e873a8189a5a028&auth_signature=b18d5ac41f2aca5671049e21995205a138a6e55070c96852c9037b799fa43061. {"userId":17,"exception":"[object] (Illuminate\\Broadcasting\\BroadcastException(code: 0): Pusher error: cURL error 6: Could not resolve host: api-us3.pusher.com (see https://curl.haxx.se/libcurl/c/libcurl-errors.html) for https://api-us3.pusher.com/apps/1756763/events?auth_key=dae6ba77b2d27b319f49&auth_timestamp=1709614989&auth_version=1.0&body_md5=d9d7f8e30c14f98d9e873a8189a5a028&auth_signature=b18d5ac41f2aca5671049e21995205a138a6e55070c96852c9037b799fa43061. at /home/aung/Project/Practice/laravel-pusher-chat/vendor/laravel/framework/src/Illuminate/Broadcasting/Broadcasters/PusherBroadcaster.php:164)
[stacktrace]
#0 /home/aung/Project/Practice/laravel-pusher-chat/vendor/laravel/framework/src/Illuminate/Broadcasting/BroadcastEvent.php(92): Illuminate\\Broadcasting\\Broadcasters\\PusherBroadcaster->broadcast()
#1 /home/aung/Project/Practice/laravel-pusher-chat/vendor/laravel/framework/src/Illuminate/Container/BoundMethod.php(36): Illuminate\\Broadcasting\\BroadcastEvent->handle()
#2 /home/aung/Project/Practice/laravel-pusher-chat/vendor/laravel/framework/src/Illuminate/Container/Util.php(41): Illuminate\\Container\\BoundMethod::Illuminate\\Container\\{closure}()
#3 /home/aung/Project/Practice/laravel-pusher-chat/vendor/laravel/framework/src/Illuminate/Container/BoundMethod.php(93): Illuminate\\Container\\Util::unwrapIfClosure()
#4 /home/aung/Project/Practice/laravel-pusher-chat/vendor/laravel/framework/src/Illuminate/Container/BoundMethod.php(35): Illuminate\\Container\\BoundMethod::callBoundMethod()
#5 /home/aung/Project/Practice/laravel-pusher-chat/vendor/laravel/framework/src/Illuminate/Container/Container.php(662): Illuminate\\Container\\BoundMethod::call()
#6 /home/aung/Project/Practice/laravel-pusher-chat/vendor/laravel/framework/src/Illuminate/Bus/Dispatcher.php(128): Illuminate\\Container\\Container->call()
#7 /home/aung/Project/Practice/laravel-pusher-chat/vendor/laravel/framework/src/Illuminate/Pipeline/Pipeline.php(144): Illuminate\\Bus\\Dispatcher->Illuminate\\Bus\\{closure}()
#8 /home/aung/Project/Practice/laravel-pusher-chat/vendor/laravel/framework/src/Illuminate/Pipeline/Pipeline.php(119): Illuminate\\Pipeline\\Pipeline->Illuminate\\Pipeline\\{closure}()
#9 /home/aung/Project/Practice/laravel-pusher-chat/vendor/laravel/framework/src/Illuminate/Bus/Dispatcher.php(132): Illuminate\\Pipeline\\Pipeline->then()
#10 /home/aung/Project/Practice/laravel-pusher-chat/vendor/laravel/framework/src/Illuminate/Broadcasting/BroadcastManager.php(158): Illuminate\\Bus\\Dispatcher->dispatchNow()
#11 /home/aung/Project/Practice/laravel-pusher-chat/vendor/laravel/framework/src/Illuminate/Events/Dispatcher.php(357): Illuminate\\Broadcasting\\BroadcastManager->queue()
#12 /home/aung/Project/Practice/laravel-pusher-chat/vendor/laravel/framework/src/Illuminate/Events/Dispatcher.php(280): Illuminate\\Events\\Dispatcher->broadcastEvent()
#13 /home/aung/Project/Practice/laravel-pusher-chat/vendor/laravel/framework/src/Illuminate/Events/Dispatcher.php(266): Illuminate\\Events\\Dispatcher->invokeListeners()
#14 /home/aung/Project/Practice/laravel-pusher-chat/vendor/laravel/framework/src/Illuminate/Broadcasting/PendingBroadcast.php(72): Illuminate\\Events\\Dispatcher->dispatch()
#15 /home/aung/Project/Practice/laravel-pusher-chat/app/Http/Controllers/ChatMessageController.php(71): Illuminate\\Broadcasting\\PendingBroadcast->__destruct()
#16 /home/aung/Project/Practice/laravel-pusher-chat/app/Http/Controllers/ChatMessageController.php(62): App\\Http\\Controllers\\ChatMessageController->sendNotificationToOther()
#17 /home/aung/Project/Practice/laravel-pusher-chat/vendor/laravel/framework/src/Illuminate/Routing/Controller.php(54): App\\Http\\Controllers\\ChatMessageController->store()
#18 /home/aung/Project/Practice/laravel-pusher-chat/vendor/laravel/framework/src/Illuminate/Routing/ControllerDispatcher.php(43): Illuminate\\Routing\\Controller->callAction()
#19 /home/aung/Project/Practice/laravel-pusher-chat/vendor/laravel/framework/src/Illuminate/Routing/Route.php(259): Illuminate\\Routing\\ControllerDispatcher->dispatch()
#20 /home/aung/Project/Practice/laravel-pusher-chat/vendor/laravel/framework/src/Illuminate/Routing/Route.php(205): Illuminate\\Routing\\Route->runController()
#21 /home/aung/Project/Practice/laravel-pusher-chat/vendor/laravel/framework/src/Illuminate/Routing/Router.php(806): Illuminate\\Routing\\Route->run()
#22 /home/aung/Project/Practice/laravel-pusher-chat/vendor/laravel/framework/src/Illuminate/Pipeline/Pipeline.php(144): Illuminate\\Routing\\Router->Illuminate\\Routing\\{closure}()
#23 /home/aung/Project/Practice/laravel-pusher-chat/vendor/laravel/framework/src/Illuminate/Routing/Middleware/SubstituteBindings.php(50): Illuminate\\Pipeline\\Pipeline->Illuminate\\Pipeline\\{closure}()
#24 /home/aung/Project/Practice/laravel-pusher-chat/vendor/laravel/framework/src/Illuminate/Pipeline/Pipeline.php(183): Illuminate\\Routing\\Middleware\\SubstituteBindings->handle()
#25 /home/aung/Project/Practice/laravel-pusher-chat/vendor/laravel/framework/src/Illuminate/Routing/Middleware/ThrottleRequests.php(159): Illuminate\\Pipeline\\Pipeline->Illuminate\\Pipeline\\{closure}()
#26 /home/aung/Project/Practice/laravel-pusher-chat/vendor/laravel/framework/src/Illuminate/Routing/Middleware/ThrottleRequests.php(125): Illuminate\\Routing\\Middleware\\ThrottleRequests->handleRequest()
#27 /home/aung/Project/Practice/laravel-pusher-chat/vendor/laravel/framework/src/Illuminate/Routing/Middleware/ThrottleRequests.php(87): Illuminate\\Routing\\Middleware\\ThrottleRequests->handleRequestUsingNamedLimiter()
#28 /home/aung/Project/Practice/laravel-pusher-chat/vendor/laravel/framework/src/Illuminate/Pipeline/Pipeline.php(183): Illuminate\\Routing\\Middleware\\ThrottleRequests->handle()
#29 /home/aung/Project/Practice/laravel-pusher-chat/vendor/laravel/framework/src/Illuminate/Auth/Middleware/Authenticate.php(57): Illuminate\\Pipeline\\Pipeline->Illuminate\\Pipeline\\{closure}()
#30 /home/aung/Project/Practice/laravel-pusher-chat/vendor/laravel/framework/src/Illuminate/Pipeline/Pipeline.php(183): Illuminate\\Auth\\Middleware\\Authenticate->handle()
#31 /home/aung/Project/Practice/laravel-pusher-chat/vendor/laravel/framework/src/Illuminate/Pipeline/Pipeline.php(119): Illuminate\\Pipeline\\Pipeline->Illuminate\\Pipeline\\{closure}()
#32 /home/aung/Project/Practice/laravel-pusher-chat/vendor/laravel/framework/src/Illuminate/Routing/Router.php(805): Illuminate\\Pipeline\\Pipeline->then()
#33 /home/aung/Project/Practice/laravel-pusher-chat/vendor/laravel/framework/src/Illuminate/Routing/Router.php(784): Illuminate\\Routing\\Router->runRouteWithinStack()
#34 /home/aung/Project/Practice/laravel-pusher-chat/vendor/laravel/framework/src/Illuminate/Routing/Router.php(748): Illuminate\\Routing\\Router->runRoute()
#35 /home/aung/Project/Practice/laravel-pusher-chat/vendor/laravel/framework/src/Illuminate/Routing/Router.php(737): Illuminate\\Routing\\Router->dispatchToRoute()
#36 /home/aung/Project/Practice/laravel-pusher-chat/vendor/laravel/framework/src/Illuminate/Foundation/Http/Kernel.php(200): Illuminate\\Routing\\Router->dispatch()
#37 /home/aung/Project/Practice/laravel-pusher-chat/vendor/laravel/framework/src/Illuminate/Pipeline/Pipeline.php(144): Illuminate\\Foundation\\Http\\Kernel->Illuminate\\Foundation\\Http\\{closure}()
#38 /home/aung/Project/Practice/laravel-pusher-chat/vendor/laravel/framework/src/Illuminate/Foundation/Http/Middleware/TransformsRequest.php(21): Illuminate\\Pipeline\\Pipeline->Illuminate\\Pipeline\\{closure}()
#39 /home/aung/Project/Practice/laravel-pusher-chat/vendor/laravel/framework/src/Illuminate/Foundation/Http/Middleware/ConvertEmptyStringsToNull.php(31): Illuminate\\Foundation\\Http\\Middleware\\TransformsRequest->handle()
#40 /home/aung/Project/Practice/laravel-pusher-chat/vendor/laravel/framework/src/Illuminate/Pipeline/Pipeline.php(183): Illuminate\\Foundation\\Http\\Middleware\\ConvertEmptyStringsToNull->handle()
#41 /home/aung/Project/Practice/laravel-pusher-chat/vendor/laravel/framework/src/Illuminate/Foundation/Http/Middleware/TransformsRequest.php(21): Illuminate\\Pipeline\\Pipeline->Illuminate\\Pipeline\\{closure}()
#42 /home/aung/Project/Practice/laravel-pusher-chat/vendor/laravel/framework/src/Illuminate/Foundation/Http/Middleware/TrimStrings.php(40): Illuminate\\Foundation\\Http\\Middleware\\TransformsRequest->handle()
#43 /home/aung/Project/Practice/laravel-pusher-chat/vendor/laravel/framework/src/Illuminate/Pipeline/Pipeline.php(183): Illuminate\\Foundation\\Http\\Middleware\\TrimStrings->handle()
#44 /home/aung/Project/Practice/laravel-pusher-chat/vendor/laravel/framework/src/Illuminate/Foundation/Http/Middleware/ValidatePostSize.php(27): Illuminate\\Pipeline\\Pipeline->Illuminate\\Pipeline\\{closure}()
#45 /home/aung/Project/Practice/laravel-pusher-chat/vendor/laravel/framework/src/Illuminate/Pipeline/Pipeline.php(183): Illuminate\\Foundation\\Http\\Middleware\\ValidatePostSize->handle()
#46 /home/aung/Project/Practice/laravel-pusher-chat/vendor/laravel/framework/src/Illuminate/Foundation/Http/Middleware/PreventRequestsDuringMaintenance.php(99): Illuminate\\Pipeline\\Pipeline->Illuminate\\Pipeline\\{closure}()
#47 /home/aung/Project/Practice/laravel-pusher-chat/vendor/laravel/framework/src/Illuminate/Pipeline/Pipeline.php(183): Illuminate\\Foundation\\Http\\Middleware\\PreventRequestsDuringMaintenance->handle()
#48 /home/aung/Project/Practice/laravel-pusher-chat/vendor/laravel/framework/src/Illuminate/Http/Middleware/HandleCors.php(62): Illuminate\\Pipeline\\Pipeline->Illuminate\\Pipeline\\{closure}()
#49 /home/aung/Project/Practice/laravel-pusher-chat/vendor/laravel/framework/src/Illuminate/Pipeline/Pipeline.php(183): Illuminate\\Http\\Middleware\\HandleCors->handle()
#50 /home/aung/Project/Practice/laravel-pusher-chat/vendor/laravel/framework/src/Illuminate/Http/Middleware/TrustProxies.php(39): Illuminate\\Pipeline\\Pipeline->Illuminate\\Pipeline\\{closure}()
#51 /home/aung/Project/Practice/laravel-pusher-chat/vendor/laravel/framework/src/Illuminate/Pipeline/Pipeline.php(183): Illuminate\\Http\\Middleware\\TrustProxies->handle()
#52 /home/aung/Project/Practice/laravel-pusher-chat/vendor/laravel/framework/src/Illuminate/Pipeline/Pipeline.php(119): Illuminate\\Pipeline\\Pipeline->Illuminate\\Pipeline\\{closure}()
#53 /home/aung/Project/Practice/laravel-pusher-chat/vendor/laravel/framework/src/Illuminate/Foundation/Http/Kernel.php(175): Illuminate\\Pipeline\\Pipeline->then()
#54 /home/aung/Project/Practice/laravel-pusher-chat/vendor/laravel/framework/src/Illuminate/Foundation/Http/Kernel.php(144): Illuminate\\Foundation\\Http\\Kernel->sendRequestThroughRouter()
#55 /home/aung/Project/Practice/laravel-pusher-chat/public/index.php(51): Illuminate\\Foundation\\Http\\Kernel->handle()
#56 /home/aung/Project/Practice/laravel-pusher-chat/vendor/laravel/framework/src/Illuminate/Foundation/resources/server.php(16): require_once('...')
#57 {main}
"} 
[2024-03-05 05:03:17] local.ERROR: Pusher error: cURL error 6: Could not resolve host: api-us3.pusher.com (see https://curl.haxx.se/libcurl/c/libcurl-errors.html) for https://api-us3.pusher.com/apps/1756763/events?auth_key=dae6ba77b2d27b319f49&auth_timestamp=1709614997&auth_version=1.0&body_md5=b67d80984d8e7b042922f4f4cd55a51c&auth_signature=4b67596c8269e3746072372d34e46e98bee9600340c11c13985ff56bbeb64acf. {"userId":17,"exception":"[object] (Illuminate\\Broadcasting\\BroadcastException(code: 0): Pusher error: cURL error 6: Could not resolve host: api-us3.pusher.com (see https://curl.haxx.se/libcurl/c/libcurl-errors.html) for https://api-us3.pusher.com/apps/1756763/events?auth_key=dae6ba77b2d27b319f49&auth_timestamp=1709614997&auth_version=1.0&body_md5=b67d80984d8e7b042922f4f4cd55a51c&auth_signature=4b67596c8269e3746072372d34e46e98bee9600340c11c13985ff56bbeb64acf. at /home/aung/Project/Practice/laravel-pusher-chat/vendor/laravel/framework/src/Illuminate/Broadcasting/Broadcasters/PusherBroadcaster.php:164)
[stacktrace]
#0 /home/aung/Project/Practice/laravel-pusher-chat/vendor/laravel/framework/src/Illuminate/Broadcasting/BroadcastEvent.php(92): Illuminate\\Broadcasting\\Broadcasters\\PusherBroadcaster->broadcast()
#1 /home/aung/Project/Practice/laravel-pusher-chat/vendor/laravel/framework/src/Illuminate/Container/BoundMethod.php(36): Illuminate\\Broadcasting\\BroadcastEvent->handle()
#2 /home/aung/Project/Practice/laravel-pusher-chat/vendor/laravel/framework/src/Illuminate/Container/Util.php(41): Illuminate\\Container\\BoundMethod::Illuminate\\Container\\{closure}()
#3 /home/aung/Project/Practice/laravel-pusher-chat/vendor/laravel/framework/src/Illuminate/Container/BoundMethod.php(93): Illuminate\\Container\\Util::unwrapIfClosure()
#4 /home/aung/Project/Practice/laravel-pusher-chat/vendor/laravel/framework/src/Illuminate/Container/BoundMethod.php(35): Illuminate\\Container\\BoundMethod::callBoundMethod()
#5 /home/aung/Project/Practice/laravel-pusher-chat/vendor/laravel/framework/src/Illuminate/Container/Container.php(662): Illuminate\\Container\\BoundMethod::call()
#6 /home/aung/Project/Practice/laravel-pusher-chat/vendor/laravel/framework/src/Illuminate/Bus/Dispatcher.php(128): Illuminate\\Container\\Container->call()
#7 /home/aung/Project/Practice/laravel-pusher-chat/vendor/laravel/framework/src/Illuminate/Pipeline/Pipeline.php(144): Illuminate\\Bus\\Dispatcher->Illuminate\\Bus\\{closure}()
#8 /home/aung/Project/Practice/laravel-pusher-chat/vendor/laravel/framework/src/Illuminate/Pipeline/Pipeline.php(119): Illuminate\\Pipeline\\Pipeline->Illuminate\\Pipeline\\{closure}()
#9 /home/aung/Project/Practice/laravel-pusher-chat/vendor/laravel/framework/src/Illuminate/Bus/Dispatcher.php(132): Illuminate\\Pipeline\\Pipeline->then()
#10 /home/aung/Project/Practice/laravel-pusher-chat/vendor/laravel/framework/src/Illuminate/Broadcasting/BroadcastManager.php(158): Illuminate\\Bus\\Dispatcher->dispatchNow()
#11 /home/aung/Project/Practice/laravel-pusher-chat/vendor/laravel/framework/src/Illuminate/Events/Dispatcher.php(357): Illuminate\\Broadcasting\\BroadcastManager->queue()
#12 /home/aung/Project/Practice/laravel-pusher-chat/vendor/laravel/framework/src/Illuminate/Events/Dispatcher.php(280): Illuminate\\Events\\Dispatcher->broadcastEvent()
#13 /home/aung/Project/Practice/laravel-pusher-chat/vendor/laravel/framework/src/Illuminate/Events/Dispatcher.php(266): Illuminate\\Events\\Dispatcher->invokeListeners()
#14 /home/aung/Project/Practice/laravel-pusher-chat/vendor/laravel/framework/src/Illuminate/Broadcasting/PendingBroadcast.php(72): Illuminate\\Events\\Dispatcher->dispatch()
#15 /home/aung/Project/Practice/laravel-pusher-chat/app/Http/Controllers/ChatMessageController.php(71): Illuminate\\Broadcasting\\PendingBroadcast->__destruct()
#16 /home/aung/Project/Practice/laravel-pusher-chat/app/Http/Controllers/ChatMessageController.php(62): App\\Http\\Controllers\\ChatMessageController->sendNotificationToOther()
#17 /home/aung/Project/Practice/laravel-pusher-chat/vendor/laravel/framework/src/Illuminate/Routing/Controller.php(54): App\\Http\\Controllers\\ChatMessageController->store()
#18 /home/aung/Project/Practice/laravel-pusher-chat/vendor/laravel/framework/src/Illuminate/Routing/ControllerDispatcher.php(43): Illuminate\\Routing\\Controller->callAction()
#19 /home/aung/Project/Practice/laravel-pusher-chat/vendor/laravel/framework/src/Illuminate/Routing/Route.php(259): Illuminate\\Routing\\ControllerDispatcher->dispatch()
#20 /home/aung/Project/Practice/laravel-pusher-chat/vendor/laravel/framework/src/Illuminate/Routing/Route.php(205): Illuminate\\Routing\\Route->runController()
#21 /home/aung/Project/Practice/laravel-pusher-chat/vendor/laravel/framework/src/Illuminate/Routing/Router.php(806): Illuminate\\Routing\\Route->run()
#22 /home/aung/Project/Practice/laravel-pusher-chat/vendor/laravel/framework/src/Illuminate/Pipeline/Pipeline.php(144): Illuminate\\Routing\\Router->Illuminate\\Routing\\{closure}()
#23 /home/aung/Project/Practice/laravel-pusher-chat/vendor/laravel/framework/src/Illuminate/Routing/Middleware/SubstituteBindings.php(50): Illuminate\\Pipeline\\Pipeline->Illuminate\\Pipeline\\{closure}()
#24 /home/aung/Project/Practice/laravel-pusher-chat/vendor/laravel/framework/src/Illuminate/Pipeline/Pipeline.php(183): Illuminate\\Routing\\Middleware\\SubstituteBindings->handle()
#25 /home/aung/Project/Practice/laravel-pusher-chat/vendor/laravel/framework/src/Illuminate/Routing/Middleware/ThrottleRequests.php(159): Illuminate\\Pipeline\\Pipeline->Illuminate\\Pipeline\\{closure}()
#26 /home/aung/Project/Practice/laravel-pusher-chat/vendor/laravel/framework/src/Illuminate/Routing/Middleware/ThrottleRequests.php(125): Illuminate\\Routing\\Middleware\\ThrottleRequests->handleRequest()
#27 /home/aung/Project/Practice/laravel-pusher-chat/vendor/laravel/framework/src/Illuminate/Routing/Middleware/ThrottleRequests.php(87): Illuminate\\Routing\\Middleware\\ThrottleRequests->handleRequestUsingNamedLimiter()
#28 /home/aung/Project/Practice/laravel-pusher-chat/vendor/laravel/framework/src/Illuminate/Pipeline/Pipeline.php(183): Illuminate\\Routing\\Middleware\\ThrottleRequests->handle()
#29 /home/aung/Project/Practice/laravel-pusher-chat/vendor/laravel/framework/src/Illuminate/Auth/Middleware/Authenticate.php(57): Illuminate\\Pipeline\\Pipeline->Illuminate\\Pipeline\\{closure}()
#30 /home/aung/Project/Practice/laravel-pusher-chat/vendor/laravel/framework/src/Illuminate/Pipeline/Pipeline.php(183): Illuminate\\Auth\\Middleware\\Authenticate->handle()
#31 /home/aung/Project/Practice/laravel-pusher-chat/vendor/laravel/framework/src/Illuminate/Pipeline/Pipeline.php(119): Illuminate\\Pipeline\\Pipeline->Illuminate\\Pipeline\\{closure}()
#32 /home/aung/Project/Practice/laravel-pusher-chat/vendor/laravel/framework/src/Illuminate/Routing/Router.php(805): Illuminate\\Pipeline\\Pipeline->then()
#33 /home/aung/Project/Practice/laravel-pusher-chat/vendor/laravel/framework/src/Illuminate/Routing/Router.php(784): Illuminate\\Routing\\Router->runRouteWithinStack()
#34 /home/aung/Project/Practice/laravel-pusher-chat/vendor/laravel/framework/src/Illuminate/Routing/Router.php(748): Illuminate\\Routing\\Router->runRoute()
#35 /home/aung/Project/Practice/laravel-pusher-chat/vendor/laravel/framework/src/Illuminate/Routing/Router.php(737): Illuminate\\Routing\\Router->dispatchToRoute()
#36 /home/aung/Project/Practice/laravel-pusher-chat/vendor/laravel/framework/src/Illuminate/Foundation/Http/Kernel.php(200): Illuminate\\Routing\\Router->dispatch()
#37 /home/aung/Project/Practice/laravel-pusher-chat/vendor/laravel/framework/src/Illuminate/Pipeline/Pipeline.php(144): Illuminate\\Foundation\\Http\\Kernel->Illuminate\\Foundation\\Http\\{closure}()
#38 /home/aung/Project/Practice/laravel-pusher-chat/vendor/laravel/framework/src/Illuminate/Foundation/Http/Middleware/TransformsRequest.php(21): Illuminate\\Pipeline\\Pipeline->Illuminate\\Pipeline\\{closure}()
#39 /home/aung/Project/Practice/laravel-pusher-chat/vendor/laravel/framework/src/Illuminate/Foundation/Http/Middleware/ConvertEmptyStringsToNull.php(31): Illuminate\\Foundation\\Http\\Middleware\\TransformsRequest->handle()
#40 /home/aung/Project/Practice/laravel-pusher-chat/vendor/laravel/framework/src/Illuminate/Pipeline/Pipeline.php(183): Illuminate\\Foundation\\Http\\Middleware\\ConvertEmptyStringsToNull->handle()
#41 /home/aung/Project/Practice/laravel-pusher-chat/vendor/laravel/framework/src/Illuminate/Foundation/Http/Middleware/TransformsRequest.php(21): Illuminate\\Pipeline\\Pipeline->Illuminate\\Pipeline\\{closure}()
#42 /home/aung/Project/Practice/laravel-pusher-chat/vendor/laravel/framework/src/Illuminate/Foundation/Http/Middleware/TrimStrings.php(40): Illuminate\\Foundation\\Http\\Middleware\\TransformsRequest->handle()
#43 /home/aung/Project/Practice/laravel-pusher-chat/vendor/laravel/framework/src/Illuminate/Pipeline/Pipeline.php(183): Illuminate\\Foundation\\Http\\Middleware\\TrimStrings->handle()
#44 /home/aung/Project/Practice/laravel-pusher-chat/vendor/laravel/framework/src/Illuminate/Foundation/Http/Middleware/ValidatePostSize.php(27): Illuminate\\Pipeline\\Pipeline->Illuminate\\Pipeline\\{closure}()
#45 /home/aung/Project/Practice/laravel-pusher-chat/vendor/laravel/framework/src/Illuminate/Pipeline/Pipeline.php(183): Illuminate\\Foundation\\Http\\Middleware\\ValidatePostSize->handle()
#46 /home/aung/Project/Practice/laravel-pusher-chat/vendor/laravel/framework/src/Illuminate/Foundation/Http/Middleware/PreventRequestsDuringMaintenance.php(99): Illuminate\\Pipeline\\Pipeline->Illuminate\\Pipeline\\{closure}()
#47 /home/aung/Project/Practice/laravel-pusher-chat/vendor/laravel/framework/src/Illuminate/Pipeline/Pipeline.php(183): Illuminate\\Foundation\\Http\\Middleware\\PreventRequestsDuringMaintenance->handle()
#48 /home/aung/Project/Practice/laravel-pusher-chat/vendor/laravel/framework/src/Illuminate/Http/Middleware/HandleCors.php(62): Illuminate\\Pipeline\\Pipeline->Illuminate\\Pipeline\\{closure}()
#49 /home/aung/Project/Practice/laravel-pusher-chat/vendor/laravel/framework/src/Illuminate/Pipeline/Pipeline.php(183): Illuminate\\Http\\Middleware\\HandleCors->handle()
#50 /home/aung/Project/Practice/laravel-pusher-chat/vendor/laravel/framework/src/Illuminate/Http/Middleware/TrustProxies.php(39): Illuminate\\Pipeline\\Pipeline->Illuminate\\Pipeline\\{closure}()
#51 /home/aung/Project/Practice/laravel-pusher-chat/vendor/laravel/framework/src/Illuminate/Pipeline/Pipeline.php(183): Illuminate\\Http\\Middleware\\TrustProxies->handle()
#52 /home/aung/Project/Practice/laravel-pusher-chat/vendor/laravel/framework/src/Illuminate/Pipeline/Pipeline.php(119): Illuminate\\Pipeline\\Pipeline->Illuminate\\Pipeline\\{closure}()
#53 /home/aung/Project/Practice/laravel-pusher-chat/vendor/laravel/framework/src/Illuminate/Foundation/Http/Kernel.php(175): Illuminate\\Pipeline\\Pipeline->then()
#54 /home/aung/Project/Practice/laravel-pusher-chat/vendor/laravel/framework/src/Illuminate/Foundation/Http/Kernel.php(144): Illuminate\\Foundation\\Http\\Kernel->sendRequestThroughRouter()
#55 /home/aung/Project/Practice/laravel-pusher-chat/public/index.php(51): Illuminate\\Foundation\\Http\\Kernel->handle()
#56 /home/aung/Project/Practice/laravel-pusher-chat/vendor/laravel/framework/src/Illuminate/Foundation/resources/server.php(16): require_once('...')
#57 {main}
"} 
[2024-03-06 09:54:53] local.ERROR: Method App\Http\Controllers\ChatMessageController::success does not exist. {"userId":2,"exception":"[object] (BadMethodCallException(code: 0): Method App\\Http\\Controllers\\ChatMessageController::success does not exist. at /home/aung/Project/Practice/laravel-pusher-chat/vendor/laravel/framework/src/Illuminate/Routing/Controller.php:68)
[stacktrace]
#0 /home/aung/Project/Practice/laravel-pusher-chat/app/Http/Controllers/ChatMessageController.php(67): Illuminate\\Routing\\Controller->__call()
#1 /home/aung/Project/Practice/laravel-pusher-chat/vendor/laravel/framework/src/Illuminate/Routing/Controller.php(54): App\\Http\\Controllers\\ChatMessageController->store()
#2 /home/aung/Project/Practice/laravel-pusher-chat/vendor/laravel/framework/src/Illuminate/Routing/ControllerDispatcher.php(43): Illuminate\\Routing\\Controller->callAction()
#3 /home/aung/Project/Practice/laravel-pusher-chat/vendor/laravel/framework/src/Illuminate/Routing/Route.php(259): Illuminate\\Routing\\ControllerDispatcher->dispatch()
#4 /home/aung/Project/Practice/laravel-pusher-chat/vendor/laravel/framework/src/Illuminate/Routing/Route.php(205): Illuminate\\Routing\\Route->runController()
#5 /home/aung/Project/Practice/laravel-pusher-chat/vendor/laravel/framework/src/Illuminate/Routing/Router.php(806): Illuminate\\Routing\\Route->run()
#6 /home/aung/Project/Practice/laravel-pusher-chat/vendor/laravel/framework/src/Illuminate/Pipeline/Pipeline.php(144): Illuminate\\Routing\\Router->Illuminate\\Routing\\{closure}()
#7 /home/aung/Project/Practice/laravel-pusher-chat/vendor/laravel/framework/src/Illuminate/Routing/Middleware/SubstituteBindings.php(50): Illuminate\\Pipeline\\Pipeline->Illuminate\\Pipeline\\{closure}()
#8 /home/aung/Project/Practice/laravel-pusher-chat/vendor/laravel/framework/src/Illuminate/Pipeline/Pipeline.php(183): Illuminate\\Routing\\Middleware\\SubstituteBindings->handle()
#9 /home/aung/Project/Practice/laravel-pusher-chat/vendor/laravel/framework/src/Illuminate/Routing/Middleware/ThrottleRequests.php(159): Illuminate\\Pipeline\\Pipeline->Illuminate\\Pipeline\\{closure}()
#10 /home/aung/Project/Practice/laravel-pusher-chat/vendor/laravel/framework/src/Illuminate/Routing/Middleware/ThrottleRequests.php(125): Illuminate\\Routing\\Middleware\\ThrottleRequests->handleRequest()
#11 /home/aung/Project/Practice/laravel-pusher-chat/vendor/laravel/framework/src/Illuminate/Routing/Middleware/ThrottleRequests.php(87): Illuminate\\Routing\\Middleware\\ThrottleRequests->handleRequestUsingNamedLimiter()
#12 /home/aung/Project/Practice/laravel-pusher-chat/vendor/laravel/framework/src/Illuminate/Pipeline/Pipeline.php(183): Illuminate\\Routing\\Middleware\\ThrottleRequests->handle()
#13 /home/aung/Project/Practice/laravel-pusher-chat/vendor/laravel/framework/src/Illuminate/Auth/Middleware/Authenticate.php(57): Illuminate\\Pipeline\\Pipeline->Illuminate\\Pipeline\\{closure}()
#14 /home/aung/Project/Practice/laravel-pusher-chat/vendor/laravel/framework/src/Illuminate/Pipeline/Pipeline.php(183): Illuminate\\Auth\\Middleware\\Authenticate->handle()
#15 /home/aung/Project/Practice/laravel-pusher-chat/vendor/laravel/framework/src/Illuminate/Pipeline/Pipeline.php(119): Illuminate\\Pipeline\\Pipeline->Illuminate\\Pipeline\\{closure}()
#16 /home/aung/Project/Practice/laravel-pusher-chat/vendor/laravel/framework/src/Illuminate/Routing/Router.php(805): Illuminate\\Pipeline\\Pipeline->then()
#17 /home/aung/Project/Practice/laravel-pusher-chat/vendor/laravel/framework/src/Illuminate/Routing/Router.php(784): Illuminate\\Routing\\Router->runRouteWithinStack()
#18 /home/aung/Project/Practice/laravel-pusher-chat/vendor/laravel/framework/src/Illuminate/Routing/Router.php(748): Illuminate\\Routing\\Router->runRoute()
#19 /home/aung/Project/Practice/laravel-pusher-chat/vendor/laravel/framework/src/Illuminate/Routing/Router.php(737): Illuminate\\Routing\\Router->dispatchToRoute()
#20 /home/aung/Project/Practice/laravel-pusher-chat/vendor/laravel/framework/src/Illuminate/Foundation/Http/Kernel.php(200): Illuminate\\Routing\\Router->dispatch()
#21 /home/aung/Project/Practice/laravel-pusher-chat/vendor/laravel/framework/src/Illuminate/Pipeline/Pipeline.php(144): Illuminate\\Foundation\\Http\\Kernel->Illuminate\\Foundation\\Http\\{closure}()
#22 /home/aung/Project/Practice/laravel-pusher-chat/vendor/laravel/framework/src/Illuminate/Foundation/Http/Middleware/TransformsRequest.php(21): Illuminate\\Pipeline\\Pipeline->Illuminate\\Pipeline\\{closure}()
#23 /home/aung/Project/Practice/laravel-pusher-chat/vendor/laravel/framework/src/Illuminate/Foundation/Http/Middleware/ConvertEmptyStringsToNull.php(31): Illuminate\\Foundation\\Http\\Middleware\\TransformsRequest->handle()
#24 /home/aung/Project/Practice/laravel-pusher-chat/vendor/laravel/framework/src/Illuminate/Pipeline/Pipeline.php(183): Illuminate\\Foundation\\Http\\Middleware\\ConvertEmptyStringsToNull->handle()
#25 /home/aung/Project/Practice/laravel-pusher-chat/vendor/laravel/framework/src/Illuminate/Foundation/Http/Middleware/TransformsRequest.php(21): Illuminate\\Pipeline\\Pipeline->Illuminate\\Pipeline\\{closure}()
#26 /home/aung/Project/Practice/laravel-pusher-chat/vendor/laravel/framework/src/Illuminate/Foundation/Http/Middleware/TrimStrings.php(40): Illuminate\\Foundation\\Http\\Middleware\\TransformsRequest->handle()
#27 /home/aung/Project/Practice/laravel-pusher-chat/vendor/laravel/framework/src/Illuminate/Pipeline/Pipeline.php(183): Illuminate\\Foundation\\Http\\Middleware\\TrimStrings->handle()
#28 /home/aung/Project/Practice/laravel-pusher-chat/vendor/laravel/framework/src/Illuminate/Foundation/Http/Middleware/ValidatePostSize.php(27): Illuminate\\Pipeline\\Pipeline->Illuminate\\Pipeline\\{closure}()
#29 /home/aung/Project/Practice/laravel-pusher-chat/vendor/laravel/framework/src/Illuminate/Pipeline/Pipeline.php(183): Illuminate\\Foundation\\Http\\Middleware\\ValidatePostSize->handle()
#30 /home/aung/Project/Practice/laravel-pusher-chat/vendor/laravel/framework/src/Illuminate/Foundation/Http/Middleware/PreventRequestsDuringMaintenance.php(99): Illuminate\\Pipeline\\Pipeline->Illuminate\\Pipeline\\{closure}()
#31 /home/aung/Project/Practice/laravel-pusher-chat/vendor/laravel/framework/src/Illuminate/Pipeline/Pipeline.php(183): Illuminate\\Foundation\\Http\\Middleware\\PreventRequestsDuringMaintenance->handle()
#32 /home/aung/Project/Practice/laravel-pusher-chat/vendor/laravel/framework/src/Illuminate/Http/Middleware/HandleCors.php(62): Illuminate\\Pipeline\\Pipeline->Illuminate\\Pipeline\\{closure}()
#33 /home/aung/Project/Practice/laravel-pusher-chat/vendor/laravel/framework/src/Illuminate/Pipeline/Pipeline.php(183): Illuminate\\Http\\Middleware\\HandleCors->handle()
#34 /home/aung/Project/Practice/laravel-pusher-chat/vendor/laravel/framework/src/Illuminate/Http/Middleware/TrustProxies.php(39): Illuminate\\Pipeline\\Pipeline->Illuminate\\Pipeline\\{closure}()
#35 /home/aung/Project/Practice/laravel-pusher-chat/vendor/laravel/framework/src/Illuminate/Pipeline/Pipeline.php(183): Illuminate\\Http\\Middleware\\TrustProxies->handle()
#36 /home/aung/Project/Practice/laravel-pusher-chat/vendor/laravel/framework/src/Illuminate/Pipeline/Pipeline.php(119): Illuminate\\Pipeline\\Pipeline->Illuminate\\Pipeline\\{closure}()
#37 /home/aung/Project/Practice/laravel-pusher-chat/vendor/laravel/framework/src/Illuminate/Foundation/Http/Kernel.php(175): Illuminate\\Pipeline\\Pipeline->then()
#38 /home/aung/Project/Practice/laravel-pusher-chat/vendor/laravel/framework/src/Illuminate/Foundation/Http/Kernel.php(144): Illuminate\\Foundation\\Http\\Kernel->sendRequestThroughRouter()
#39 /home/aung/Project/Practice/laravel-pusher-chat/public/index.php(51): Illuminate\\Foundation\\Http\\Kernel->handle()
#40 /home/aung/Project/Practice/laravel-pusher-chat/vendor/laravel/framework/src/Illuminate/Foundation/resources/server.php(16): require_once('...')
#41 {main}
"} 
[2024-03-07 01:01:28] local.ERROR: Method App\Http\Controllers\AuthController::success does not exist. {"exception":"[object] (BadMethodCallException(code: 0): Method App\\Http\\Controllers\\AuthController::success does not exist. at /home/aung/Project/Practice/laravel-pusher-chat/vendor/laravel/framework/src/Illuminate/Routing/Controller.php:68)
[stacktrace]
#0 /home/aung/Project/Practice/laravel-pusher-chat/app/Http/Controllers/AuthController.php(22): Illuminate\\Routing\\Controller->__call()
#1 /home/aung/Project/Practice/laravel-pusher-chat/vendor/laravel/framework/src/Illuminate/Routing/Controller.php(54): App\\Http\\Controllers\\AuthController->register()
#2 /home/aung/Project/Practice/laravel-pusher-chat/vendor/laravel/framework/src/Illuminate/Routing/ControllerDispatcher.php(43): Illuminate\\Routing\\Controller->callAction()
#3 /home/aung/Project/Practice/laravel-pusher-chat/vendor/laravel/framework/src/Illuminate/Routing/Route.php(259): Illuminate\\Routing\\ControllerDispatcher->dispatch()
#4 /home/aung/Project/Practice/laravel-pusher-chat/vendor/laravel/framework/src/Illuminate/Routing/Route.php(205): Illuminate\\Routing\\Route->runController()
#5 /home/aung/Project/Practice/laravel-pusher-chat/vendor/laravel/framework/src/Illuminate/Routing/Router.php(806): Illuminate\\Routing\\Route->run()
#6 /home/aung/Project/Practice/laravel-pusher-chat/vendor/laravel/framework/src/Illuminate/Pipeline/Pipeline.php(144): Illuminate\\Routing\\Router->Illuminate\\Routing\\{closure}()
#7 /home/aung/Project/Practice/laravel-pusher-chat/vendor/laravel/framework/src/Illuminate/Routing/Middleware/SubstituteBindings.php(50): Illuminate\\Pipeline\\Pipeline->Illuminate\\Pipeline\\{closure}()
#8 /home/aung/Project/Practice/laravel-pusher-chat/vendor/laravel/framework/src/Illuminate/Pipeline/Pipeline.php(183): Illuminate\\Routing\\Middleware\\SubstituteBindings->handle()
#9 /home/aung/Project/Practice/laravel-pusher-chat/vendor/laravel/framework/src/Illuminate/Routing/Middleware/ThrottleRequests.php(159): Illuminate\\Pipeline\\Pipeline->Illuminate\\Pipeline\\{closure}()
#10 /home/aung/Project/Practice/laravel-pusher-chat/vendor/laravel/framework/src/Illuminate/Routing/Middleware/ThrottleRequests.php(125): Illuminate\\Routing\\Middleware\\ThrottleRequests->handleRequest()
#11 /home/aung/Project/Practice/laravel-pusher-chat/vendor/laravel/framework/src/Illuminate/Routing/Middleware/ThrottleRequests.php(87): Illuminate\\Routing\\Middleware\\ThrottleRequests->handleRequestUsingNamedLimiter()
#12 /home/aung/Project/Practice/laravel-pusher-chat/vendor/laravel/framework/src/Illuminate/Pipeline/Pipeline.php(183): Illuminate\\Routing\\Middleware\\ThrottleRequests->handle()
#13 /home/aung/Project/Practice/laravel-pusher-chat/vendor/laravel/framework/src/Illuminate/Pipeline/Pipeline.php(119): Illuminate\\Pipeline\\Pipeline->Illuminate\\Pipeline\\{closure}()
#14 /home/aung/Project/Practice/laravel-pusher-chat/vendor/laravel/framework/src/Illuminate/Routing/Router.php(805): Illuminate\\Pipeline\\Pipeline->then()
#15 /home/aung/Project/Practice/laravel-pusher-chat/vendor/laravel/framework/src/Illuminate/Routing/Router.php(784): Illuminate\\Routing\\Router->runRouteWithinStack()
#16 /home/aung/Project/Practice/laravel-pusher-chat/vendor/laravel/framework/src/Illuminate/Routing/Router.php(748): Illuminate\\Routing\\Router->runRoute()
#17 /home/aung/Project/Practice/laravel-pusher-chat/vendor/laravel/framework/src/Illuminate/Routing/Router.php(737): Illuminate\\Routing\\Router->dispatchToRoute()
#18 /home/aung/Project/Practice/laravel-pusher-chat/vendor/laravel/framework/src/Illuminate/Foundation/Http/Kernel.php(200): Illuminate\\Routing\\Router->dispatch()
#19 /home/aung/Project/Practice/laravel-pusher-chat/vendor/laravel/framework/src/Illuminate/Pipeline/Pipeline.php(144): Illuminate\\Foundation\\Http\\Kernel->Illuminate\\Foundation\\Http\\{closure}()
#20 /home/aung/Project/Practice/laravel-pusher-chat/vendor/laravel/framework/src/Illuminate/Foundation/Http/Middleware/TransformsRequest.php(21): Illuminate\\Pipeline\\Pipeline->Illuminate\\Pipeline\\{closure}()
#21 /home/aung/Project/Practice/laravel-pusher-chat/vendor/laravel/framework/src/Illuminate/Foundation/Http/Middleware/ConvertEmptyStringsToNull.php(31): Illuminate\\Foundation\\Http\\Middleware\\TransformsRequest->handle()
#22 /home/aung/Project/Practice/laravel-pusher-chat/vendor/laravel/framework/src/Illuminate/Pipeline/Pipeline.php(183): Illuminate\\Foundation\\Http\\Middleware\\ConvertEmptyStringsToNull->handle()
#23 /home/aung/Project/Practice/laravel-pusher-chat/vendor/laravel/framework/src/Illuminate/Foundation/Http/Middleware/TransformsRequest.php(21): Illuminate\\Pipeline\\Pipeline->Illuminate\\Pipeline\\{closure}()
#24 /home/aung/Project/Practice/laravel-pusher-chat/vendor/laravel/framework/src/Illuminate/Foundation/Http/Middleware/TrimStrings.php(40): Illuminate\\Foundation\\Http\\Middleware\\TransformsRequest->handle()
#25 /home/aung/Project/Practice/laravel-pusher-chat/vendor/laravel/framework/src/Illuminate/Pipeline/Pipeline.php(183): Illuminate\\Foundation\\Http\\Middleware\\TrimStrings->handle()
#26 /home/aung/Project/Practice/laravel-pusher-chat/vendor/laravel/framework/src/Illuminate/Foundation/Http/Middleware/ValidatePostSize.php(27): Illuminate\\Pipeline\\Pipeline->Illuminate\\Pipeline\\{closure}()
#27 /home/aung/Project/Practice/laravel-pusher-chat/vendor/laravel/framework/src/Illuminate/Pipeline/Pipeline.php(183): Illuminate\\Foundation\\Http\\Middleware\\ValidatePostSize->handle()
#28 /home/aung/Project/Practice/laravel-pusher-chat/vendor/laravel/framework/src/Illuminate/Foundation/Http/Middleware/PreventRequestsDuringMaintenance.php(99): Illuminate\\Pipeline\\Pipeline->Illuminate\\Pipeline\\{closure}()
#29 /home/aung/Project/Practice/laravel-pusher-chat/vendor/laravel/framework/src/Illuminate/Pipeline/Pipeline.php(183): Illuminate\\Foundation\\Http\\Middleware\\PreventRequestsDuringMaintenance->handle()
#30 /home/aung/Project/Practice/laravel-pusher-chat/vendor/laravel/framework/src/Illuminate/Http/Middleware/HandleCors.php(62): Illuminate\\Pipeline\\Pipeline->Illuminate\\Pipeline\\{closure}()
#31 /home/aung/Project/Practice/laravel-pusher-chat/vendor/laravel/framework/src/Illuminate/Pipeline/Pipeline.php(183): Illuminate\\Http\\Middleware\\HandleCors->handle()
#32 /home/aung/Project/Practice/laravel-pusher-chat/vendor/laravel/framework/src/Illuminate/Http/Middleware/TrustProxies.php(39): Illuminate\\Pipeline\\Pipeline->Illuminate\\Pipeline\\{closure}()
#33 /home/aung/Project/Practice/laravel-pusher-chat/vendor/laravel/framework/src/Illuminate/Pipeline/Pipeline.php(183): Illuminate\\Http\\Middleware\\TrustProxies->handle()
#34 /home/aung/Project/Practice/laravel-pusher-chat/vendor/laravel/framework/src/Illuminate/Pipeline/Pipeline.php(119): Illuminate\\Pipeline\\Pipeline->Illuminate\\Pipeline\\{closure}()
#35 /home/aung/Project/Practice/laravel-pusher-chat/vendor/laravel/framework/src/Illuminate/Foundation/Http/Kernel.php(175): Illuminate\\Pipeline\\Pipeline->then()
#36 /home/aung/Project/Practice/laravel-pusher-chat/vendor/laravel/framework/src/Illuminate/Foundation/Http/Kernel.php(144): Illuminate\\Foundation\\Http\\Kernel->sendRequestThroughRouter()
#37 /home/aung/Project/Practice/laravel-pusher-chat/public/index.php(51): Illuminate\\Foundation\\Http\\Kernel->handle()
#38 /home/aung/Project/Practice/laravel-pusher-chat/vendor/laravel/framework/src/Illuminate/Foundation/resources/server.php(16): require_once('...')
#39 {main}
"} 
[2024-03-07 01:03:52] local.ERROR: Method App\Http\Controllers\AuthController::success does not exist. {"exception":"[object] (BadMethodCallException(code: 0): Method App\\Http\\Controllers\\AuthController::success does not exist. at /home/aung/Project/Practice/laravel-pusher-chat/vendor/laravel/framework/src/Illuminate/Routing/Controller.php:68)
[stacktrace]
#0 /home/aung/Project/Practice/laravel-pusher-chat/app/Http/Controllers/AuthController.php(22): Illuminate\\Routing\\Controller->__call()
#1 /home/aung/Project/Practice/laravel-pusher-chat/vendor/laravel/framework/src/Illuminate/Routing/Controller.php(54): App\\Http\\Controllers\\AuthController->register()
#2 /home/aung/Project/Practice/laravel-pusher-chat/vendor/laravel/framework/src/Illuminate/Routing/ControllerDispatcher.php(43): Illuminate\\Routing\\Controller->callAction()
#3 /home/aung/Project/Practice/laravel-pusher-chat/vendor/laravel/framework/src/Illuminate/Routing/Route.php(259): Illuminate\\Routing\\ControllerDispatcher->dispatch()
#4 /home/aung/Project/Practice/laravel-pusher-chat/vendor/laravel/framework/src/Illuminate/Routing/Route.php(205): Illuminate\\Routing\\Route->runController()
#5 /home/aung/Project/Practice/laravel-pusher-chat/vendor/laravel/framework/src/Illuminate/Routing/Router.php(806): Illuminate\\Routing\\Route->run()
#6 /home/aung/Project/Practice/laravel-pusher-chat/vendor/laravel/framework/src/Illuminate/Pipeline/Pipeline.php(144): Illuminate\\Routing\\Router->Illuminate\\Routing\\{closure}()
#7 /home/aung/Project/Practice/laravel-pusher-chat/vendor/laravel/framework/src/Illuminate/Routing/Middleware/SubstituteBindings.php(50): Illuminate\\Pipeline\\Pipeline->Illuminate\\Pipeline\\{closure}()
#8 /home/aung/Project/Practice/laravel-pusher-chat/vendor/laravel/framework/src/Illuminate/Pipeline/Pipeline.php(183): Illuminate\\Routing\\Middleware\\SubstituteBindings->handle()
#9 /home/aung/Project/Practice/laravel-pusher-chat/vendor/laravel/framework/src/Illuminate/Routing/Middleware/ThrottleRequests.php(159): Illuminate\\Pipeline\\Pipeline->Illuminate\\Pipeline\\{closure}()
#10 /home/aung/Project/Practice/laravel-pusher-chat/vendor/laravel/framework/src/Illuminate/Routing/Middleware/ThrottleRequests.php(125): Illuminate\\Routing\\Middleware\\ThrottleRequests->handleRequest()
#11 /home/aung/Project/Practice/laravel-pusher-chat/vendor/laravel/framework/src/Illuminate/Routing/Middleware/ThrottleRequests.php(87): Illuminate\\Routing\\Middleware\\ThrottleRequests->handleRequestUsingNamedLimiter()
#12 /home/aung/Project/Practice/laravel-pusher-chat/vendor/laravel/framework/src/Illuminate/Pipeline/Pipeline.php(183): Illuminate\\Routing\\Middleware\\ThrottleRequests->handle()
#13 /home/aung/Project/Practice/laravel-pusher-chat/vendor/laravel/framework/src/Illuminate/Pipeline/Pipeline.php(119): Illuminate\\Pipeline\\Pipeline->Illuminate\\Pipeline\\{closure}()
#14 /home/aung/Project/Practice/laravel-pusher-chat/vendor/laravel/framework/src/Illuminate/Routing/Router.php(805): Illuminate\\Pipeline\\Pipeline->then()
#15 /home/aung/Project/Practice/laravel-pusher-chat/vendor/laravel/framework/src/Illuminate/Routing/Router.php(784): Illuminate\\Routing\\Router->runRouteWithinStack()
#16 /home/aung/Project/Practice/laravel-pusher-chat/vendor/laravel/framework/src/Illuminate/Routing/Router.php(748): Illuminate\\Routing\\Router->runRoute()
#17 /home/aung/Project/Practice/laravel-pusher-chat/vendor/laravel/framework/src/Illuminate/Routing/Router.php(737): Illuminate\\Routing\\Router->dispatchToRoute()
#18 /home/aung/Project/Practice/laravel-pusher-chat/vendor/laravel/framework/src/Illuminate/Foundation/Http/Kernel.php(200): Illuminate\\Routing\\Router->dispatch()
#19 /home/aung/Project/Practice/laravel-pusher-chat/vendor/laravel/framework/src/Illuminate/Pipeline/Pipeline.php(144): Illuminate\\Foundation\\Http\\Kernel->Illuminate\\Foundation\\Http\\{closure}()
#20 /home/aung/Project/Practice/laravel-pusher-chat/vendor/laravel/framework/src/Illuminate/Foundation/Http/Middleware/TransformsRequest.php(21): Illuminate\\Pipeline\\Pipeline->Illuminate\\Pipeline\\{closure}()
#21 /home/aung/Project/Practice/laravel-pusher-chat/vendor/laravel/framework/src/Illuminate/Foundation/Http/Middleware/ConvertEmptyStringsToNull.php(31): Illuminate\\Foundation\\Http\\Middleware\\TransformsRequest->handle()
#22 /home/aung/Project/Practice/laravel-pusher-chat/vendor/laravel/framework/src/Illuminate/Pipeline/Pipeline.php(183): Illuminate\\Foundation\\Http\\Middleware\\ConvertEmptyStringsToNull->handle()
#23 /home/aung/Project/Practice/laravel-pusher-chat/vendor/laravel/framework/src/Illuminate/Foundation/Http/Middleware/TransformsRequest.php(21): Illuminate\\Pipeline\\Pipeline->Illuminate\\Pipeline\\{closure}()
#24 /home/aung/Project/Practice/laravel-pusher-chat/vendor/laravel/framework/src/Illuminate/Foundation/Http/Middleware/TrimStrings.php(40): Illuminate\\Foundation\\Http\\Middleware\\TransformsRequest->handle()
#25 /home/aung/Project/Practice/laravel-pusher-chat/vendor/laravel/framework/src/Illuminate/Pipeline/Pipeline.php(183): Illuminate\\Foundation\\Http\\Middleware\\TrimStrings->handle()
#26 /home/aung/Project/Practice/laravel-pusher-chat/vendor/laravel/framework/src/Illuminate/Foundation/Http/Middleware/ValidatePostSize.php(27): Illuminate\\Pipeline\\Pipeline->Illuminate\\Pipeline\\{closure}()
#27 /home/aung/Project/Practice/laravel-pusher-chat/vendor/laravel/framework/src/Illuminate/Pipeline/Pipeline.php(183): Illuminate\\Foundation\\Http\\Middleware\\ValidatePostSize->handle()
#28 /home/aung/Project/Practice/laravel-pusher-chat/vendor/laravel/framework/src/Illuminate/Foundation/Http/Middleware/PreventRequestsDuringMaintenance.php(99): Illuminate\\Pipeline\\Pipeline->Illuminate\\Pipeline\\{closure}()
#29 /home/aung/Project/Practice/laravel-pusher-chat/vendor/laravel/framework/src/Illuminate/Pipeline/Pipeline.php(183): Illuminate\\Foundation\\Http\\Middleware\\PreventRequestsDuringMaintenance->handle()
#30 /home/aung/Project/Practice/laravel-pusher-chat/vendor/laravel/framework/src/Illuminate/Http/Middleware/HandleCors.php(62): Illuminate\\Pipeline\\Pipeline->Illuminate\\Pipeline\\{closure}()
#31 /home/aung/Project/Practice/laravel-pusher-chat/vendor/laravel/framework/src/Illuminate/Pipeline/Pipeline.php(183): Illuminate\\Http\\Middleware\\HandleCors->handle()
#32 /home/aung/Project/Practice/laravel-pusher-chat/vendor/laravel/framework/src/Illuminate/Http/Middleware/TrustProxies.php(39): Illuminate\\Pipeline\\Pipeline->Illuminate\\Pipeline\\{closure}()
#33 /home/aung/Project/Practice/laravel-pusher-chat/vendor/laravel/framework/src/Illuminate/Pipeline/Pipeline.php(183): Illuminate\\Http\\Middleware\\TrustProxies->handle()
#34 /home/aung/Project/Practice/laravel-pusher-chat/vendor/laravel/framework/src/Illuminate/Pipeline/Pipeline.php(119): Illuminate\\Pipeline\\Pipeline->Illuminate\\Pipeline\\{closure}()
#35 /home/aung/Project/Practice/laravel-pusher-chat/vendor/laravel/framework/src/Illuminate/Foundation/Http/Kernel.php(175): Illuminate\\Pipeline\\Pipeline->then()
#36 /home/aung/Project/Practice/laravel-pusher-chat/vendor/laravel/framework/src/Illuminate/Foundation/Http/Kernel.php(144): Illuminate\\Foundation\\Http\\Kernel->sendRequestThroughRouter()
#37 /home/aung/Project/Practice/laravel-pusher-chat/public/index.php(51): Illuminate\\Foundation\\Http\\Kernel->handle()
#38 /home/aung/Project/Practice/laravel-pusher-chat/vendor/laravel/framework/src/Illuminate/Foundation/resources/server.php(16): require_once('...')
#39 {main}
"} 
[2024-03-07 01:04:19] local.ERROR: Method App\Http\Controllers\AuthController::success does not exist. {"exception":"[object] (BadMethodCallException(code: 0): Method App\\Http\\Controllers\\AuthController::success does not exist. at /home/aung/Project/Practice/laravel-pusher-chat/vendor/laravel/framework/src/Illuminate/Routing/Controller.php:68)
[stacktrace]
#0 /home/aung/Project/Practice/laravel-pusher-chat/app/Http/Controllers/AuthController.php(22): Illuminate\\Routing\\Controller->__call()
#1 /home/aung/Project/Practice/laravel-pusher-chat/vendor/laravel/framework/src/Illuminate/Routing/Controller.php(54): App\\Http\\Controllers\\AuthController->register()
#2 /home/aung/Project/Practice/laravel-pusher-chat/vendor/laravel/framework/src/Illuminate/Routing/ControllerDispatcher.php(43): Illuminate\\Routing\\Controller->callAction()
#3 /home/aung/Project/Practice/laravel-pusher-chat/vendor/laravel/framework/src/Illuminate/Routing/Route.php(259): Illuminate\\Routing\\ControllerDispatcher->dispatch()
#4 /home/aung/Project/Practice/laravel-pusher-chat/vendor/laravel/framework/src/Illuminate/Routing/Route.php(205): Illuminate\\Routing\\Route->runController()
#5 /home/aung/Project/Practice/laravel-pusher-chat/vendor/laravel/framework/src/Illuminate/Routing/Router.php(806): Illuminate\\Routing\\Route->run()
#6 /home/aung/Project/Practice/laravel-pusher-chat/vendor/laravel/framework/src/Illuminate/Pipeline/Pipeline.php(144): Illuminate\\Routing\\Router->Illuminate\\Routing\\{closure}()
#7 /home/aung/Project/Practice/laravel-pusher-chat/vendor/laravel/framework/src/Illuminate/Routing/Middleware/SubstituteBindings.php(50): Illuminate\\Pipeline\\Pipeline->Illuminate\\Pipeline\\{closure}()
#8 /home/aung/Project/Practice/laravel-pusher-chat/vendor/laravel/framework/src/Illuminate/Pipeline/Pipeline.php(183): Illuminate\\Routing\\Middleware\\SubstituteBindings->handle()
#9 /home/aung/Project/Practice/laravel-pusher-chat/vendor/laravel/framework/src/Illuminate/Routing/Middleware/ThrottleRequests.php(159): Illuminate\\Pipeline\\Pipeline->Illuminate\\Pipeline\\{closure}()
#10 /home/aung/Project/Practice/laravel-pusher-chat/vendor/laravel/framework/src/Illuminate/Routing/Middleware/ThrottleRequests.php(125): Illuminate\\Routing\\Middleware\\ThrottleRequests->handleRequest()
#11 /home/aung/Project/Practice/laravel-pusher-chat/vendor/laravel/framework/src/Illuminate/Routing/Middleware/ThrottleRequests.php(87): Illuminate\\Routing\\Middleware\\ThrottleRequests->handleRequestUsingNamedLimiter()
#12 /home/aung/Project/Practice/laravel-pusher-chat/vendor/laravel/framework/src/Illuminate/Pipeline/Pipeline.php(183): Illuminate\\Routing\\Middleware\\ThrottleRequests->handle()
#13 /home/aung/Project/Practice/laravel-pusher-chat/vendor/laravel/framework/src/Illuminate/Pipeline/Pipeline.php(119): Illuminate\\Pipeline\\Pipeline->Illuminate\\Pipeline\\{closure}()
#14 /home/aung/Project/Practice/laravel-pusher-chat/vendor/laravel/framework/src/Illuminate/Routing/Router.php(805): Illuminate\\Pipeline\\Pipeline->then()
#15 /home/aung/Project/Practice/laravel-pusher-chat/vendor/laravel/framework/src/Illuminate/Routing/Router.php(784): Illuminate\\Routing\\Router->runRouteWithinStack()
#16 /home/aung/Project/Practice/laravel-pusher-chat/vendor/laravel/framework/src/Illuminate/Routing/Router.php(748): Illuminate\\Routing\\Router->runRoute()
#17 /home/aung/Project/Practice/laravel-pusher-chat/vendor/laravel/framework/src/Illuminate/Routing/Router.php(737): Illuminate\\Routing\\Router->dispatchToRoute()
#18 /home/aung/Project/Practice/laravel-pusher-chat/vendor/laravel/framework/src/Illuminate/Foundation/Http/Kernel.php(200): Illuminate\\Routing\\Router->dispatch()
#19 /home/aung/Project/Practice/laravel-pusher-chat/vendor/laravel/framework/src/Illuminate/Pipeline/Pipeline.php(144): Illuminate\\Foundation\\Http\\Kernel->Illuminate\\Foundation\\Http\\{closure}()
#20 /home/aung/Project/Practice/laravel-pusher-chat/vendor/laravel/framework/src/Illuminate/Foundation/Http/Middleware/TransformsRequest.php(21): Illuminate\\Pipeline\\Pipeline->Illuminate\\Pipeline\\{closure}()
#21 /home/aung/Project/Practice/laravel-pusher-chat/vendor/laravel/framework/src/Illuminate/Foundation/Http/Middleware/ConvertEmptyStringsToNull.php(31): Illuminate\\Foundation\\Http\\Middleware\\TransformsRequest->handle()
#22 /home/aung/Project/Practice/laravel-pusher-chat/vendor/laravel/framework/src/Illuminate/Pipeline/Pipeline.php(183): Illuminate\\Foundation\\Http\\Middleware\\ConvertEmptyStringsToNull->handle()
#23 /home/aung/Project/Practice/laravel-pusher-chat/vendor/laravel/framework/src/Illuminate/Foundation/Http/Middleware/TransformsRequest.php(21): Illuminate\\Pipeline\\Pipeline->Illuminate\\Pipeline\\{closure}()
#24 /home/aung/Project/Practice/laravel-pusher-chat/vendor/laravel/framework/src/Illuminate/Foundation/Http/Middleware/TrimStrings.php(40): Illuminate\\Foundation\\Http\\Middleware\\TransformsRequest->handle()
#25 /home/aung/Project/Practice/laravel-pusher-chat/vendor/laravel/framework/src/Illuminate/Pipeline/Pipeline.php(183): Illuminate\\Foundation\\Http\\Middleware\\TrimStrings->handle()
#26 /home/aung/Project/Practice/laravel-pusher-chat/vendor/laravel/framework/src/Illuminate/Foundation/Http/Middleware/ValidatePostSize.php(27): Illuminate\\Pipeline\\Pipeline->Illuminate\\Pipeline\\{closure}()
#27 /home/aung/Project/Practice/laravel-pusher-chat/vendor/laravel/framework/src/Illuminate/Pipeline/Pipeline.php(183): Illuminate\\Foundation\\Http\\Middleware\\ValidatePostSize->handle()
#28 /home/aung/Project/Practice/laravel-pusher-chat/vendor/laravel/framework/src/Illuminate/Foundation/Http/Middleware/PreventRequestsDuringMaintenance.php(99): Illuminate\\Pipeline\\Pipeline->Illuminate\\Pipeline\\{closure}()
#29 /home/aung/Project/Practice/laravel-pusher-chat/vendor/laravel/framework/src/Illuminate/Pipeline/Pipeline.php(183): Illuminate\\Foundation\\Http\\Middleware\\PreventRequestsDuringMaintenance->handle()
#30 /home/aung/Project/Practice/laravel-pusher-chat/vendor/laravel/framework/src/Illuminate/Http/Middleware/HandleCors.php(62): Illuminate\\Pipeline\\Pipeline->Illuminate\\Pipeline\\{closure}()
#31 /home/aung/Project/Practice/laravel-pusher-chat/vendor/laravel/framework/src/Illuminate/Pipeline/Pipeline.php(183): Illuminate\\Http\\Middleware\\HandleCors->handle()
#32 /home/aung/Project/Practice/laravel-pusher-chat/vendor/laravel/framework/src/Illuminate/Http/Middleware/TrustProxies.php(39): Illuminate\\Pipeline\\Pipeline->Illuminate\\Pipeline\\{closure}()
#33 /home/aung/Project/Practice/laravel-pusher-chat/vendor/laravel/framework/src/Illuminate/Pipeline/Pipeline.php(183): Illuminate\\Http\\Middleware\\TrustProxies->handle()
#34 /home/aung/Project/Practice/laravel-pusher-chat/vendor/laravel/framework/src/Illuminate/Pipeline/Pipeline.php(119): Illuminate\\Pipeline\\Pipeline->Illuminate\\Pipeline\\{closure}()
#35 /home/aung/Project/Practice/laravel-pusher-chat/vendor/laravel/framework/src/Illuminate/Foundation/Http/Kernel.php(175): Illuminate\\Pipeline\\Pipeline->then()
#36 /home/aung/Project/Practice/laravel-pusher-chat/vendor/laravel/framework/src/Illuminate/Foundation/Http/Kernel.php(144): Illuminate\\Foundation\\Http\\Kernel->sendRequestThroughRouter()
#37 /home/aung/Project/Practice/laravel-pusher-chat/public/index.php(51): Illuminate\\Foundation\\Http\\Kernel->handle()
#38 /home/aung/Project/Practice/laravel-pusher-chat/vendor/laravel/framework/src/Illuminate/Foundation/resources/server.php(16): require_once('...')
#39 {main}
"} 
[2024-03-07 03:02:16] local.ERROR: Call to undefined relationship [last_message] on model [App\Models\Chat]. {"userId":1,"exception":"[object] (Illuminate\\Database\\Eloquent\\RelationNotFoundException(code: 0): Call to undefined relationship [last_message] on model [App\\Models\\Chat]. at /home/aung/Project/Practice/laravel-pusher-chat/vendor/laravel/framework/src/Illuminate/Database/Eloquent/RelationNotFoundException.php:35)
[stacktrace]
#0 /home/aung/Project/Practice/laravel-pusher-chat/vendor/laravel/framework/src/Illuminate/Database/Eloquent/Builder.php(805): Illuminate\\Database\\Eloquent\\RelationNotFoundException::make()
#1 /home/aung/Project/Practice/laravel-pusher-chat/vendor/laravel/framework/src/Illuminate/Database/Eloquent/Relations/Relation.php(110): Illuminate\\Database\\Eloquent\\Builder->Illuminate\\Database\\Eloquent\\{closure}()
#2 /home/aung/Project/Practice/laravel-pusher-chat/vendor/laravel/framework/src/Illuminate/Database/Eloquent/Builder.php(801): Illuminate\\Database\\Eloquent\\Relations\\Relation::noConstraints()
#3 /home/aung/Project/Practice/laravel-pusher-chat/vendor/laravel/framework/src/Illuminate/Database/Eloquent/Builder.php(775): Illuminate\\Database\\Eloquent\\Builder->getRelation()
#4 /home/aung/Project/Practice/laravel-pusher-chat/vendor/laravel/framework/src/Illuminate/Database/Eloquent/Builder.php(755): Illuminate\\Database\\Eloquent\\Builder->eagerLoadRelation()
#5 /home/aung/Project/Practice/laravel-pusher-chat/vendor/laravel/framework/src/Illuminate/Database/Eloquent/Builder.php(723): Illuminate\\Database\\Eloquent\\Builder->eagerLoadRelations()
#6 /home/aung/Project/Practice/laravel-pusher-chat/vendor/laravel/framework/src/Illuminate/Database/Eloquent/Relations/Relation.php(203): Illuminate\\Database\\Eloquent\\Builder->get()
#7 /home/aung/Project/Practice/laravel-pusher-chat/vendor/laravel/framework/src/Illuminate/Database/Eloquent/Relations/Relation.php(166): Illuminate\\Database\\Eloquent\\Relations\\Relation->get()
#8 /home/aung/Project/Practice/laravel-pusher-chat/vendor/laravel/framework/src/Illuminate/Database/Eloquent/Builder.php(786): Illuminate\\Database\\Eloquent\\Relations\\Relation->getEager()
#9 /home/aung/Project/Practice/laravel-pusher-chat/vendor/laravel/framework/src/Illuminate/Database/Eloquent/Builder.php(755): Illuminate\\Database\\Eloquent\\Builder->eagerLoadRelation()
#10 /home/aung/Project/Practice/laravel-pusher-chat/vendor/laravel/framework/src/Illuminate/Database/Eloquent/Builder.php(723): Illuminate\\Database\\Eloquent\\Builder->eagerLoadRelations()
#11 /home/aung/Project/Practice/laravel-pusher-chat/app/Http/Controllers/ChatMessageController.php(46): Illuminate\\Database\\Eloquent\\Builder->get()
#12 /home/aung/Project/Practice/laravel-pusher-chat/vendor/laravel/framework/src/Illuminate/Routing/Controller.php(54): App\\Http\\Controllers\\ChatMessageController->index()
#13 /home/aung/Project/Practice/laravel-pusher-chat/vendor/laravel/framework/src/Illuminate/Routing/ControllerDispatcher.php(43): Illuminate\\Routing\\Controller->callAction()
#14 /home/aung/Project/Practice/laravel-pusher-chat/vendor/laravel/framework/src/Illuminate/Routing/Route.php(259): Illuminate\\Routing\\ControllerDispatcher->dispatch()
#15 /home/aung/Project/Practice/laravel-pusher-chat/vendor/laravel/framework/src/Illuminate/Routing/Route.php(205): Illuminate\\Routing\\Route->runController()
#16 /home/aung/Project/Practice/laravel-pusher-chat/vendor/laravel/framework/src/Illuminate/Routing/Router.php(806): Illuminate\\Routing\\Route->run()
#17 /home/aung/Project/Practice/laravel-pusher-chat/vendor/laravel/framework/src/Illuminate/Pipeline/Pipeline.php(144): Illuminate\\Routing\\Router->Illuminate\\Routing\\{closure}()
#18 /home/aung/Project/Practice/laravel-pusher-chat/vendor/laravel/framework/src/Illuminate/Routing/Middleware/SubstituteBindings.php(50): Illuminate\\Pipeline\\Pipeline->Illuminate\\Pipeline\\{closure}()
#19 /home/aung/Project/Practice/laravel-pusher-chat/vendor/laravel/framework/src/Illuminate/Pipeline/Pipeline.php(183): Illuminate\\Routing\\Middleware\\SubstituteBindings->handle()
#20 /home/aung/Project/Practice/laravel-pusher-chat/vendor/laravel/framework/src/Illuminate/Routing/Middleware/ThrottleRequests.php(159): Illuminate\\Pipeline\\Pipeline->Illuminate\\Pipeline\\{closure}()
#21 /home/aung/Project/Practice/laravel-pusher-chat/vendor/laravel/framework/src/Illuminate/Routing/Middleware/ThrottleRequests.php(125): Illuminate\\Routing\\Middleware\\ThrottleRequests->handleRequest()
#22 /home/aung/Project/Practice/laravel-pusher-chat/vendor/laravel/framework/src/Illuminate/Routing/Middleware/ThrottleRequests.php(87): Illuminate\\Routing\\Middleware\\ThrottleRequests->handleRequestUsingNamedLimiter()
#23 /home/aung/Project/Practice/laravel-pusher-chat/vendor/laravel/framework/src/Illuminate/Pipeline/Pipeline.php(183): Illuminate\\Routing\\Middleware\\ThrottleRequests->handle()
#24 /home/aung/Project/Practice/laravel-pusher-chat/vendor/laravel/framework/src/Illuminate/Auth/Middleware/Authenticate.php(57): Illuminate\\Pipeline\\Pipeline->Illuminate\\Pipeline\\{closure}()
#25 /home/aung/Project/Practice/laravel-pusher-chat/vendor/laravel/framework/src/Illuminate/Pipeline/Pipeline.php(183): Illuminate\\Auth\\Middleware\\Authenticate->handle()
#26 /home/aung/Project/Practice/laravel-pusher-chat/vendor/laravel/framework/src/Illuminate/Pipeline/Pipeline.php(119): Illuminate\\Pipeline\\Pipeline->Illuminate\\Pipeline\\{closure}()
#27 /home/aung/Project/Practice/laravel-pusher-chat/vendor/laravel/framework/src/Illuminate/Routing/Router.php(805): Illuminate\\Pipeline\\Pipeline->then()
#28 /home/aung/Project/Practice/laravel-pusher-chat/vendor/laravel/framework/src/Illuminate/Routing/Router.php(784): Illuminate\\Routing\\Router->runRouteWithinStack()
#29 /home/aung/Project/Practice/laravel-pusher-chat/vendor/laravel/framework/src/Illuminate/Routing/Router.php(748): Illuminate\\Routing\\Router->runRoute()
#30 /home/aung/Project/Practice/laravel-pusher-chat/vendor/laravel/framework/src/Illuminate/Routing/Router.php(737): Illuminate\\Routing\\Router->dispatchToRoute()
#31 /home/aung/Project/Practice/laravel-pusher-chat/vendor/laravel/framework/src/Illuminate/Foundation/Http/Kernel.php(200): Illuminate\\Routing\\Router->dispatch()
#32 /home/aung/Project/Practice/laravel-pusher-chat/vendor/laravel/framework/src/Illuminate/Pipeline/Pipeline.php(144): Illuminate\\Foundation\\Http\\Kernel->Illuminate\\Foundation\\Http\\{closure}()
#33 /home/aung/Project/Practice/laravel-pusher-chat/vendor/laravel/framework/src/Illuminate/Foundation/Http/Middleware/TransformsRequest.php(21): Illuminate\\Pipeline\\Pipeline->Illuminate\\Pipeline\\{closure}()
#34 /home/aung/Project/Practice/laravel-pusher-chat/vendor/laravel/framework/src/Illuminate/Foundation/Http/Middleware/ConvertEmptyStringsToNull.php(31): Illuminate\\Foundation\\Http\\Middleware\\TransformsRequest->handle()
#35 /home/aung/Project/Practice/laravel-pusher-chat/vendor/laravel/framework/src/Illuminate/Pipeline/Pipeline.php(183): Illuminate\\Foundation\\Http\\Middleware\\ConvertEmptyStringsToNull->handle()
#36 /home/aung/Project/Practice/laravel-pusher-chat/vendor/laravel/framework/src/Illuminate/Foundation/Http/Middleware/TransformsRequest.php(21): Illuminate\\Pipeline\\Pipeline->Illuminate\\Pipeline\\{closure}()
#37 /home/aung/Project/Practice/laravel-pusher-chat/vendor/laravel/framework/src/Illuminate/Foundation/Http/Middleware/TrimStrings.php(40): Illuminate\\Foundation\\Http\\Middleware\\TransformsRequest->handle()
#38 /home/aung/Project/Practice/laravel-pusher-chat/vendor/laravel/framework/src/Illuminate/Pipeline/Pipeline.php(183): Illuminate\\Foundation\\Http\\Middleware\\TrimStrings->handle()
#39 /home/aung/Project/Practice/laravel-pusher-chat/vendor/laravel/framework/src/Illuminate/Foundation/Http/Middleware/ValidatePostSize.php(27): Illuminate\\Pipeline\\Pipeline->Illuminate\\Pipeline\\{closure}()
#40 /home/aung/Project/Practice/laravel-pusher-chat/vendor/laravel/framework/src/Illuminate/Pipeline/Pipeline.php(183): Illuminate\\Foundation\\Http\\Middleware\\ValidatePostSize->handle()
#41 /home/aung/Project/Practice/laravel-pusher-chat/vendor/laravel/framework/src/Illuminate/Foundation/Http/Middleware/PreventRequestsDuringMaintenance.php(99): Illuminate\\Pipeline\\Pipeline->Illuminate\\Pipeline\\{closure}()
#42 /home/aung/Project/Practice/laravel-pusher-chat/vendor/laravel/framework/src/Illuminate/Pipeline/Pipeline.php(183): Illuminate\\Foundation\\Http\\Middleware\\PreventRequestsDuringMaintenance->handle()
#43 /home/aung/Project/Practice/laravel-pusher-chat/vendor/laravel/framework/src/Illuminate/Http/Middleware/HandleCors.php(62): Illuminate\\Pipeline\\Pipeline->Illuminate\\Pipeline\\{closure}()
#44 /home/aung/Project/Practice/laravel-pusher-chat/vendor/laravel/framework/src/Illuminate/Pipeline/Pipeline.php(183): Illuminate\\Http\\Middleware\\HandleCors->handle()
#45 /home/aung/Project/Practice/laravel-pusher-chat/vendor/laravel/framework/src/Illuminate/Http/Middleware/TrustProxies.php(39): Illuminate\\Pipeline\\Pipeline->Illuminate\\Pipeline\\{closure}()
#46 /home/aung/Project/Practice/laravel-pusher-chat/vendor/laravel/framework/src/Illuminate/Pipeline/Pipeline.php(183): Illuminate\\Http\\Middleware\\TrustProxies->handle()
#47 /home/aung/Project/Practice/laravel-pusher-chat/vendor/laravel/framework/src/Illuminate/Pipeline/Pipeline.php(119): Illuminate\\Pipeline\\Pipeline->Illuminate\\Pipeline\\{closure}()
#48 /home/aung/Project/Practice/laravel-pusher-chat/vendor/laravel/framework/src/Illuminate/Foundation/Http/Kernel.php(175): Illuminate\\Pipeline\\Pipeline->then()
#49 /home/aung/Project/Practice/laravel-pusher-chat/vendor/laravel/framework/src/Illuminate/Foundation/Http/Kernel.php(144): Illuminate\\Foundation\\Http\\Kernel->sendRequestThroughRouter()
#50 /home/aung/Project/Practice/laravel-pusher-chat/public/index.php(51): Illuminate\\Foundation\\Http\\Kernel->handle()
#51 /home/aung/Project/Practice/laravel-pusher-chat/vendor/laravel/framework/src/Illuminate/Foundation/resources/server.php(16): require_once('...')
#52 {main}
"} 
[2024-03-07 07:41:31] local.ERROR: Method App\Http\Controllers\ChatController::error does not exist. {"userId":2,"exception":"[object] (BadMethodCallException(code: 0): Method App\\Http\\Controllers\\ChatController::error does not exist. at /home/aung/Project/Practice/laravel-pusher-chat/vendor/laravel/framework/src/Illuminate/Routing/Controller.php:68)
[stacktrace]
#0 /home/aung/Project/Practice/laravel-pusher-chat/app/Http/Controllers/ChatController.php(44): Illuminate\\Routing\\Controller->__call()
#1 /home/aung/Project/Practice/laravel-pusher-chat/vendor/laravel/framework/src/Illuminate/Routing/Controller.php(54): App\\Http\\Controllers\\ChatController->store()
#2 /home/aung/Project/Practice/laravel-pusher-chat/vendor/laravel/framework/src/Illuminate/Routing/ControllerDispatcher.php(43): Illuminate\\Routing\\Controller->callAction()
#3 /home/aung/Project/Practice/laravel-pusher-chat/vendor/laravel/framework/src/Illuminate/Routing/Route.php(259): Illuminate\\Routing\\ControllerDispatcher->dispatch()
#4 /home/aung/Project/Practice/laravel-pusher-chat/vendor/laravel/framework/src/Illuminate/Routing/Route.php(205): Illuminate\\Routing\\Route->runController()
#5 /home/aung/Project/Practice/laravel-pusher-chat/vendor/laravel/framework/src/Illuminate/Routing/Router.php(806): Illuminate\\Routing\\Route->run()
#6 /home/aung/Project/Practice/laravel-pusher-chat/vendor/laravel/framework/src/Illuminate/Pipeline/Pipeline.php(144): Illuminate\\Routing\\Router->Illuminate\\Routing\\{closure}()
#7 /home/aung/Project/Practice/laravel-pusher-chat/vendor/laravel/framework/src/Illuminate/Routing/Middleware/SubstituteBindings.php(50): Illuminate\\Pipeline\\Pipeline->Illuminate\\Pipeline\\{closure}()
#8 /home/aung/Project/Practice/laravel-pusher-chat/vendor/laravel/framework/src/Illuminate/Pipeline/Pipeline.php(183): Illuminate\\Routing\\Middleware\\SubstituteBindings->handle()
#9 /home/aung/Project/Practice/laravel-pusher-chat/vendor/laravel/framework/src/Illuminate/Routing/Middleware/ThrottleRequests.php(159): Illuminate\\Pipeline\\Pipeline->Illuminate\\Pipeline\\{closure}()
#10 /home/aung/Project/Practice/laravel-pusher-chat/vendor/laravel/framework/src/Illuminate/Routing/Middleware/ThrottleRequests.php(125): Illuminate\\Routing\\Middleware\\ThrottleRequests->handleRequest()
#11 /home/aung/Project/Practice/laravel-pusher-chat/vendor/laravel/framework/src/Illuminate/Routing/Middleware/ThrottleRequests.php(87): Illuminate\\Routing\\Middleware\\ThrottleRequests->handleRequestUsingNamedLimiter()
#12 /home/aung/Project/Practice/laravel-pusher-chat/vendor/laravel/framework/src/Illuminate/Pipeline/Pipeline.php(183): Illuminate\\Routing\\Middleware\\ThrottleRequests->handle()
#13 /home/aung/Project/Practice/laravel-pusher-chat/vendor/laravel/framework/src/Illuminate/Auth/Middleware/Authenticate.php(57): Illuminate\\Pipeline\\Pipeline->Illuminate\\Pipeline\\{closure}()
#14 /home/aung/Project/Practice/laravel-pusher-chat/vendor/laravel/framework/src/Illuminate/Pipeline/Pipeline.php(183): Illuminate\\Auth\\Middleware\\Authenticate->handle()
#15 /home/aung/Project/Practice/laravel-pusher-chat/vendor/laravel/framework/src/Illuminate/Pipeline/Pipeline.php(119): Illuminate\\Pipeline\\Pipeline->Illuminate\\Pipeline\\{closure}()
#16 /home/aung/Project/Practice/laravel-pusher-chat/vendor/laravel/framework/src/Illuminate/Routing/Router.php(805): Illuminate\\Pipeline\\Pipeline->then()
#17 /home/aung/Project/Practice/laravel-pusher-chat/vendor/laravel/framework/src/Illuminate/Routing/Router.php(784): Illuminate\\Routing\\Router->runRouteWithinStack()
#18 /home/aung/Project/Practice/laravel-pusher-chat/vendor/laravel/framework/src/Illuminate/Routing/Router.php(748): Illuminate\\Routing\\Router->runRoute()
#19 /home/aung/Project/Practice/laravel-pusher-chat/vendor/laravel/framework/src/Illuminate/Routing/Router.php(737): Illuminate\\Routing\\Router->dispatchToRoute()
#20 /home/aung/Project/Practice/laravel-pusher-chat/vendor/laravel/framework/src/Illuminate/Foundation/Http/Kernel.php(200): Illuminate\\Routing\\Router->dispatch()
#21 /home/aung/Project/Practice/laravel-pusher-chat/vendor/laravel/framework/src/Illuminate/Pipeline/Pipeline.php(144): Illuminate\\Foundation\\Http\\Kernel->Illuminate\\Foundation\\Http\\{closure}()
#22 /home/aung/Project/Practice/laravel-pusher-chat/vendor/laravel/framework/src/Illuminate/Foundation/Http/Middleware/TransformsRequest.php(21): Illuminate\\Pipeline\\Pipeline->Illuminate\\Pipeline\\{closure}()
#23 /home/aung/Project/Practice/laravel-pusher-chat/vendor/laravel/framework/src/Illuminate/Foundation/Http/Middleware/ConvertEmptyStringsToNull.php(31): Illuminate\\Foundation\\Http\\Middleware\\TransformsRequest->handle()
#24 /home/aung/Project/Practice/laravel-pusher-chat/vendor/laravel/framework/src/Illuminate/Pipeline/Pipeline.php(183): Illuminate\\Foundation\\Http\\Middleware\\ConvertEmptyStringsToNull->handle()
#25 /home/aung/Project/Practice/laravel-pusher-chat/vendor/laravel/framework/src/Illuminate/Foundation/Http/Middleware/TransformsRequest.php(21): Illuminate\\Pipeline\\Pipeline->Illuminate\\Pipeline\\{closure}()
#26 /home/aung/Project/Practice/laravel-pusher-chat/vendor/laravel/framework/src/Illuminate/Foundation/Http/Middleware/TrimStrings.php(40): Illuminate\\Foundation\\Http\\Middleware\\TransformsRequest->handle()
#27 /home/aung/Project/Practice/laravel-pusher-chat/vendor/laravel/framework/src/Illuminate/Pipeline/Pipeline.php(183): Illuminate\\Foundation\\Http\\Middleware\\TrimStrings->handle()
#28 /home/aung/Project/Practice/laravel-pusher-chat/vendor/laravel/framework/src/Illuminate/Foundation/Http/Middleware/ValidatePostSize.php(27): Illuminate\\Pipeline\\Pipeline->Illuminate\\Pipeline\\{closure}()
#29 /home/aung/Project/Practice/laravel-pusher-chat/vendor/laravel/framework/src/Illuminate/Pipeline/Pipeline.php(183): Illuminate\\Foundation\\Http\\Middleware\\ValidatePostSize->handle()
#30 /home/aung/Project/Practice/laravel-pusher-chat/vendor/laravel/framework/src/Illuminate/Foundation/Http/Middleware/PreventRequestsDuringMaintenance.php(99): Illuminate\\Pipeline\\Pipeline->Illuminate\\Pipeline\\{closure}()
#31 /home/aung/Project/Practice/laravel-pusher-chat/vendor/laravel/framework/src/Illuminate/Pipeline/Pipeline.php(183): Illuminate\\Foundation\\Http\\Middleware\\PreventRequestsDuringMaintenance->handle()
#32 /home/aung/Project/Practice/laravel-pusher-chat/vendor/laravel/framework/src/Illuminate/Http/Middleware/HandleCors.php(62): Illuminate\\Pipeline\\Pipeline->Illuminate\\Pipeline\\{closure}()
#33 /home/aung/Project/Practice/laravel-pusher-chat/vendor/laravel/framework/src/Illuminate/Pipeline/Pipeline.php(183): Illuminate\\Http\\Middleware\\HandleCors->handle()
#34 /home/aung/Project/Practice/laravel-pusher-chat/vendor/laravel/framework/src/Illuminate/Http/Middleware/TrustProxies.php(39): Illuminate\\Pipeline\\Pipeline->Illuminate\\Pipeline\\{closure}()
#35 /home/aung/Project/Practice/laravel-pusher-chat/vendor/laravel/framework/src/Illuminate/Pipeline/Pipeline.php(183): Illuminate\\Http\\Middleware\\TrustProxies->handle()
#36 /home/aung/Project/Practice/laravel-pusher-chat/vendor/laravel/framework/src/Illuminate/Pipeline/Pipeline.php(119): Illuminate\\Pipeline\\Pipeline->Illuminate\\Pipeline\\{closure}()
#37 /home/aung/Project/Practice/laravel-pusher-chat/vendor/laravel/framework/src/Illuminate/Foundation/Http/Kernel.php(175): Illuminate\\Pipeline\\Pipeline->then()
#38 /home/aung/Project/Practice/laravel-pusher-chat/vendor/laravel/framework/src/Illuminate/Foundation/Http/Kernel.php(144): Illuminate\\Foundation\\Http\\Kernel->sendRequestThroughRouter()
#39 /home/aung/Project/Practice/laravel-pusher-chat/public/index.php(51): Illuminate\\Foundation\\Http\\Kernel->handle()
#40 /home/aung/Project/Practice/laravel-pusher-chat/vendor/laravel/framework/src/Illuminate/Foundation/resources/server.php(16): require_once('...')
#41 {main}
"} 
[2024-03-07 07:43:21] local.ERROR: Method App\Http\Controllers\ChatController::error does not exist. {"userId":2,"exception":"[object] (BadMethodCallException(code: 0): Method App\\Http\\Controllers\\ChatController::error does not exist. at /home/aung/Project/Practice/laravel-pusher-chat/vendor/laravel/framework/src/Illuminate/Routing/Controller.php:68)
[stacktrace]
#0 /home/aung/Project/Practice/laravel-pusher-chat/app/Http/Controllers/ChatController.php(44): Illuminate\\Routing\\Controller->__call()
#1 /home/aung/Project/Practice/laravel-pusher-chat/vendor/laravel/framework/src/Illuminate/Routing/Controller.php(54): App\\Http\\Controllers\\ChatController->store()
#2 /home/aung/Project/Practice/laravel-pusher-chat/vendor/laravel/framework/src/Illuminate/Routing/ControllerDispatcher.php(43): Illuminate\\Routing\\Controller->callAction()
#3 /home/aung/Project/Practice/laravel-pusher-chat/vendor/laravel/framework/src/Illuminate/Routing/Route.php(259): Illuminate\\Routing\\ControllerDispatcher->dispatch()
#4 /home/aung/Project/Practice/laravel-pusher-chat/vendor/laravel/framework/src/Illuminate/Routing/Route.php(205): Illuminate\\Routing\\Route->runController()
#5 /home/aung/Project/Practice/laravel-pusher-chat/vendor/laravel/framework/src/Illuminate/Routing/Router.php(806): Illuminate\\Routing\\Route->run()
#6 /home/aung/Project/Practice/laravel-pusher-chat/vendor/laravel/framework/src/Illuminate/Pipeline/Pipeline.php(144): Illuminate\\Routing\\Router->Illuminate\\Routing\\{closure}()
#7 /home/aung/Project/Practice/laravel-pusher-chat/vendor/laravel/framework/src/Illuminate/Routing/Middleware/SubstituteBindings.php(50): Illuminate\\Pipeline\\Pipeline->Illuminate\\Pipeline\\{closure}()
#8 /home/aung/Project/Practice/laravel-pusher-chat/vendor/laravel/framework/src/Illuminate/Pipeline/Pipeline.php(183): Illuminate\\Routing\\Middleware\\SubstituteBindings->handle()
#9 /home/aung/Project/Practice/laravel-pusher-chat/vendor/laravel/framework/src/Illuminate/Routing/Middleware/ThrottleRequests.php(159): Illuminate\\Pipeline\\Pipeline->Illuminate\\Pipeline\\{closure}()
#10 /home/aung/Project/Practice/laravel-pusher-chat/vendor/laravel/framework/src/Illuminate/Routing/Middleware/ThrottleRequests.php(125): Illuminate\\Routing\\Middleware\\ThrottleRequests->handleRequest()
#11 /home/aung/Project/Practice/laravel-pusher-chat/vendor/laravel/framework/src/Illuminate/Routing/Middleware/ThrottleRequests.php(87): Illuminate\\Routing\\Middleware\\ThrottleRequests->handleRequestUsingNamedLimiter()
#12 /home/aung/Project/Practice/laravel-pusher-chat/vendor/laravel/framework/src/Illuminate/Pipeline/Pipeline.php(183): Illuminate\\Routing\\Middleware\\ThrottleRequests->handle()
#13 /home/aung/Project/Practice/laravel-pusher-chat/vendor/laravel/framework/src/Illuminate/Auth/Middleware/Authenticate.php(57): Illuminate\\Pipeline\\Pipeline->Illuminate\\Pipeline\\{closure}()
#14 /home/aung/Project/Practice/laravel-pusher-chat/vendor/laravel/framework/src/Illuminate/Pipeline/Pipeline.php(183): Illuminate\\Auth\\Middleware\\Authenticate->handle()
#15 /home/aung/Project/Practice/laravel-pusher-chat/vendor/laravel/framework/src/Illuminate/Pipeline/Pipeline.php(119): Illuminate\\Pipeline\\Pipeline->Illuminate\\Pipeline\\{closure}()
#16 /home/aung/Project/Practice/laravel-pusher-chat/vendor/laravel/framework/src/Illuminate/Routing/Router.php(805): Illuminate\\Pipeline\\Pipeline->then()
#17 /home/aung/Project/Practice/laravel-pusher-chat/vendor/laravel/framework/src/Illuminate/Routing/Router.php(784): Illuminate\\Routing\\Router->runRouteWithinStack()
#18 /home/aung/Project/Practice/laravel-pusher-chat/vendor/laravel/framework/src/Illuminate/Routing/Router.php(748): Illuminate\\Routing\\Router->runRoute()
#19 /home/aung/Project/Practice/laravel-pusher-chat/vendor/laravel/framework/src/Illuminate/Routing/Router.php(737): Illuminate\\Routing\\Router->dispatchToRoute()
#20 /home/aung/Project/Practice/laravel-pusher-chat/vendor/laravel/framework/src/Illuminate/Foundation/Http/Kernel.php(200): Illuminate\\Routing\\Router->dispatch()
#21 /home/aung/Project/Practice/laravel-pusher-chat/vendor/laravel/framework/src/Illuminate/Pipeline/Pipeline.php(144): Illuminate\\Foundation\\Http\\Kernel->Illuminate\\Foundation\\Http\\{closure}()
#22 /home/aung/Project/Practice/laravel-pusher-chat/vendor/laravel/framework/src/Illuminate/Foundation/Http/Middleware/TransformsRequest.php(21): Illuminate\\Pipeline\\Pipeline->Illuminate\\Pipeline\\{closure}()
#23 /home/aung/Project/Practice/laravel-pusher-chat/vendor/laravel/framework/src/Illuminate/Foundation/Http/Middleware/ConvertEmptyStringsToNull.php(31): Illuminate\\Foundation\\Http\\Middleware\\TransformsRequest->handle()
#24 /home/aung/Project/Practice/laravel-pusher-chat/vendor/laravel/framework/src/Illuminate/Pipeline/Pipeline.php(183): Illuminate\\Foundation\\Http\\Middleware\\ConvertEmptyStringsToNull->handle()
#25 /home/aung/Project/Practice/laravel-pusher-chat/vendor/laravel/framework/src/Illuminate/Foundation/Http/Middleware/TransformsRequest.php(21): Illuminate\\Pipeline\\Pipeline->Illuminate\\Pipeline\\{closure}()
#26 /home/aung/Project/Practice/laravel-pusher-chat/vendor/laravel/framework/src/Illuminate/Foundation/Http/Middleware/TrimStrings.php(40): Illuminate\\Foundation\\Http\\Middleware\\TransformsRequest->handle()
#27 /home/aung/Project/Practice/laravel-pusher-chat/vendor/laravel/framework/src/Illuminate/Pipeline/Pipeline.php(183): Illuminate\\Foundation\\Http\\Middleware\\TrimStrings->handle()
#28 /home/aung/Project/Practice/laravel-pusher-chat/vendor/laravel/framework/src/Illuminate/Foundation/Http/Middleware/ValidatePostSize.php(27): Illuminate\\Pipeline\\Pipeline->Illuminate\\Pipeline\\{closure}()
#29 /home/aung/Project/Practice/laravel-pusher-chat/vendor/laravel/framework/src/Illuminate/Pipeline/Pipeline.php(183): Illuminate\\Foundation\\Http\\Middleware\\ValidatePostSize->handle()
#30 /home/aung/Project/Practice/laravel-pusher-chat/vendor/laravel/framework/src/Illuminate/Foundation/Http/Middleware/PreventRequestsDuringMaintenance.php(99): Illuminate\\Pipeline\\Pipeline->Illuminate\\Pipeline\\{closure}()
#31 /home/aung/Project/Practice/laravel-pusher-chat/vendor/laravel/framework/src/Illuminate/Pipeline/Pipeline.php(183): Illuminate\\Foundation\\Http\\Middleware\\PreventRequestsDuringMaintenance->handle()
#32 /home/aung/Project/Practice/laravel-pusher-chat/vendor/laravel/framework/src/Illuminate/Http/Middleware/HandleCors.php(62): Illuminate\\Pipeline\\Pipeline->Illuminate\\Pipeline\\{closure}()
#33 /home/aung/Project/Practice/laravel-pusher-chat/vendor/laravel/framework/src/Illuminate/Pipeline/Pipeline.php(183): Illuminate\\Http\\Middleware\\HandleCors->handle()
#34 /home/aung/Project/Practice/laravel-pusher-chat/vendor/laravel/framework/src/Illuminate/Http/Middleware/TrustProxies.php(39): Illuminate\\Pipeline\\Pipeline->Illuminate\\Pipeline\\{closure}()
#35 /home/aung/Project/Practice/laravel-pusher-chat/vendor/laravel/framework/src/Illuminate/Pipeline/Pipeline.php(183): Illuminate\\Http\\Middleware\\TrustProxies->handle()
#36 /home/aung/Project/Practice/laravel-pusher-chat/vendor/laravel/framework/src/Illuminate/Pipeline/Pipeline.php(119): Illuminate\\Pipeline\\Pipeline->Illuminate\\Pipeline\\{closure}()
#37 /home/aung/Project/Practice/laravel-pusher-chat/vendor/laravel/framework/src/Illuminate/Foundation/Http/Kernel.php(175): Illuminate\\Pipeline\\Pipeline->then()
#38 /home/aung/Project/Practice/laravel-pusher-chat/vendor/laravel/framework/src/Illuminate/Foundation/Http/Kernel.php(144): Illuminate\\Foundation\\Http\\Kernel->sendRequestThroughRouter()
#39 /home/aung/Project/Practice/laravel-pusher-chat/public/index.php(51): Illuminate\\Foundation\\Http\\Kernel->handle()
#40 /home/aung/Project/Practice/laravel-pusher-chat/vendor/laravel/framework/src/Illuminate/Foundation/resources/server.php(16): require_once('...')
#41 {main}
"} 
[2024-03-09 03:00:33] local.ERROR: Pusher error: cURL error 28: Failed to connect to api-us3.pusher.com port 443 after 26753 ms: Connection timed out (see https://curl.haxx.se/libcurl/c/libcurl-errors.html) for https://api-us3.pusher.com/apps/1756763/events?auth_key=dae6ba77b2d27b319f49&auth_timestamp=1709953206&auth_version=1.0&body_md5=3bdb18901d805bc78bd3b4dbbadbcfc3&auth_signature=618248cf8ffe0aa828e6d7d4e36073fef36b81575a1efc66c363fdd0db61fb11. {"userId":19,"exception":"[object] (Illuminate\\Broadcasting\\BroadcastException(code: 0): Pusher error: cURL error 28: Failed to connect to api-us3.pusher.com port 443 after 26753 ms: Connection timed out (see https://curl.haxx.se/libcurl/c/libcurl-errors.html) for https://api-us3.pusher.com/apps/1756763/events?auth_key=dae6ba77b2d27b319f49&auth_timestamp=1709953206&auth_version=1.0&body_md5=3bdb18901d805bc78bd3b4dbbadbcfc3&auth_signature=618248cf8ffe0aa828e6d7d4e36073fef36b81575a1efc66c363fdd0db61fb11. at /home/aung/Project/Practice/laravel-pusher-chat/vendor/laravel/framework/src/Illuminate/Broadcasting/Broadcasters/PusherBroadcaster.php:164)
[stacktrace]
#0 /home/aung/Project/Practice/laravel-pusher-chat/vendor/laravel/framework/src/Illuminate/Broadcasting/BroadcastEvent.php(92): Illuminate\\Broadcasting\\Broadcasters\\PusherBroadcaster->broadcast()
#1 /home/aung/Project/Practice/laravel-pusher-chat/vendor/laravel/framework/src/Illuminate/Container/BoundMethod.php(36): Illuminate\\Broadcasting\\BroadcastEvent->handle()
#2 /home/aung/Project/Practice/laravel-pusher-chat/vendor/laravel/framework/src/Illuminate/Container/Util.php(41): Illuminate\\Container\\BoundMethod::Illuminate\\Container\\{closure}()
#3 /home/aung/Project/Practice/laravel-pusher-chat/vendor/laravel/framework/src/Illuminate/Container/BoundMethod.php(93): Illuminate\\Container\\Util::unwrapIfClosure()
#4 /home/aung/Project/Practice/laravel-pusher-chat/vendor/laravel/framework/src/Illuminate/Container/BoundMethod.php(35): Illuminate\\Container\\BoundMethod::callBoundMethod()
#5 /home/aung/Project/Practice/laravel-pusher-chat/vendor/laravel/framework/src/Illuminate/Container/Container.php(662): Illuminate\\Container\\BoundMethod::call()
#6 /home/aung/Project/Practice/laravel-pusher-chat/vendor/laravel/framework/src/Illuminate/Bus/Dispatcher.php(128): Illuminate\\Container\\Container->call()
#7 /home/aung/Project/Practice/laravel-pusher-chat/vendor/laravel/framework/src/Illuminate/Pipeline/Pipeline.php(144): Illuminate\\Bus\\Dispatcher->Illuminate\\Bus\\{closure}()
#8 /home/aung/Project/Practice/laravel-pusher-chat/vendor/laravel/framework/src/Illuminate/Pipeline/Pipeline.php(119): Illuminate\\Pipeline\\Pipeline->Illuminate\\Pipeline\\{closure}()
#9 /home/aung/Project/Practice/laravel-pusher-chat/vendor/laravel/framework/src/Illuminate/Bus/Dispatcher.php(132): Illuminate\\Pipeline\\Pipeline->then()
#10 /home/aung/Project/Practice/laravel-pusher-chat/vendor/laravel/framework/src/Illuminate/Broadcasting/BroadcastManager.php(158): Illuminate\\Bus\\Dispatcher->dispatchNow()
#11 /home/aung/Project/Practice/laravel-pusher-chat/vendor/laravel/framework/src/Illuminate/Events/Dispatcher.php(357): Illuminate\\Broadcasting\\BroadcastManager->queue()
#12 /home/aung/Project/Practice/laravel-pusher-chat/vendor/laravel/framework/src/Illuminate/Events/Dispatcher.php(280): Illuminate\\Events\\Dispatcher->broadcastEvent()
#13 /home/aung/Project/Practice/laravel-pusher-chat/vendor/laravel/framework/src/Illuminate/Events/Dispatcher.php(266): Illuminate\\Events\\Dispatcher->invokeListeners()
#14 /home/aung/Project/Practice/laravel-pusher-chat/vendor/laravel/framework/src/Illuminate/Broadcasting/PendingBroadcast.php(72): Illuminate\\Events\\Dispatcher->dispatch()
#15 /home/aung/Project/Practice/laravel-pusher-chat/app/Http/Controllers/ChatMessageController.php(79): Illuminate\\Broadcasting\\PendingBroadcast->__destruct()
#16 /home/aung/Project/Practice/laravel-pusher-chat/app/Http/Controllers/ChatMessageController.php(65): App\\Http\\Controllers\\ChatMessageController->sendNotificationToOther()
#17 /home/aung/Project/Practice/laravel-pusher-chat/vendor/laravel/framework/src/Illuminate/Routing/Controller.php(54): App\\Http\\Controllers\\ChatMessageController->store()
#18 /home/aung/Project/Practice/laravel-pusher-chat/vendor/laravel/framework/src/Illuminate/Routing/ControllerDispatcher.php(43): Illuminate\\Routing\\Controller->callAction()
#19 /home/aung/Project/Practice/laravel-pusher-chat/vendor/laravel/framework/src/Illuminate/Routing/Route.php(259): Illuminate\\Routing\\ControllerDispatcher->dispatch()
#20 /home/aung/Project/Practice/laravel-pusher-chat/vendor/laravel/framework/src/Illuminate/Routing/Route.php(205): Illuminate\\Routing\\Route->runController()
#21 /home/aung/Project/Practice/laravel-pusher-chat/vendor/laravel/framework/src/Illuminate/Routing/Router.php(806): Illuminate\\Routing\\Route->run()
#22 /home/aung/Project/Practice/laravel-pusher-chat/vendor/laravel/framework/src/Illuminate/Pipeline/Pipeline.php(144): Illuminate\\Routing\\Router->Illuminate\\Routing\\{closure}()
#23 /home/aung/Project/Practice/laravel-pusher-chat/vendor/laravel/framework/src/Illuminate/Routing/Middleware/SubstituteBindings.php(50): Illuminate\\Pipeline\\Pipeline->Illuminate\\Pipeline\\{closure}()
#24 /home/aung/Project/Practice/laravel-pusher-chat/vendor/laravel/framework/src/Illuminate/Pipeline/Pipeline.php(183): Illuminate\\Routing\\Middleware\\SubstituteBindings->handle()
#25 /home/aung/Project/Practice/laravel-pusher-chat/vendor/laravel/framework/src/Illuminate/Routing/Middleware/ThrottleRequests.php(159): Illuminate\\Pipeline\\Pipeline->Illuminate\\Pipeline\\{closure}()
#26 /home/aung/Project/Practice/laravel-pusher-chat/vendor/laravel/framework/src/Illuminate/Routing/Middleware/ThrottleRequests.php(125): Illuminate\\Routing\\Middleware\\ThrottleRequests->handleRequest()
#27 /home/aung/Project/Practice/laravel-pusher-chat/vendor/laravel/framework/src/Illuminate/Routing/Middleware/ThrottleRequests.php(87): Illuminate\\Routing\\Middleware\\ThrottleRequests->handleRequestUsingNamedLimiter()
#28 /home/aung/Project/Practice/laravel-pusher-chat/vendor/laravel/framework/src/Illuminate/Pipeline/Pipeline.php(183): Illuminate\\Routing\\Middleware\\ThrottleRequests->handle()
#29 /home/aung/Project/Practice/laravel-pusher-chat/vendor/laravel/framework/src/Illuminate/Auth/Middleware/Authenticate.php(57): Illuminate\\Pipeline\\Pipeline->Illuminate\\Pipeline\\{closure}()
#30 /home/aung/Project/Practice/laravel-pusher-chat/vendor/laravel/framework/src/Illuminate/Pipeline/Pipeline.php(183): Illuminate\\Auth\\Middleware\\Authenticate->handle()
#31 /home/aung/Project/Practice/laravel-pusher-chat/vendor/laravel/framework/src/Illuminate/Pipeline/Pipeline.php(119): Illuminate\\Pipeline\\Pipeline->Illuminate\\Pipeline\\{closure}()
#32 /home/aung/Project/Practice/laravel-pusher-chat/vendor/laravel/framework/src/Illuminate/Routing/Router.php(805): Illuminate\\Pipeline\\Pipeline->then()
#33 /home/aung/Project/Practice/laravel-pusher-chat/vendor/laravel/framework/src/Illuminate/Routing/Router.php(784): Illuminate\\Routing\\Router->runRouteWithinStack()
#34 /home/aung/Project/Practice/laravel-pusher-chat/vendor/laravel/framework/src/Illuminate/Routing/Router.php(748): Illuminate\\Routing\\Router->runRoute()
#35 /home/aung/Project/Practice/laravel-pusher-chat/vendor/laravel/framework/src/Illuminate/Routing/Router.php(737): Illuminate\\Routing\\Router->dispatchToRoute()
#36 /home/aung/Project/Practice/laravel-pusher-chat/vendor/laravel/framework/src/Illuminate/Foundation/Http/Kernel.php(200): Illuminate\\Routing\\Router->dispatch()
#37 /home/aung/Project/Practice/laravel-pusher-chat/vendor/laravel/framework/src/Illuminate/Pipeline/Pipeline.php(144): Illuminate\\Foundation\\Http\\Kernel->Illuminate\\Foundation\\Http\\{closure}()
#38 /home/aung/Project/Practice/laravel-pusher-chat/vendor/laravel/framework/src/Illuminate/Foundation/Http/Middleware/TransformsRequest.php(21): Illuminate\\Pipeline\\Pipeline->Illuminate\\Pipeline\\{closure}()
#39 /home/aung/Project/Practice/laravel-pusher-chat/vendor/laravel/framework/src/Illuminate/Foundation/Http/Middleware/ConvertEmptyStringsToNull.php(31): Illuminate\\Foundation\\Http\\Middleware\\TransformsRequest->handle()
#40 /home/aung/Project/Practice/laravel-pusher-chat/vendor/laravel/framework/src/Illuminate/Pipeline/Pipeline.php(183): Illuminate\\Foundation\\Http\\Middleware\\ConvertEmptyStringsToNull->handle()
#41 /home/aung/Project/Practice/laravel-pusher-chat/vendor/laravel/framework/src/Illuminate/Foundation/Http/Middleware/TransformsRequest.php(21): Illuminate\\Pipeline\\Pipeline->Illuminate\\Pipeline\\{closure}()
#42 /home/aung/Project/Practice/laravel-pusher-chat/vendor/laravel/framework/src/Illuminate/Foundation/Http/Middleware/TrimStrings.php(40): Illuminate\\Foundation\\Http\\Middleware\\TransformsRequest->handle()
#43 /home/aung/Project/Practice/laravel-pusher-chat/vendor/laravel/framework/src/Illuminate/Pipeline/Pipeline.php(183): Illuminate\\Foundation\\Http\\Middleware\\TrimStrings->handle()
#44 /home/aung/Project/Practice/laravel-pusher-chat/vendor/laravel/framework/src/Illuminate/Foundation/Http/Middleware/ValidatePostSize.php(27): Illuminate\\Pipeline\\Pipeline->Illuminate\\Pipeline\\{closure}()
#45 /home/aung/Project/Practice/laravel-pusher-chat/vendor/laravel/framework/src/Illuminate/Pipeline/Pipeline.php(183): Illuminate\\Foundation\\Http\\Middleware\\ValidatePostSize->handle()
#46 /home/aung/Project/Practice/laravel-pusher-chat/vendor/laravel/framework/src/Illuminate/Foundation/Http/Middleware/PreventRequestsDuringMaintenance.php(99): Illuminate\\Pipeline\\Pipeline->Illuminate\\Pipeline\\{closure}()
#47 /home/aung/Project/Practice/laravel-pusher-chat/vendor/laravel/framework/src/Illuminate/Pipeline/Pipeline.php(183): Illuminate\\Foundation\\Http\\Middleware\\PreventRequestsDuringMaintenance->handle()
#48 /home/aung/Project/Practice/laravel-pusher-chat/vendor/laravel/framework/src/Illuminate/Http/Middleware/HandleCors.php(62): Illuminate\\Pipeline\\Pipeline->Illuminate\\Pipeline\\{closure}()
#49 /home/aung/Project/Practice/laravel-pusher-chat/vendor/laravel/framework/src/Illuminate/Pipeline/Pipeline.php(183): Illuminate\\Http\\Middleware\\HandleCors->handle()
#50 /home/aung/Project/Practice/laravel-pusher-chat/vendor/laravel/framework/src/Illuminate/Http/Middleware/TrustProxies.php(39): Illuminate\\Pipeline\\Pipeline->Illuminate\\Pipeline\\{closure}()
#51 /home/aung/Project/Practice/laravel-pusher-chat/vendor/laravel/framework/src/Illuminate/Pipeline/Pipeline.php(183): Illuminate\\Http\\Middleware\\TrustProxies->handle()
#52 /home/aung/Project/Practice/laravel-pusher-chat/vendor/laravel/framework/src/Illuminate/Pipeline/Pipeline.php(119): Illuminate\\Pipeline\\Pipeline->Illuminate\\Pipeline\\{closure}()
#53 /home/aung/Project/Practice/laravel-pusher-chat/vendor/laravel/framework/src/Illuminate/Foundation/Http/Kernel.php(175): Illuminate\\Pipeline\\Pipeline->then()
#54 /home/aung/Project/Practice/laravel-pusher-chat/vendor/laravel/framework/src/Illuminate/Foundation/Http/Kernel.php(144): Illuminate\\Foundation\\Http\\Kernel->sendRequestThroughRouter()
#55 /home/aung/Project/Practice/laravel-pusher-chat/public/index.php(51): Illuminate\\Foundation\\Http\\Kernel->handle()
#56 /home/aung/Project/Practice/laravel-pusher-chat/vendor/laravel/framework/src/Illuminate/Foundation/resources/server.php(16): require_once('...')
#57 {main}
"} 
